game_string,play_per_game,outcome,pop_time,exchange_time,flight_time,max_throw_speed_mph,p95_throw_speed_mph,avg_throw_speed_mph,throw_to_2b,arrival_dist_to_2b,pitch_time,catch_time,throw_time,receive_time,n_frames
y1_d061_VKA_PHD,43.0,,,,,,,,False,,1377914.0,1378364.0,,,
y1_d061_VKA_PHD,44.0,,,,,,,,False,,1397764.0,1398264.0,,,
y1_d061_VKA_PHD,45.0,,,,,,,,False,,1415264.0,1415814.0,,,
y1_d061_VKA_PHD,46.0,,,,,,,,False,,1432414.0,1432964.0,,,
y1_d061_VKA_PHD,47.0,,,,,,,,False,,1451964.0,1452414.0,,,
y1_d061_VKA_PHD,48.0,,,,,,,,False,,1481764.0,1482314.0,,,
y1_d061_VKA_PHD,65.0,,,,,,,,False,,2056664.0,2057164.0,,,
y1_d061_VKA_PHD,66.0,,,,,,,,False,,2074814.0,2075264.0,,,
y1_d061_VKA_PHD,67.0,,,,,,,,False,,2091214.0,2091714.0,,,
y1_d061_VKA_PHD,89.0,,,,,,,,False,,2870914.0,2871414.0,,,
y1_d061_VKA_PHD,90.0,,,,,,,,False,,2883914.0,2884464.0,,,
y1_d061_VKA_PHD,104.0,,,,,,,,False,,3323014.0,3323564.0,,,
y1_d061_VKA_PHD,106.0,,1.8,0.55,1.25,78.2156707089708,77.37382772859054,70.77587677515804,True,3.405884610181413,3377014.0,3377564.0,3378114.0,3379364.0,26
y1_d061_VKA_PHD,107.0,,,,,,,,False,,3407964.0,3408464.0,,,
y1_d061_VKA_PHD,108.0,,,,,,,,False,,3423264.0,3423714.0,,,
y1_d061_VKA_PHD,122.0,,,,,,,,False,,3819714.0,3820264.0,,,
y1_d061_VKA_PHD,127.0,,,,,,,,False,,4100664.0,4101164.0,,,
y1_d061_VKA_PHD,128.0,,,,,,,,False,,4119414.0,4119914.0,,,
y1_d061_VKA_PHD,130.0,,,,,,,,False,,4160164.0,4160614.0,,,
y1_d061_VKA_PHD,131.0,,,,,,,,False,,4183714.0,4184214.0,,,
y1_d061_VKA_PHD,133.0,,,,,,,,False,,4234114.0,4234614.0,,,
y1_d061_VKA_PHD,134.0,,,,,,,,False,,4259964.0,4260414.0,,,
y1_d061_VKA_PHD,135.0,,,,,,,,False,,4293664.0,4294214.0,,,
y1_d061_VKA_PHD,136.0,,,,,,,,False,,4317264.0,4317814.0,,,
y1_d061_VKA_PHD,200.0,,,,,,,,False,,6635614.0,6636164.0,,,
y1_d061_VKA_PHD,201.0,,,,,,,,False,,6652464.0,6653014.0,,,
y1_d061_VKA_PHD,202.0,,,,,,,,False,,6674764.0,6675314.0,,,
y1_d061_VKA_PHD,204.0,,,,,,,,False,,6745564.0,6746114.0,,,
y1_d061_VKA_PHD,206.0,,,,,,,,False,,6804964.0,6805564.0,,,
y1_d061_VKA_PHD,207.0,,,,,,,,False,,6826414.0,6826964.0,,,
y1_d061_VKA_PHD,208.0,,2.15,0.8,1.35,73.30828469263925,72.45789189256864,61.38826212684577,True,9.11176736405753,6851814.0,6852264.0,6853064.0,6854414.0,28
y1_d061_VKA_PHD,209.0,,,,,,,,False,,6964064.0,6964614.0,,,
y1_d061_VKA_PHD,211.0,,,,,,,,False,,7018614.0,7019164.0,,,
y1_d061_VKA_PHD,212.0,,,,,,,,False,,7039714.0,7040264.0,,,
y1_d061_VKA_PHD,213.0,,2.05,0.75,1.3,75.49335212699951,74.66853376178375,64.7913315488246,True,6.010174512330552,7066614.0,7067064.0,7067814.0,7069114.0,27
y1_d061_VKA_PHD,220.0,,,,,,,,False,,7481764.0,7482264.0,,,
y1_d062_VKA_PHD,44.0,,,,,,,,False,,1234634.0,1235084.0,,,
y1_d062_VKA_PHD,45.0,,,,,,,,False,,1251134.0,1251684.0,,,
y1_d062_VKA_PHD,46.0,,,,,,,,False,,1270284.0,1270734.0,,,
y1_d062_VKA_PHD,47.0,,,,,,,,False,,1288534.0,1289034.0,,,
y1_d062_VKA_PHD,49.0,,,,,,,,False,,1338384.0,1338934.0,,,
y1_d062_VKA_PHD,50.0,,,,,,,,False,,1376534.0,1377034.0,,,
y1_d062_VKA_PHD,52.0,,,,,,,,False,,1427734.0,1428234.0,,,
y1_d062_VKA_PHD,70.0,,,,,,,,False,,1932084.0,1932584.0,,,
y1_d062_VKA_PHD,71.0,,,,,,,,False,,1954784.0,1955284.0,,,
y1_d062_VKA_PHD,84.0,,,,,,,,False,,2242934.0,2243434.0,,,
y1_d062_VKA_PHD,92.0,,,,,,,,False,,2516784.0,2517284.0,,,
y1_d062_VKA_PHD,93.0,,,,,,,,False,,2536334.0,2536834.0,,,
y1_d062_VKA_PHD,95.0,,,,,,,,False,,2569084.0,2569584.0,,,
y1_d062_VKA_PHD,96.0,,,,,,,,False,,2587634.0,2588184.0,,,
y1_d062_VKA_PHD,97.0,,,,,,,,False,,2609034.0,2609534.0,,,
y1_d062_VKA_PHD,99.0,,,,,,,,False,,2656934.0,2657384.0,,,
y1_d062_VKA_PHD,125.0,,,,,,,,False,,3615484.0,3615934.0,,,
y1_d062_VKA_PHD,126.0,,,,,,,,False,,3638734.0,3639234.0,,,
y1_d062_VKA_PHD,127.0,,,,,,,,False,,3657984.0,3658484.0,,,
y1_d062_VKA_PHD,128.0,,,,,,,,False,,3676884.0,3677334.0,,,
y1_d062_VKA_PHD,135.0,,,,,,,,False,,3966684.0,3967234.0,,,
y1_d062_VKA_PHD,178.0,,,,,,,,False,,5221934.0,5222434.0,,,
y1_d062_VKA_PHD,179.0,,,,,,,,False,,5239184.0,5239684.0,,,
y1_d062_VKA_PHD,198.0,,,,,,,,False,,5851734.0,5852234.0,,,
y1_d062_VKA_PHD,204.0,,,,,,,,False,,6156084.0,6156534.0,,,
y1_d062_VKA_PHD,205.0,,,,,,,,False,,6178734.0,6179234.0,,,
y1_d062_VKA_PHD,206.0,,,,,,,,False,,6203334.0,6203784.0,,,
y1_d062_VKA_PHD,209.0,,,,,,,,False,,6302284.0,6302734.0,,,
y1_d062_VKA_PHD,212.0,,,,,,,,False,,6381284.0,,,,
y1_d062_VKA_PHD,229.0,,,,,,,,False,,7009084.0,7009634.0,,,
y1_d062_VKA_PHD,230.0,,,,,,,,False,,7031134.0,7035784.0,,,
y1_d062_VKA_PHD,232.0,,,,,,,,False,,7097384.0,7097884.0,,,
y1_d062_VKA_PHD,261.0,,,,,,,,False,,8443334.0,8443784.0,,,
y1_d062_VKA_PHD,270.0,,,,,,,,False,,8769584.0,8770034.0,,,
y1_d062_VKA_PHD,271.0,,,,,,,,False,,8785734.0,8786184.0,,,
y1_d062_VKA_PHD,272.0,,,,,,,,False,,8804834.0,8805234.0,,,
y1_d062_VKA_PHD,274.0,,,,,,,,False,,8862684.0,8863184.0,,,
y1_d062_VKA_PHD,275.0,,,,,,,,False,,8879984.0,8880484.0,,,
y1_d062_VKA_PHD,277.0,,,,,,,,False,,8919634.0,8920134.0,,,
y1_d062_VKA_PHD,278.0,,,,,,,,False,,8936634.0,8937134.0,,,
y1_d062_VKA_PHD,279.0,,,,,,,,False,,8956084.0,8956534.0,,,
y1_d062_VKA_PHD,281.0,,,,,,,,False,,9002184.0,9002634.0,,,
y1_d062_VKA_PHD,282.0,,,,,,,,False,,9033684.0,9034134.0,,,
y1_d062_VKA_PHD,285.0,,,,,,,,False,,9106584.0,9107084.0,,,
y1_d062_VKA_PHD,312.0,,,,,,,,False,,10055584.0,10056084.0,,,
y1_d062_VKA_PHD,313.0,,,,,,,,False,,10077484.0,10077984.0,,,
y1_d062_VKA_PHD,314.0,,,,,,,,False,,10101884.0,10102334.0,,,
y1_d062_VKA_PHD,317.0,,,,,,,,False,,10198484.0,10198984.0,,,
y1_d063_VKA_PHD,15.0,,,,,,,,False,,397165.0,397615.0,,,
y1_d063_VKA_PHD,45.0,,,,,,,,False,,1329865.0,1330365.0,,,
y1_d063_VKA_PHD,46.0,,,,,,,,False,,1372265.0,1372715.0,,,
y1_d063_VKA_PHD,47.0,,,,,,,,False,,1396515.0,1397015.0,,,
y1_d063_VKA_PHD,49.0,,,,,,,,False,,1464465.0,1464965.0,,,
y1_d063_VKA_PHD,50.0,,,,,,,,False,,1482315.0,1482815.0,,,
y1_d063_VKA_PHD,51.0,,,,,,,,False,,1497015.0,1497515.0,,,
y1_d063_VKA_PHD,77.0,,,,,,,,False,,2309915.0,2310415.0,,,
y1_d063_VKA_PHD,78.0,,,,,,,,False,,2329365.0,2329865.0,,,
y1_d063_VKA_PHD,140.0,,,,,,,,False,,4588615.0,4589115.0,,,
y1_d063_VKA_PHD,141.0,,,,,,,,False,,4605465.0,4605915.0,,,
y1_d063_VKA_PHD,142.0,,,,,,,,False,,4622965.0,4623415.0,,,
y1_d063_VKA_PHD,143.0,,,,,,,,False,,4643615.0,4644115.0,,,
y1_d063_VKA_PHD,155.0,,,,,,,,False,,5127315.0,5127815.0,,,
y1_d063_VKA_PHD,156.0,,,,,,,,False,,5144965.0,5145465.0,,,
y1_d063_VKA_PHD,157.0,,,,,,,,False,,5164465.0,5164965.0,,,
y1_d063_VKA_PHD,165.0,,,,,,,,False,,5491665.0,5492115.0,,,
y1_d063_VKA_PHD,199.0,,,,,,,,False,,6582765.0,6583265.0,,,
y1_d063_VKA_PHD,200.0,,,,,,,,False,,6597565.0,6598065.0,,,
y1_d063_VKA_PHD,201.0,,,,,,,,False,,6614815.0,6615265.0,,,
y1_d063_VKA_PHD,202.0,,,,,,,,False,,6635165.0,6635665.0,,,
y1_d063_VKA_PHD,205.0,,,,,,,,False,,6716315.0,6716815.0,,,
y1_d063_VKA_PHD,206.0,,,,,,,,False,,6733765.0,6734315.0,,,
y1_d063_VKA_PHD,207.0,,,,,,,,False,,6753265.0,6753715.0,,,
y1_d063_VKA_PHD,210.0,,,,,,,,False,,6847515.0,6848015.0,,,
y1_d063_VKA_PHD,211.0,,,,,,,,False,,6864565.0,6865065.0,,,
y1_d063_VKA_PHD,214.0,,,,,,,,False,,6934415.0,6934865.0,,,
y1_d063_VKA_PHD,245.0,,,,,,,,False,,8044965.0,8045465.0,,,
y1_d063_VKA_PHD,246.0,,,,,,,,False,,8064115.0,8064565.0,,,
y1_d063_VKA_PHD,247.0,,,,,,,,False,,8080265.0,8080715.0,,,
y1_d063_VKA_PHD,248.0,,,,,,,,False,,8102365.0,8102865.0,,,
y1_d063_VKA_PHD,250.0,,,,,,,,False,,8154015.0,8154515.0,,,
y1_d063_VKA_PHD,253.0,,,,,,,,False,,8223315.0,8226915.0,,,
y1_d063_VKA_PHD,255.0,,,,,,,,False,,8279615.0,8280065.0,,,
y1_d063_VKA_PHD,257.0,,,,,,,,False,,8328215.0,8328765.0,,,
y1_d064_VKA_PHD,11.0,,,,,,,,False,,308885.0,309413.0,,,
y1_d064_VKA_PHD,12.0,,,,,,,,False,,330830.0,331292.0,,,
y1_d064_VKA_PHD,13.0,,,,,,,,False,,353666.0,354161.0,,,
y1_d064_VKA_PHD,14.0,,,,,,,,False,,376370.0,376898.0,,,
y1_d064_VKA_PHD,16.0,,,,,,,,False,,424484.0,424946.0,,,
y1_d064_VKA_PHD,42.0,,,,,,,,False,,1150550.0,1151045.0,,,
y1_d064_VKA_PHD,43.0,,,,,,,,False,,1169195.0,1169723.0,,,
y1_d064_VKA_PHD,44.0,,,,,,,,False,,1187939.0,1188467.0,,,
y1_d064_VKA_PHD,45.0,,,,,,,,False,,1211997.0,1212459.0,,,
y1_d064_VKA_PHD,50.0,,,,,,,,False,,1355349.0,1355844.0,,,
y1_d064_VKA_PHD,54.0,,,,,,,,False,,1473126.0,1473654.0,,,
y1_d064_VKA_PHD,68.0,,,,,,,,False,,1985154.0,1985748.0,,,
y1_d064_VKA_PHD,69.0,,,,,,,,False,,2006109.0,2006571.0,,,
y1_d064_VKA_PHD,71.0,,,,,,,,False,,2063595.0,2064090.0,,,
y1_d064_VKA_PHD,72.0,,,,,,,,False,,2083791.0,2084286.0,,,
y1_d064_VKA_PHD,73.0,,,,,,,,False,,2103921.0,2104416.0,,,
y1_d064_VKA_PHD,76.0,,,,,,,,False,,2291131.0,2291626.0,,,
y1_d064_VKA_PHD,77.0,,,,,,,,False,,2308291.0,2308819.0,,,
y1_d064_VKA_PHD,78.0,,,,,,,,False,,2328157.0,2328652.0,,,
y1_d064_VKA_PHD,79.0,,,,,,,,False,,2346142.0,2346670.0,,,
y1_d064_VKA_PHD,80.0,,2.046,0.726,1.32,75.8957186710945,75.03709501568198,64.4454027409455,True,4.9395366197909505,2379142.0,2379670.0,2380396.0,2381716.0,41
y1_d064_VKA_PHD,81.0,,,,,,,,False,,2417620.0,2418148.0,,,
y1_d064_VKA_PHD,82.0,,,,,,,,False,,2440159.0,2440687.0,,,
y1_d064_VKA_PHD,83.0,,,,,,,,False,,2486260.0,2486755.0,,,
y1_d064_VKA_PHD,84.0,,,,,,,,False,,2511604.0,2512099.0,,,
y1_d064_VKA_PHD,86.0,,,,,,,,False,,2571004.0,2571466.0,,,
y1_d064_VKA_PHD,97.0,,,,,,,,False,,2942815.0,2943409.0,,,
y1_d064_VKA_PHD,98.0,,,,,,,,False,,2963011.0,2963572.0,,,
y1_d064_VKA_PHD,99.0,,,,,,,,False,,2982646.0,2983141.0,,,
y1_d064_VKA_PHD,102.0,,,,,,,,False,,3086167.0,3086728.0,,,
y1_d064_VKA_PHD,104.0,,,,,,,,False,,3142762.0,3143224.0,,,
y1_d064_VKA_PHD,121.0,,,,,,,,False,,3675053.0,3675515.0,,,
y1_d064_VKA_PHD,149.0,,,,,,,,False,,4716270.0,4716732.0,,,
y1_d064_VKA_PHD,151.0,,,,,,,,False,,4771479.0,4771941.0,,,
y1_d064_VKA_PHD,174.0,,,,,,,,False,,5483818.0,5484280.0,,,
y1_d064_VKA_PHD,176.0,,,,,,,,False,,5525926.0,5526388.0,,,
y1_d064_VKA_PHD,177.0,,2.046,0.792,1.254,78.02457038318619,77.03434878338399,68.77746512651632,True,3.093034674175958,5548300.0,5548828.0,5549620.0,5550874.0,39
y1_d064_VKA_PHD,186.0,,,,,,,,False,,5917966.0,5918428.0,,,
y1_d064_VKA_PHD,187.0,,,,,,,,False,,5936875.0,5937370.0,,,
y1_d064_VKA_PHD,188.0,,,,,,,,False,,5959744.0,5960206.0,,,
y1_d064_VKA_PHD,212.0,,,,,,,,False,,6823520.0,6823982.0,,,
y1_d064_VKA_PHD,213.0,,,,,,,,False,,6841967.0,6842429.0,,,
y1_d064_VKA_PHD,214.0,,,,,,,,False,,6862592.0,6863087.0,,,
y1_d064_VKA_PHD,247.0,,,,,,,,False,,8011818.0,8012280.0,,,
y1_d064_VKA_PHD,248.0,,,,,,,,False,,8029869.0,8030331.0,,,
y1_d064_VKA_PHD,257.0,,,,,,,,False,,8324560.0,8325022.0,,,
y1_d064_VKA_PHD,258.0,,,,,,,,False,,8346604.0,8347066.0,,,
y1_d064_VKA_PHD,259.0,,,,,,,,False,,8367856.0,8368351.0,,,
y1_d064_VKA_PHD,265.0,,,,,,,,False,,8640832.0,8641294.0,,,
y1_d064_VKA_PHD,266.0,,,,,,,,False,,8659642.0,8660104.0,,,
y1_d064_VKA_PHD,267.0,,,,,,,,False,,8680630.0,8681092.0,,,
y1_d064_VKA_PHD,268.0,,,,,,,,False,,8702344.0,8702806.0,,,
y1_d064_VKA_PHD,269.0,,,,,,,,False,,8721220.0,8721682.0,,,
y1_d064_VKA_PHD,271.0,,,,,,,,False,,8925226.0,8925721.0,,,
y1_d064_VKA_PHD,273.0,,,,,,,,False,,8973340.0,8973802.0,,,
y1_d065_VAS_PHD,11.0,,,,,,,,False,,206028.0,206490.0,,,
y1_d065_VAS_PHD,13.0,,,,,,,,False,,260940.0,261402.0,,,
y1_d065_VAS_PHD,14.0,,,,,,,,False,,279057.0,279552.0,,,
y1_d065_VAS_PHD,51.0,,,,,,,,False,,1494844.0,1495339.0,,,
y1_d065_VAS_PHD,53.0,,,,,,,,False,,1528339.0,1528834.0,,,
y1_d065_VAS_PHD,55.0,,,,,,,,False,,1725613.0,1726108.0,,,
y1_d065_VAS_PHD,61.0,,,,,,,,False,,1975390.0,1975885.0,,,
y1_d065_VAS_PHD,62.0,,,,,,,,False,,1995256.0,1995751.0,,,
y1_d065_VAS_PHD,63.0,,,,,,,,False,,2014891.0,2015353.0,,,
y1_d065_VAS_PHD,142.0,,,,,,,,False,,4512895.0,4513357.0,,,
y1_d065_VAS_PHD,143.0,,,,,,,,False,,4532200.0,4532695.0,,,
y1_d065_VAS_PHD,145.0,,,,,,,,False,,4588795.0,4589290.0,,,
y1_d065_VAS_PHD,147.0,,,,,,,,False,,4621366.0,4621828.0,,,
y1_d065_VAS_PHD,148.0,,,,,,,,False,,4639780.0,4640275.0,,,
y1_d065_VAS_PHD,162.0,,,,,,,,False,,5069276.0,5069738.0,,,
y1_d065_VAS_PHD,163.0,,,,,,,,False,,5087228.0,5087723.0,,,
y1_d065_VAS_PHD,164.0,,,,,,,,False,,5105180.0,5105642.0,,,
y1_d065_VAS_PHD,165.0,,,,,,,,False,,5123495.0,5123957.0,,,
y1_d065_VAS_PHD,166.0,,,,,,,,False,,5143658.0,5144120.0,,,
y1_d065_VAS_PHD,167.0,,,,,,,,False,,5162897.0,5163458.0,,,
y1_d065_VAS_PHD,176.0,,,,,,,,False,,5517845.0,5518373.0,,,
y1_d065_VAS_PHD,178.0,,,,,,,,False,,5565233.0,5565728.0,,,
y1_d065_VAS_PHD,179.0,,,,,,,,False,,5577575.0,5578070.0,,,
y1_d065_VAS_PHD,180.0,,,,,,,,False,,5595164.0,5595626.0,,,
y1_d065_VAS_PHD,182.0,,,,,,,,False,,5632355.0,5632883.0,,,
y1_d065_VAS_PHD,185.0,,,,,,,,False,,5843093.0,5843522.0,,,
y1_d065_VAS_PHD,186.0,,,,,,,,False,,5872199.0,5872661.0,,,
y1_d065_VAS_PHD,187.0,,,,,,,,False,,5889722.0,5890151.0,,,
y1_d065_VAS_PHD,188.0,,,,,,,,False,,5909918.0,5910413.0,,,
y1_d065_VAS_PHD,211.0,,,,,,,,False,,6734226.0,6734688.0,,,
y1_d065_VAS_PHD,212.0,,,,,,,,False,,6753432.0,6753894.0,,,
y1_d065_VAS_PHD,213.0,,,,,,,,False,,6779568.0,6780030.0,,,
y1_d065_VAS_PHD,218.0,,,,,,,,False,,6929652.0,6930114.0,,,
y1_d065_VAS_PHD,233.0,,,,,,,,False,,7876967.0,7877462.0,,,
y1_d065_VAS_PHD,234.0,,,,,,,,False,,7896272.0,7896800.0,,,
y1_d065_VAS_PHD,235.0,,,,,,,,False,,7926170.0,7926632.0,,,
y1_d065_VAS_PHD,236.0,,,,,,,,False,,7946531.0,7946993.0,,,
y1_d065_VAS_PHD,238.0,,,,,,,,False,,7990388.0,7990883.0,,,
y1_d065_VAS_PHD,240.0,,,,,,,,False,,8032892.0,8033387.0,,,
y1_d065_VAS_PHD,241.0,,,,,,,,False,,8049887.0,8050415.0,,,
y1_d065_VAS_PHD,242.0,,,,,,,,False,,8080709.0,8081171.0,,,
y1_d066_VAS_PHD,11.0,,,,,,,,False,,2997260.0,2997722.0,,,
y1_d066_VAS_PHD,12.0,,,,,,,,False,,3017159.0,3017621.0,,,
y1_d066_VAS_PHD,14.0,,,,,,,,False,,3054812.0,3055274.0,,,
y1_d066_VAS_PHD,18.0,Safe,2.013,0.726,1.287,78.54637205449677,77.60145597861323,68.98027895625397,True,0.9201846472283015,3168794.0,3169322.0,3170048.0,3171335.0,40
y1_d066_VAS_PHD,26.0,,,,,,,,False,,3493646.0,3494240.0,,,
y1_d066_VAS_PHD,28.0,,,,,,,,False,,3542849.0,3543344.0,,,
y1_d066_VAS_PHD,29.0,,,,,,,,False,,3558788.0,3559316.0,,,
y1_d066_VAS_PHD,30.0,,,,,,,,False,,3575717.0,3576146.0,,,
y1_d066_VAS_PHD,70.0,,,,,,,,False,,4881265.0,4881727.0,,,
y1_d066_VAS_PHD,71.0,,,,,,,,False,,4903672.0,4904134.0,,,
y1_d066_VAS_PHD,115.0,,,,,,,,False,,6368048.0,6368576.0,,,
y1_d066_VAS_PHD,119.0,,,,,,,,False,,6446621.0,6447083.0,,,
y1_d066_VAS_PHD,169.0,,,,,,,,False,,8307757.0,8308186.0,,,
y1_d066_VAS_PHD,170.0,,,,,,,,False,,8328745.0,8329207.0,,,
y1_d066_VAS_PHD,171.0,,,,,,,,False,,8351944.0,8352406.0,,,
y1_d066_VAS_PHD,172.0,,,,,,,,False,,8381446.0,8381941.0,,,
y1_d066_VAS_PHD,173.0,,,,,,,,False,,8400289.0,8400751.0,,,
y1_d066_VAS_PHD,174.0,,,,,,,,False,,8417647.0,8418076.0,,,
y1_d066_VAS_PHD,175.0,,,,,,,,False,,8437315.0,8437810.0,,,
y1_d066_VAS_PHD,176.0,,,,,,,,False,,8465827.0,8466289.0,,,
y1_d067.5_NLG_ANI,1.0,,,,,,,,False,,23131.0,23581.0,,,
y1_d067.5_NLG_ANI,3.0,,,,,,,,False,,61781.0,62231.0,,,
y1_d067.5_NLG_ANI,6.0,,,,,,,,False,,136431.0,137031.0,,,
y1_d067.5_NLG_ANI,17.0,,,,,,,,False,,532281.0,532731.0,,,
y1_d067.5_NLG_ANI,18.0,,,,,,,,False,,548681.0,549181.0,,,
y1_d067.5_NLG_ANI,19.0,,,,,,,,False,,567481.0,567931.0,,,
y1_d067.5_NLG_ANI,20.0,,,,,,,,False,,582231.0,582731.0,,,
y1_d067.5_NLG_ANI,21.0,,,,,,,,False,,608031.0,608531.0,,,
y1_d067.5_NLG_ANI,22.0,,,,,,,,False,,637181.0,637731.0,,,
y1_d067.5_NLG_ANI,23.0,,,,,,,,False,,658631.0,659131.0,,,
y1_d067.5_NLG_ANI,26.0,,,,,,,,False,,739781.0,740281.0,,,
y1_d067.5_NLG_ANI,27.0,,,,,,,,False,,755781.0,756331.0,,,
y1_d067.5_NLG_ANI,28.0,,,,,,,,False,,777481.0,777931.0,,,
y1_d067.5_NLG_ANI,29.0,,,,,,,,False,,795381.0,795831.0,,,
y1_d067.5_NLG_ANI,30.0,,,,,,,,False,,814881.0,815331.0,,,
y1_d067.5_NLG_ANI,48.0,,,,,,,,False,,1429131.0,1429581.0,,,
y1_d067.5_NLG_ANI,60.0,,,,,,,,False,,1800531.0,1801081.0,,,
y1_d067.5_NLG_ANI,96.0,,,,,,,,False,,3087831.0,3088281.0,,,
y1_d067.5_NLG_ANI,99.0,,,,,,,,False,,3166881.0,3167331.0,,,
y1_d067.5_NLG_ANI,100.0,,,,,,,,False,,3191081.0,3191581.0,,,
y1_d067.5_NLG_ANI,102.0,,,,,,,,False,,3248881.0,3249331.0,,,
y1_d067.5_NLG_ANI,104.0,,,,,,,,False,,3318331.0,3318781.0,,,
y1_d067.5_NLG_ANI,105.0,,,,,,,,False,,3341381.0,3341931.0,,,
y1_d067.5_NLG_ANI,130.0,,,,,,,,False,,4246881.0,4247331.0,,,
y1_d067.5_NLG_ANI,131.0,,,,,,,,False,,4270581.0,4271031.0,,,
y1_d067.5_NLG_ANI,132.0,,,,,,,,False,,4298681.0,4299131.0,,,
y1_d067.5_NLG_ANI,134.0,Safe,,1.85,,,,,False,,4362131.0,4362631.0,4364481.0,,
y1_d068_SQF_ARN,8.0,,,,,,,,False,,251097.0,251597.0,,,
y1_d068_SQF_ARN,9.0,,,,,,,,False,,273997.0,274547.0,,,
y1_d068_SQF_ARN,11.0,,,,,,,,False,,336597.0,337047.0,,,
y1_d068_SQF_ARN,14.0,,,,,,,,False,,418597.0,419147.0,,,
y1_d068_SQF_ARN,29.0,,,,,,,,False,,996997.0,997447.0,,,
y1_d068_SQF_ARN,30.0,,,,,,,,False,,1018547.0,1018997.0,,,
y1_d068_SQF_ARN,119.0,,,,,,,,False,,3822347.0,3822797.0,,,
y1_d068_SQF_ARN,120.0,,,,,,,,False,,3842897.0,3843447.0,,,
y1_d068_SQF_ARN,121.0,,,,,,,,False,,3874497.0,3874947.0,,,
y1_d068_SQF_ARN,122.0,,,,,,,,False,,3895497.0,3895997.0,,,
y1_d068_SQF_ARN,177.0,,,,,,,,False,,5808547.0,5809047.0,,,
y1_d068_SQF_ARN,178.0,,,,,,,,False,,5821047.0,5821547.0,,,
y1_d068_SQF_ARN,179.0,,,,,,,,False,,5833647.0,5834147.0,,,
y1_d068_SQF_ARN,180.0,,,,,,,,False,,5848147.0,5848647.0,,,
y1_d068_SQF_ARN,181.0,,,,,,,,False,,5876447.0,5876947.0,,,
y1_d068_SQF_ARN,182.0,,,,,,,,False,,5891647.0,5892147.0,,,
y1_d068_SQF_ARN,184.0,,,,,,,,False,,5940397.0,5940947.0,,,
y1_d068_SQF_ARN,185.0,,,,,,,,False,,5957847.0,5958347.0,,,
y1_d068_SQF_ARN,186.0,,,,,,,,False,,5975247.0,5975747.0,,,
y1_d068_SQF_ARN,187.0,,,,,,,,False,,6021347.0,6021897.0,,,
y1_d068_SQF_ARN,188.0,,,,,,,,False,,6034547.0,6035047.0,,,
y1_d068_SQF_ARN,189.0,,,,,,,,False,,6051647.0,6052147.0,,,
y1_d068_SQF_ARN,190.0,,,,,,,,False,,6069247.0,6069747.0,,,
y1_d068_SQF_ARN,191.0,,,,,,,,False,,6094347.0,6094847.0,,,
y1_d068_SQF_ARN,192.0,,,,,,,,False,,6112897.0,6113397.0,,,
y1_d068_SQF_ARN,209.0,,,,,,,,False,,6628597.0,6629147.0,,,
y1_d068_SQF_ARN,210.0,,,,,,,,False,,6643947.0,6644397.0,,,
y1_d068_SQF_ARN,222.0,,,,,,,,False,,7136847.0,7137347.0,,,
y1_d068_SQF_ARN,224.0,,,,,,,,False,,7179847.0,7180347.0,,,
y1_d068_SQF_ARN,244.0,,,,,,,,False,,7970497.0,7970947.0,,,
y1_d068_SQF_ARN,246.0,,,,,,,,False,,8026747.0,8027197.0,,,
y1_d068_SQF_ARN,247.0,,,,,,,,False,,8050547.0,8051047.0,,,
y1_d068_SQF_ARN,248.0,,,,,,,,False,,8086297.0,8086747.0,,,
y1_d068_SQF_ARN,251.0,,,,,,,,False,,8171047.0,8171547.0,,,
y1_d068_SQF_ARN,252.0,,,,,,,,False,,8205597.0,8206097.0,,,
y1_d068_SQF_ARN,326.0,,,,,,,,False,,10583447.0,10583897.0,,,
y1_d068_SQF_ARN,327.0,,,,,,,,False,,10603047.0,10603497.0,,,
y1_d068_SQF_ARN,329.0,,,,,,,,False,,10643497.0,10643997.0,,,
y1_d068_SQF_ARN,330.0,,,,,,,,False,,10663097.0,10663597.0,,,
y1_d068_SQF_ARN,331.0,,,,,,,,False,,10708647.0,10709097.0,,,
y1_d068_SQF_ARN,333.0,,,,,,,,False,,10755447.0,10755997.0,,,
y1_d068_SQF_ARN,352.0,,,,,,,,False,,11333197.0,11333697.0,,,
y1_d068_SQF_ARN,353.0,,,,,,,,False,,11355347.0,11355847.0,,,
y1_d068_SQF_ARN,354.0,,,,,,,,False,,11390397.0,11390897.0,,,
y1_d068_SQF_ARN,355.0,,,,,,,,False,,11416847.0,11417397.0,,,
y1_d068_SQF_ARN,374.0,,,,,,,,False,,11941347.0,11941847.0,,,
y1_d068_SQF_ARN,376.0,,,,,,,,False,,11988497.0,11988997.0,,,
y1_d069_SQF_ARN,16.0,,,,,,,,False,,355521.0,355971.0,,,
y1_d069_SQF_ARN,17.0,,,,,,,,False,,373721.0,374271.0,,,
y1_d069_SQF_ARN,18.0,,,,,,,,False,,391071.0,391571.0,,,
y1_d069_SQF_ARN,19.0,,,,,,,,False,,412571.0,415721.0,,,
y1_d069_SQF_ARN,21.0,,,,,,,,False,,484621.0,485171.0,,,
y1_d069_SQF_ARN,27.0,,,,,,,,False,,824521.0,824971.0,,,
y1_d069_SQF_ARN,29.0,,,,,,,,False,,880221.0,880721.0,,,
y1_d069_SQF_ARN,31.0,,,,,,,,False,,938021.0,938471.0,,,
y1_d069_SQF_ARN,32.0,,,,,,,,False,,955221.0,955671.0,,,
y1_d069_SQF_ARN,33.0,,,,,,,,False,,975771.0,976271.0,,,
y1_d069_SQF_ARN,34.0,,,,,,,,False,,1008321.0,1008821.0,,,
y1_d069_SQF_ARN,35.0,,,,,,,,False,,1033721.0,1034221.0,,,
y1_d069_SQF_ARN,63.0,,,,,,,,False,,1864671.0,1865171.0,,,
y1_d069_SQF_ARN,64.0,,,,,,,,False,,1883071.0,1883521.0,,,
y1_d069_SQF_ARN,101.0,,,,,,,,False,,3201671.0,3202121.0,,,
y1_d069_SQF_ARN,102.0,,,,,,,,False,,3220521.0,3220971.0,,,
y1_d069_SQF_ARN,105.0,,,,,,,,False,,3312971.0,3313471.0,,,
y1_d069_SQF_ARN,106.0,,,,,,,,False,,3345121.0,3345671.0,,,
y1_d069_SQF_ARN,109.0,,,,,,,,False,,3428221.0,3428771.0,,,
y1_d069_SQF_ARN,110.0,,,,,,,,False,,3451771.0,3452271.0,,,
y1_d069_SQF_ARN,112.0,,,,,,,,False,,3506171.0,3506621.0,,,
y1_d069_SQF_ARN,122.0,,,,,,,,False,,3822221.0,3822721.0,,,
y1_d069_SQF_ARN,123.0,,,,,,,,False,,3839471.0,3839921.0,,,
y1_d069_SQF_ARN,152.0,,,,,,,,False,,5001071.0,5001521.0,,,
y1_d069_SQF_ARN,153.0,,,,,,,,False,,5027021.0,5027571.0,,,
y1_d069_SQF_ARN,154.0,,,,,,,,False,,5048621.0,5049121.0,,,
y1_d069_SQF_ARN,155.0,,,,,,,,False,,5074471.0,5075021.0,,,
y1_d069_SQF_ARN,156.0,,,,,,,,False,,5104171.0,5104721.0,,,
y1_d070_SQF_ARN,32.0,,,,,,,,False,,837085.0,837547.0,,,
y1_d070_SQF_ARN,33.0,,,,,,,,False,,854476.0,854971.0,,,
y1_d070_SQF_ARN,35.0,,,,,,,,False,,901402.0,901864.0,,,
y1_d070_SQF_ARN,36.0,,,,,,,,False,,923809.0,924304.0,,,
y1_d070_SQF_ARN,37.0,,,,,,,,False,,948361.0,948823.0,,,
y1_d070_SQF_ARN,41.0,,,,,,,,False,,1152235.0,1152697.0,,,
y1_d070_SQF_ARN,42.0,,,,,,,,False,,1173520.0,1174015.0,,,
y1_d070_SQF_ARN,44.0,,,,,,,,False,,1219027.0,1219522.0,,,
y1_d070_SQF_ARN,46.0,,,,,,,,False,,1263842.0,1264337.0,,,
y1_d070_SQF_ARN,49.0,,,,,,,,False,,1338851.0,1339313.0,,,
y1_d070_SQF_ARN,75.0,,,,,,,,False,,2283180.0,2283642.0,,,
y1_d070_SQF_ARN,151.0,,,,,,,,False,,4792601.0,4793063.0,,,
y1_d070_SQF_ARN,152.0,,,,,,,,False,,4814942.0,4815437.0,,,
y1_d070_SQF_ARN,155.0,,,,,,,,False,,4935095.0,4935590.0,,,
y1_d070_SQF_ARN,157.0,,,,,,,,False,,4992845.0,4993307.0,,,
y1_d070_SQF_ARN,158.0,,,,,,,,False,,5016770.0,5017265.0,,,
y1_d070_SQF_ARN,167.0,,1.914,0.693,1.221,78.48902793302574,77.67826990280815,71.1980306505687,True,3.549316516833023,5358618.0,5359080.0,5359773.0,5360994.0,38
y1_d070_SQF_ARN,168.0,,,,,,,,False,,5400000.0,5400495.0,,,
y1_d070_SQF_ARN,169.0,,,,,,,,False,,5424387.0,5424882.0,,,
y1_d070_SQF_ARN,170.0,,,,,,,,False,,5485701.0,5486163.0,,,
y1_d070_SQF_ARN,171.0,,,,,,,,False,,5512200.0,5512695.0,,,
y1_d070_SQF_ARN,172.0,,,1.683,,,,,False,,5537940.0,5539887.0,5541570.0,,
y1_d070_SQF_ARN,177.0,,,,,,,,False,,5718582.0,5719110.0,,,
y1_d070_SQF_ARN,186.0,,,,,,,,False,,6072936.0,6073398.0,,,
y1_d070_SQF_ARN,188.0,,,,,,,,False,,6128244.0,6128739.0,,,
y1_d070_SQF_ARN,190.0,,,,,,,,False,,6201966.0,6202461.0,,,
y1_d070_SQF_ARN,191.0,,,,,,,,False,,6222855.0,6223350.0,,,
y1_d070_SQF_ARN,193.0,,,,,,,,False,,6265030.0,6265492.0,,,
y1_d070_SQF_ARN,194.0,,,,,,,,False,,6291628.0,6292090.0,,,
y1_d070_SQF_ARN,227.0,,,,,,,,False,,7448609.0,7449104.0,,,
y1_d070_SQF_ARN,228.0,,,,,,,,False,,7466363.0,7466825.0,,,
y1_d070_SQF_ARN,229.0,,,,,,,,False,,7487516.0,7487978.0,,,
y1_d070_SQF_ARN,230.0,,,,,,,,False,,7522034.0,7522529.0,,,
y1_d070_SQF_ARN,235.0,,,,,,,,False,,7804679.0,7805141.0,,,
y1_d070_SQF_ARN,236.0,,,,,,,,False,,7828208.0,7828736.0,,,
y1_d070_SQF_ARN,237.0,,,,,,,,False,,7861208.0,7861736.0,,,
y1_d070_SQF_ARN,238.0,,,,,,,,False,,7909586.0,7910147.0,,,
y1_d070_SQF_ARN,241.0,,,3.102,,,,,False,,8010863.0,8011391.0,8014493.0,,
y1_d070_SQF_ARN,250.0,,,,,,,,False,,8335386.0,8335914.0,,,
y1_d070_SQF_ARN,252.0,,,,,,,,False,,8427588.0,8428050.0,,,
y1_d070_SQF_ARN,253.0,,,,,,,,False,,8439633.0,8440128.0,,,
y1_d070_SQF_ARN,254.0,,,,,,,,False,,8453328.0,8453823.0,,,
y1_d070_SQF_ARN,255.0,,,,,,,,False,,8475009.0,8475471.0,,,
y1_d070_SQF_ARN,256.0,,,,,,,,False,,8489562.0,8490024.0,,,
y1_d070_SQF_ARN,257.0,,,,,,,,False,,8501079.0,8501607.0,,,
y1_d070_SQF_ARN,258.0,,,,,,,,False,,8533881.0,8534442.0,,,
y1_d070_SQF_ARN,261.0,,,,,,,,False,,8589849.0,8590311.0,,,
y1_d070_SQF_ARN,262.0,,,,,,,,False,,8614632.0,8615160.0,,,
y1_d070_SQF_ARN,267.0,,,,,,,,False,,8846754.0,8847216.0,,,
y1_d070_SQF_ARN,268.0,,,,,,,,False,,8866785.0,8867247.0,,,
y1_d070_SQF_ARN,269.0,,,,,,,,False,,8888004.0,8888466.0,,,
y1_d070_SQF_ARN,270.0,,,,,,,,False,,8907342.0,8907804.0,,,
y1_d070_SQF_ARN,271.0,,,,,,,,False,,8930046.0,8930508.0,,,
y1_d070_SQF_ARN,283.0,,,,,,,,False,,9380497.0,9380959.0,,,
y1_d070_SQF_ARN,284.0,,,,,,,,False,,9409801.0,9410329.0,,,
y1_d070_SQF_ARN,285.0,,,,,,,,False,,9436102.0,,,,
y1_d070_SQF_ARN,339.0,,,,,,,,False,,11154479.0,11154941.0,,,
y1_d071_SQF_ARN,10.0,,,,,,,,False,,246484.0,246979.0,,,
y1_d071_SQF_ARN,11.0,,,,,,,,False,,261532.0,262027.0,,,
y1_d071_SQF_ARN,12.0,,,,,,,,False,,283543.0,284104.0,,,
y1_d071_SQF_ARN,25.0,,,,,,,,False,,841277.0,841772.0,,,
y1_d071_SQF_ARN,26.0,,,,,,,,False,,860318.0,860813.0,,,
y1_d071_SQF_ARN,42.0,,,,,,,,False,,1462007.0,1462568.0,,,
y1_d071_SQF_ARN,44.0,,,,,,,,False,,1515368.0,1515929.0,,,
y1_d071_SQF_ARN,45.0,,,,,,,,False,,1541636.0,1542164.0,,,
y1_d071_SQF_ARN,46.0,,,,,,,,False,,1571567.0,1572062.0,,,
y1_d071_SQF_ARN,57.0,,,,,,,,False,,1980504.0,1981032.0,,,
y1_d071_SQF_ARN,74.0,,,,,,,,False,,2590212.0,2590674.0,,,
y1_d071_SQF_ARN,75.0,,,,,,,,False,,2606679.0,2607174.0,,,
y1_d071_SQF_ARN,78.0,,,,,,,,False,,2678025.0,2678586.0,,,
y1_d071_SQF_ARN,79.0,,,,,,,,False,,2715183.0,2715678.0,,,
y1_d071_SQF_ARN,80.0,,,,,,,,False,,2736138.0,2736633.0,,,
y1_d071_SQF_ARN,81.0,,,,,,,,False,,2761482.0,2761944.0,,,
y1_d071_SQF_ARN,82.0,,,,,,,,False,,2792601.0,2793195.0,,,
y1_d071_SQF_ARN,83.0,,,,,,,,False,,2812401.0,2812962.0,,,
y1_d071_SQF_ARN,86.0,,,,,,,,False,,2886850.0,2887411.0,,,
y1_d071_SQF_ARN,113.0,,,,,,,,False,,3582061.0,3582523.0,,,
y1_d071_SQF_ARN,114.0,,,,,,,,False,,3599320.0,3599782.0,,,
y1_d071_SQF_ARN,115.0,,,,,,,,False,,3617569.0,3618163.0,,,
y1_d071_SQF_ARN,117.0,,,,,,,,False,,3696934.0,3697429.0,,,
y1_d071_SQF_ARN,118.0,,,,,,,,False,,3716503.0,3717064.0,,,
y1_d071_SQF_ARN,120.0,,,,,,,,False,,3756598.0,3757093.0,,,
y1_d071_SQF_ARN,121.0,,,,,,,,False,,3783394.0,3783922.0,,,
y1_d071_SQF_ARN,127.0,,,,,,,,False,,3956513.0,3957041.0,,,
y1_d071_SQF_ARN,154.0,,,,,,,,False,,4924701.0,4925196.0,,,
y1_d071_SQF_ARN,155.0,,,,,,,,False,,4939254.0,4939749.0,,,
y1_d071_SQF_ARN,161.0,,,,,,,,False,,5163786.0,5164281.0,,,
y1_d071_SQF_ARN,162.0,,,,,,,,False,,5184807.0,5185302.0,,,
y1_d071_SQF_ARN,168.0,,,,,,,,False,,5334396.0,5334924.0,,,
y1_d071_SQF_ARN,170.0,,,,,,,,False,,5400132.0,5400627.0,,,
y1_d071_SQF_ARN,171.0,,,,,,,,False,,5418711.0,5419206.0,,,
y1_d071_SQF_ARN,172.0,,,,,,,,False,,5439567.0,5440095.0,,,
y1_d071_SQF_ARN,174.0,,,,,,,,False,,5497878.0,5498373.0,,,
y1_d071_SQF_ARN,210.0,,,,,,,,False,,6803689.0,6804151.0,,,
y1_d071_SQF_ARN,211.0,,,,,,,,False,,6828539.0,6829001.0,,,
y1_d071_SQF_ARN,213.0,,,,,,,,False,,6897212.0,6897707.0,,,
y1_d071_SQF_ARN,214.0,,,,,,,,False,,6918002.0,6918464.0,,,
y1_d071_SQF_ARN,215.0,,,,,,,,False,,6940442.0,6940904.0,,,
y1_d071_SQF_ARN,220.0,,,,,,,,False,,7123559.0,7124120.0,,,
y1_d071_SQF_ARN,221.0,,,,,,,,False,,7144976.0,7145438.0,,,
y1_d071_SQF_ARN,222.0,,,,,,,,False,,7169627.0,7170089.0,,,
y1_d071_SQF_ARN,223.0,,,,,,,,False,,7194740.0,7195235.0,,,
y1_d071_SQF_ARN,225.0,,,,,,,,False,,7262291.0,7262786.0,,,
y1_d071_SQF_ARN,226.0,,,,,,,,False,,7282850.0,7283378.0,,,
y1_d071_SQF_ARN,227.0,,,,,,,,False,,7304564.0,7305092.0,,,
y1_d071_SQF_ARN,229.0,,,,,,,,False,,7487813.0,7488308.0,,,
y1_d071_SQF_ARN,230.0,,,,,,,,False,,7503587.0,7504082.0,,,
y1_d071_SQF_ARN,236.0,,,,,,,,False,,7757423.0,7757885.0,,,
y1_d071_SQF_ARN,275.0,,,,,,,,False,,9095014.0,9095509.0,,,
y1_d071_SQF_ARN,276.0,,,,,,,,False,,9125473.0,9126001.0,,,
y1_d071_SQF_ARN,277.0,,,,,,,,False,,9150883.0,9151378.0,,,
y1_d071_SQF_ARN,278.0,,1.815,0.66,1.155,81.34417762306178,80.54434280577935,74.00146489345993,True,5.002056921467762,9174247.0,9174742.0,9175402.0,9176557.0,36
y1_d071_SQF_ARN,279.0,,,,,,,,False,,9206785.0,9207313.0,,,
y1_d071_SQF_ARN,280.0,,,,,,,,False,,9228895.0,9229390.0,,,
y1_d071_SQF_ARN,281.0,,,,,,,,False,,9261664.0,9262192.0,,,
y1_d071_SQF_ARN,286.0,,,,,,,,False,,9368122.0,9368650.0,,,
y1_d072_URD_ARN,13.0,,,,,,,,False,,273676.0,274226.0,,,
y1_d072_URD_ARN,14.0,,,,,,,,False,,288626.0,289126.0,,,
y1_d072_URD_ARN,15.0,,,,,,,,False,,306376.0,306926.0,,,
y1_d072_URD_ARN,16.0,,,,,,,,False,,332276.0,332776.0,,,
y1_d072_URD_ARN,17.0,,,,,,,,False,,360476.0,360976.0,,,
y1_d072_URD_ARN,18.0,,,,,,,,False,,381476.0,381976.0,,,
y1_d072_URD_ARN,24.0,,,,,,,,False,,640476.0,640976.0,,,
y1_d072_URD_ARN,27.0,,,,,,,,False,,724276.0,724776.0,,,
y1_d072_URD_ARN,29.0,,,,,,,,False,,775776.0,776226.0,,,
y1_d072_URD_ARN,38.0,,,,,,,,False,,1079126.0,1079626.0,,,
y1_d072_URD_ARN,39.0,,,,,,,,False,,1093926.0,1094476.0,,,
y1_d072_URD_ARN,44.0,,,,,,,,False,,1228826.0,1229326.0,,,
y1_d072_URD_ARN,72.0,,,,,,,,False,,2017426.0,2017926.0,,,
y1_d072_URD_ARN,74.0,,,,,,,,False,,2059226.0,2059776.0,,,
y1_d072_URD_ARN,75.0,,,,,,,,False,,2079226.0,2079776.0,,,
y1_d072_URD_ARN,83.0,,,,,,,,False,,2290376.0,2290926.0,,,
y1_d072_URD_ARN,84.0,,,,,,,,False,,2307676.0,2308226.0,,,
y1_d072_URD_ARN,85.0,,,,,,,,False,,2327626.0,2328076.0,,,
y1_d072_URD_ARN,87.0,,,,,,,,False,,2376776.0,2377226.0,,,
y1_d072_URD_ARN,89.0,,,,,,,,False,,2427076.0,2427526.0,,,
y1_d072_URD_ARN,108.0,,,,,,,,False,,3027176.0,3027776.0,,,
y1_d072_URD_ARN,112.0,,,,,,,,False,,3122626.0,3123126.0,,,
y1_d072_URD_ARN,113.0,,,,,,,,False,,3135226.0,3135776.0,,,
y1_d072_URD_ARN,114.0,,,,,,,,False,,3149426.0,3150026.0,,,
y1_d072_URD_ARN,115.0,,,,,,,,False,,3164676.0,3165176.0,,,
y1_d072_URD_ARN,116.0,,,0.65,,,,,False,,3179876.0,3182376.0,3183026.0,,
y1_d072_URD_ARN,168.0,,,,,,,,False,,4566926.0,4567426.0,,,
y1_d072_URD_ARN,169.0,,,,,,,,False,,4586676.0,4587226.0,,,
y1_d072_URD_ARN,170.0,,,,,,,,False,,4605976.0,4606426.0,,,
y1_d072_URD_ARN,172.0,,,,,,,,False,,4651026.0,4651476.0,,,
y1_d072_URD_ARN,182.0,,,,,,,,False,,5005676.0,5006176.0,,,
y1_d072_URD_ARN,185.0,,,,,,,,False,,5068576.0,5069126.0,,,
y1_d072_URD_ARN,186.0,,,,,,,,False,,5085676.0,5086276.0,,,
y1_d072_URD_ARN,188.0,,,,,,,,False,,5142876.0,5143426.0,,,
y1_d072_URD_ARN,211.0,,,0.75,,,,,False,,5951676.0,5952176.0,5952926.0,,
y1_d072_URD_ARN,213.0,,,,,,,,False,,5977826.0,5978276.0,,,
y1_d072_URD_ARN,214.0,,,0.85,,,,,False,,5999176.0,5999626.0,6000476.0,,
y1_d072_URD_ARN,233.0,,,,,,,,False,,6524826.0,6525376.0,,,
y1_d072_URD_ARN,235.0,,,,,,,,False,,6574776.0,6575276.0,,,
y1_d072_URD_ARN,236.0,,,,,,,,False,,6590676.0,6591126.0,,,
y1_d072_URD_ARN,237.0,,,0.75,,,,,False,,6608076.0,6608576.0,6609326.0,,
y1_d072_URD_ARN,250.0,,,,,,,,False,,7162176.0,7162676.0,,,
y1_d072_URD_ARN,251.0,,,,,,,,False,,7176476.0,7181776.0,,,
y1_d072_URD_ARN,252.0,,,,,,,,False,,7216226.0,7216776.0,,,
y1_d072_URD_ARN,284.0,,,,,,,,False,,8146876.0,8147376.0,,,
y1_d072_URD_ARN,285.0,,,,,,,,False,,8161676.0,8162126.0,,,
y1_d072_URD_ARN,319.0,,,,,,,,False,,9488276.0,9488726.0,,,
y1_d072_URD_ARN,322.0,,,,,,,,False,,9549476.0,9549976.0,,,
y1_d072_URD_ARN,336.0,,,,,,,,False,,10226276.0,10226776.0,,,
y1_d072_URD_ARN,337.0,,,,,,,,False,,10250226.0,10250676.0,,,
y1_d072_URD_ARN,338.0,,,,,,,,False,,10275476.0,10275926.0,,,
y1_d072_URD_ARN,340.0,,,,,,,,False,,10332776.0,10338426.0,,,
y1_d072_XPO_PHD,57.0,,,,,,,,False,,1624784.0,1625284.0,,,
y1_d072_XPO_PHD,58.0,,,,,,,,False,,1640384.0,1640884.0,,,
y1_d072_XPO_PHD,59.0,,,,,,,,False,,1655484.0,1655984.0,,,
y1_d072_XPO_PHD,60.0,,,,,,,,False,,1673384.0,1673884.0,,,
y1_d072_XPO_PHD,61.0,,,,,,,,False,,1698384.0,1698934.0,,,
y1_d072_XPO_PHD,73.0,,,,,,,,False,,2088434.0,2088934.0,,,
y1_d072_XPO_PHD,74.0,,,,,,,,False,,2106434.0,2106884.0,,,
y1_d072_XPO_PHD,75.0,,,,,,,,False,,2126034.0,2126534.0,,,
y1_d072_XPO_PHD,76.0,,,,,,,,False,,2149684.0,2150134.0,,,
y1_d072_XPO_PHD,77.0,,,,,,,,False,,2171084.0,2171534.0,,,
y1_d072_XPO_PHD,78.0,,,,,,,,False,,2209484.0,2209984.0,,,
y1_d072_XPO_PHD,86.0,,,,,,,,False,,2427234.0,2427684.0,,,
y1_d072_XPO_PHD,102.0,,,,,,,,False,,2892184.0,2892684.0,,,
y1_d072_XPO_PHD,104.0,,,,,,,,False,,2962934.0,2963434.0,,,
y1_d072_XPO_PHD,105.0,,,,,,,,False,,2979534.0,2980134.0,,,
y1_d072_XPO_PHD,143.0,,,,,,,,False,,4130284.0,4130834.0,,,
y1_d072_XPO_PHD,144.0,,,,,,,,False,,4149884.0,4150384.0,,,
y1_d072_XPO_PHD,171.0,,,,,,,,False,,5128534.0,5129084.0,,,
y1_d072_XPO_PHD,172.0,,,,,,,,False,,5166984.0,5167484.0,,,
y1_d072_XPO_PHD,173.0,,,,,,,,False,,5187534.0,5188084.0,,,
y1_d072_XPO_PHD,174.0,,,,,,,,False,,5212384.0,5212884.0,,,
y1_d072_XPO_PHD,176.0,,,,,,,,False,,5282634.0,5283134.0,,,
y1_d072_XPO_PHD,177.0,,,,,,,,False,,5311084.0,5311534.0,,,
y1_d072_XPO_PHD,198.0,,,,,,,,False,,5926934.0,5927434.0,,,
y1_d072_XPO_PHD,200.0,,,,,,,,False,,5992884.0,5993434.0,,,
y1_d072_XPO_PHD,201.0,,,,,,,,False,,6009334.0,6009884.0,,,
y1_d072_XPO_PHD,202.0,,,,,,,,False,,6036784.0,6037284.0,,,
y1_d072_XPO_PHD,203.0,,,,,,,,False,,6054434.0,6054884.0,,,
y1_d072_XPO_PHD,204.0,,,,,,,,False,,6071534.0,6072034.0,,,
y1_d072_XPO_PHD,217.0,,,,,,,,False,,6611284.0,6611784.0,,,
y1_d072_XPO_PHD,218.0,,,,,,,,False,,6630184.0,6630734.0,,,
y1_d072_XPO_PHD,219.0,,,,,,,,False,,6649034.0,6649534.0,,,
y1_d072_XPO_PHD,220.0,,,,,,,,False,,6668584.0,6669034.0,,,
y1_d072_XPO_PHD,221.0,,,,,,,,False,,6690734.0,6691234.0,,,
y1_d072_XPO_PHD,238.0,,,,,,,,False,,7310784.0,7311234.0,,,
y1_d072_XPO_PHD,239.0,,,,,,,,False,,7338484.0,,,,
y1_d072_XPO_PHD,240.0,,,,,,,,False,,7372134.0,7372634.0,,,
y1_d072_XPO_PHD,241.0,,,,,,,,False,,7395534.0,7396034.0,,,
y1_d072_XPO_PHD,242.0,,,,,,,,False,,7417834.0,7418284.0,,,
y1_d072_XPO_PHD,258.0,,,,,,,,False,,7931234.0,7931784.0,,,
y1_d072_XPO_PHD,259.0,,,,,,,,False,,7951234.0,7951684.0,,,
y1_d072_XPO_PHD,261.0,,,,,,,,False,,7992934.0,7993434.0,,,
y1_d072_XPO_PHD,263.0,,,,,,,,False,,8039484.0,8040034.0,,,
y1_d072_XPO_PHD,314.0,,,,,,,,False,,9837384.0,9837834.0,,,
y1_d072_XPO_PHD,315.0,,,,,,,,False,,9873134.0,9873734.0,,,
y1_d072_XPO_PHD,316.0,,,,,,,,False,,9890834.0,9891384.0,,,
y1_d072_XPO_PHD,323.0,,,,,,,,False,,10235934.0,10236384.0,,,
y1_d072_XPO_PHD,324.0,,,,,,,,False,,10256784.0,10257284.0,,,
y1_d072_XPO_PHD,327.0,,,,,,,,False,,10356734.0,10357184.0,,,
y1_d072_XPO_PHD,329.0,,,,,,,,False,,10393584.0,10394084.0,,,
y1_d072_XPO_PHD,332.0,,,,,,,,False,,10476334.0,10476834.0,,,
y1_d073_XPO_PHD,41.0,,,,,,,,False,,1216223.0,1216673.0,,,
y1_d073_XPO_PHD,43.0,,,,,,,,False,,1263623.0,1264123.0,,,
y1_d073_XPO_PHD,44.0,,,,,,,,False,,1285423.0,1285923.0,,,
y1_d073_XPO_PHD,55.0,,,,,,,,False,,1654773.0,1655323.0,,,
y1_d073_XPO_PHD,56.0,"Out (inning-ending, verify)",1.95,0.65,1.3,72.85746262573694,71.99716868894828,65.25910019451058,True,3.2359584809630726,1669373.0,1669823.0,1670473.0,1671773.0,27
y1_d073_XPO_PHD,58.0,,,,,,,,False,,1858023.0,1858473.0,,,
y1_d073_XPO_PHD,61.0,,,,,,,,False,,1933373.0,1933823.0,,,
y1_d073_XPO_PHD,63.0,,,,,,,,False,,1991273.0,1991773.0,,,
y1_d073_XPO_PHD,64.0,,,,,,,,False,,2008673.0,2009173.0,,,
y1_d073_XPO_PHD,80.0,,,,,,,,False,,2501223.0,2501773.0,,,
y1_d073_XPO_PHD,82.0,,,,,,,,False,,2540373.0,2540973.0,,,
y1_d073_XPO_PHD,84.0,,,,,,,,False,,2585723.0,2586273.0,,,
y1_d073_XPO_PHD,85.0,,,,,,,,False,,2609473.0,,,,
y1_d073_XPO_PHD,96.0,,,,,,,,False,,2972073.0,2972623.0,,,
y1_d073_XPO_PHD,97.0,,,,,,,,False,,2986773.0,2987273.0,,,
y1_d073_XPO_PHD,99.0,,,,,,,,False,,3028623.0,3029073.0,,,
y1_d073_XPO_PHD,100.0,,,,,,,,False,,3044723.0,3045173.0,,,
y1_d073_XPO_PHD,101.0,,,,,,,,False,,3077173.0,3077673.0,,,
y1_d073_XPO_PHD,102.0,,,,,,,,False,,3097523.0,3098023.0,,,
y1_d073_XPO_PHD,103.0,,,,,,,,False,,3115323.0,3115823.0,,,
y1_d073_XPO_PHD,123.0,,,,,,,,False,,3683173.0,3683673.0,,,
y1_d073_XPO_PHD,125.0,,,,,,,,False,,3731723.0,3732173.0,,,
y1_d073_XPO_PHD,127.0,,,,,,,,False,,3778173.0,3778623.0,,,
y1_d073_XPO_PHD,128.0,,,,,,,,False,,3799423.0,3799923.0,,,
y1_d073_XPO_PHD,156.0,,,,,,,,False,,4613623.0,4614073.0,,,
y1_d073_XPO_PHD,185.0,,,,,,,,False,,5521523.0,5522023.0,,,
y1_d073_XPO_PHD,259.0,,,,,,,,False,,8317473.0,8317923.0,,,
y1_d073_XPO_PHD,260.0,,,,,,,,False,,8339573.0,8340073.0,,,
y1_d073_XPO_PHD,261.0,,,,,,,,False,,8363423.0,8363923.0,,,
y1_d073_XPO_PHD,262.0,,,,,,,,False,,8390573.0,8391073.0,,,
y1_d073_XPO_PHD,263.0,,,,,,,,False,,8431223.0,8431723.0,,,
y1_d073_XPO_PHD,264.0,,,,,,,,False,,8457123.0,8457523.0,,,
y1_d073_XPO_PHD,265.0,,,,,,,,False,,8501723.0,8502173.0,,,
y1_d073_XPO_PHD,266.0,,,,,,,,False,,8524273.0,8524723.0,,,
y1_d073_XPO_PHD,267.0,,,,,,,,False,,8547523.0,8547973.0,,,
y1_d073_XPO_PHD,268.0,,,,,,,,False,,8567623.0,8568073.0,,,
y1_d073_XPO_PHD,269.0,,,,,,,,False,,8602273.0,8602723.0,,,
y1_d073_XPO_PHD,270.0,,,,,,,,False,,8624223.0,8624723.0,,,
y1_d073_XPO_PHD,271.0,,,,,,,,False,,8657273.0,8657723.0,,,
y1_d073_XPO_PHD,272.0,,,,,,,,False,,8683373.0,8683873.0,,,
y1_d073_XPO_PHD,274.0,,,,,,,,False,,8796923.0,8797423.0,,,
y1_d073_XPO_PHD,286.0,,,,,,,,False,,9267223.0,9267723.0,,,
y1_d073_XPO_PHD,288.0,,,,,,,,False,,9309673.0,9310223.0,,,
y1_d073_XPO_PHD,289.0,,,,,,,,False,,9333273.0,9333723.0,,,
y1_d073_XPO_PHD,291.0,,,,,,,,False,,9406123.0,9406573.0,,,
y1_d073_XPO_PHD,292.0,,,,,,,,False,,9425423.0,9425873.0,,,
y1_d073_XPO_PHD,293.0,,,,,,,,False,,9445873.0,9446323.0,,,
y1_d073_XPO_PHD,294.0,,,,,,,,False,,9467073.0,9467573.0,,,
y1_d073_XPO_PHD,295.0,,,,,,,,False,,9484573.0,9485073.0,,,
y1_d073_XPO_PHD,297.0,,,,,,,,False,,9539473.0,9539973.0,,,
y1_d073_XPO_PHD,305.0,,,,,,,,False,,9923373.0,9923823.0,,,
y1_d073_XPO_PHD,306.0,,,,,,,,False,,9939973.0,9940423.0,,,
y1_d073_XPO_PHD,307.0,,,,,,,,False,,9959473.0,9959923.0,,,
y1_d073_XPO_PHD,308.0,,,,,,,,False,,9983273.0,9983723.0,,,
y1_d073_XPO_PHD,310.0,,,,,,,,False,,10018373.0,10018823.0,,,
y1_d073_XPO_PHD,350.0,,,,,,,,False,,11638873.0,11639373.0,,,
y1_d073_XPO_PHD,359.0,,,,,,,,False,,12024973.0,12025473.0,,,
y1_d073_XPO_PHD,361.0,,,,,,,,False,,12066773.0,12067273.0,,,
y1_d073_XPO_PHD,370.0,Safe,1.95,0.7,1.25,75.7246224254118,74.93854274070446,68.89537582937105,True,2.836747091081447,12369723.0,12370273.0,12370973.0,12372223.0,26
y1_d073_XPO_PHD,393.0,,2.3,0.95,1.35,79.1478970155536,78.12883514013848,70.205804034331,True,8.538128388276293,13128273.0,13130123.0,13131073.0,13132423.0,28
y1_d073_XPO_PHD,394.0,,,,,,,,False,,13170523.0,13171023.0,,,
y1_d073_XPO_PHD,396.0,,,,,,,,False,,13216023.0,13216523.0,,,
y1_d073_XPO_PHD,398.0,,,,,,,,False,,13265273.0,13265823.0,,,
y1_d073_XPO_PHD,399.0,,,,,,,,False,,13291773.0,13292223.0,,,
y1_d074.5_AIP_ARN,14.0,,,,,,,,False,,355561.0,356011.0,,,
y1_d074.5_AIP_ARN,15.0,,,,,,,,False,,377311.0,377761.0,,,
y1_d074.5_AIP_ARN,16.0,,,,,,,,False,,398761.0,399311.0,,,
y1_d074.5_AIP_ARN,35.0,,,,,,,,False,,1045761.0,1046311.0,,,
y1_d074.5_AIP_ARN,36.0,,,,,,,,False,,1066811.0,1067261.0,,,
y1_d074.5_AIP_ARN,37.0,,,,,,,,False,,1085511.0,1086061.0,,,
y1_d074.5_AIP_ARN,39.0,,,,,,,,False,,1126161.0,1126611.0,,,
y1_d074.5_AIP_ARN,40.0,,,,,,,,False,,1159261.0,1159761.0,,,
y1_d074.5_AIP_ARN,41.0,,,,,,,,False,,1180561.0,1181111.0,,,
y1_d074.5_AIP_ARN,53.0,,,,,,,,False,,1606511.0,1607061.0,,,
y1_d074.5_AIP_ARN,54.0,,,,,,,,False,,1631661.0,1632211.0,,,
y1_d074.5_AIP_ARN,56.0,,,,,,,,False,,1669611.0,1670061.0,,,
y1_d074.5_AIP_ARN,57.0,,,,,,,,False,,1700811.0,1701361.0,,,
y1_d074.5_AIP_ARN,61.0,,,,,,,,False,,1812161.0,,,,
y1_d074.5_AIP_ARN,76.0,,,,,,,,False,,2319761.0,2320261.0,,,
y1_d074.5_AIP_ARN,77.0,,,,,,,,False,,2341761.0,2342311.0,,,
y1_d074.5_AIP_ARN,80.0,,,,,,,,False,,2413011.0,2413461.0,,,
y1_d074.5_AIP_ARN,81.0,,,,,,,,False,,2446611.0,2447161.0,,,
y1_d074.5_AIP_ARN,82.0,,,,,,,,False,,2467311.0,2467861.0,,,
y1_d074.5_AIP_ARN,83.0,,,,,,,,False,,2491261.0,2491761.0,,,
y1_d074.5_AIP_ARN,84.0,,,,,,,,False,,2516411.0,2516911.0,,,
y1_d074.5_AIP_ARN,85.0,,,,,,,,False,,2591811.0,2592311.0,,,
y1_d074.5_AIP_ARN,86.0,,,,,,,,False,,2635061.0,2635561.0,,,
y1_d074.5_AIP_ARN,88.0,,,,,,,,False,,2679561.0,2680161.0,,,
y1_d074.5_AIP_ARN,90.0,,,,,,,,False,,2727961.0,2728511.0,,,
y1_d074.5_AIP_ARN,146.0,,,,,,,,False,,4655111.0,4655611.0,,,
y1_d074.5_AIP_ARN,148.0,,,,,,,,False,,4696511.0,4701611.0,,,
y1_d074.5_AIP_ARN,149.0,,,,,,,,False,,4731561.0,4732061.0,,,
y1_d074.5_AIP_ARN,178.0,,,,,,,,False,,5743611.0,5744161.0,,,
y1_d074.5_AIP_ARN,180.0,,,,,,,,False,,5804161.0,5804611.0,,,
y1_d074.5_AIP_ARN,182.0,,,,,,,,False,,5862361.0,5862811.0,,,
y1_d074.5_AIP_ARN,184.0,,,,,,,,False,,5925611.0,5926111.0,,,
y1_d074.5_AIP_ARN,185.0,,,,,,,,False,,5943911.0,5944411.0,,,
y1_d074.5_AIP_ARN,239.0,,,,,,,,False,,7994111.0,7994561.0,,,
y1_d074.5_AIP_ARN,242.0,,,,,,,,False,,8094311.0,8094761.0,,,
y1_d074.5_AIP_ARN,243.0,,,,,,,,False,,8114761.0,8115261.0,,,
y1_d074.5_AIP_ARN,245.0,,,,,,,,False,,8171311.0,8171761.0,,,
y1_d074.5_AIP_ARN,247.0,,,,,,,,False,,8238361.0,,,,
y1_d074_AIP_ARN,16.0,,,,,,,,False,,322272.0,322722.0,,,
y1_d074_AIP_ARN,19.0,,,,,,,,False,,372972.0,373422.0,,,
y1_d074_AIP_ARN,20.0,,,,,,,,False,,398922.0,399372.0,,,
y1_d074_AIP_ARN,42.0,,,,,,,,False,,1104272.0,1104722.0,,,
y1_d074_AIP_ARN,43.0,,,,,,,,False,,1122772.0,1123272.0,,,
y1_d074_AIP_ARN,44.0,,,,,,,,False,,1146622.0,1147122.0,,,
y1_d074_AIP_ARN,48.0,,,,,,,,False,,1272472.0,1272922.0,,,
y1_d074_AIP_ARN,49.0,,,,,,,,False,,1293372.0,1293922.0,,,
y1_d074_AIP_ARN,50.0,,,,,,,,False,,1327822.0,1328372.0,,,
y1_d074_AIP_ARN,56.0,,,,,,,,False,,1581372.0,1581872.0,,,
y1_d074_AIP_ARN,80.0,,,,,,,,False,,2340822.0,2341372.0,,,
y1_d074_AIP_ARN,89.0,,,,,,,,False,,2659322.0,2659772.0,,,
y1_d074_AIP_ARN,93.0,,2.1,0.8,1.3,73.45805508267227,72.67344712551763,64.75649758233578,True,4.033560687495436,2760022.0,2760522.0,2761322.0,2762622.0,27
y1_d074_AIP_ARN,94.0,,,,,,,,False,,2796322.0,2796822.0,,,
y1_d074_AIP_ARN,102.0,,,,,,,,False,,3112622.0,3113122.0,,,
y1_d074_AIP_ARN,103.0,,,,,,,,False,,3129122.0,3129622.0,,,
y1_d074_AIP_ARN,105.0,,,,,,,,False,,3188422.0,3188922.0,,,
y1_d074_AIP_ARN,106.0,,,,,,,,False,,3232122.0,3232622.0,,,
y1_d074_AIP_ARN,107.0,,,,,,,,False,,3250222.0,3250772.0,,,
y1_d074_AIP_ARN,114.0,,,,,,,,False,,3485922.0,3486372.0,,,
y1_d074_AIP_ARN,115.0,,,,,,,,False,,3507472.0,3507922.0,,,
y1_d074_AIP_ARN,116.0,,,,,,,,False,,3541272.0,3541722.0,,,
y1_d074_AIP_ARN,127.0,,2.0,0.7,1.3,75.45248308218486,74.7210395074223,65.6592607054337,True,3.985592233721958,3915322.0,3915772.0,3916472.0,3917772.0,27
y1_d074_AIP_ARN,128.0,,,,,,,,False,,3953722.0,3959072.0,,,
y1_d074_AIP_ARN,129.0,,,,,,,,False,,4012222.0,4012722.0,,,
y1_d074_AIP_ARN,130.0,,,,,,,,False,,4030722.0,4031222.0,,,
y1_d074_AIP_ARN,131.0,,,,,,,,False,,4055322.0,4055822.0,,,
y1_d074_AIP_ARN,132.0,,,,,,,,False,,4078822.0,4079322.0,,,
y1_d074_AIP_ARN,189.0,,,,,,,,False,,6154622.0,6155072.0,,,
y1_d074_AIP_ARN,190.0,,,,,,,,False,,6173822.0,6174322.0,,,
y1_d074_AIP_ARN,212.0,,,,,,,,False,,6778472.0,6778972.0,,,
y1_d074_XPO_PHD,8.0,,,,,,,,False,,251932.0,252432.0,,,
y1_d074_XPO_PHD,12.0,,,,,,,,False,,395532.0,395982.0,,,
y1_d074_XPO_PHD,13.0,,,,,,,,False,,414432.0,414882.0,,,
y1_d074_XPO_PHD,50.0,,,,,,,,False,,1507032.0,1507532.0,,,
y1_d074_XPO_PHD,53.0,,,,,,,,False,,1709332.0,1709832.0,,,
y1_d074_XPO_PHD,54.0,,,,,,,,False,,1727632.0,1728132.0,,,
y1_d074_XPO_PHD,55.0,,,,,,,,False,,1745532.0,1746032.0,,,
y1_d074_XPO_PHD,56.0,,,,,,,,False,,1764132.0,1764632.0,,,
y1_d074_XPO_PHD,57.0,,,,,,,,False,,1782682.0,1783182.0,,,
y1_d074_XPO_PHD,64.0,,,,,,,,False,,2025632.0,2026132.0,,,
y1_d074_XPO_PHD,76.0,,,,,,,,False,,2439582.0,2440082.0,,,
y1_d074_XPO_PHD,77.0,,,,,,,,False,,2459232.0,2459732.0,,,
y1_d074_XPO_PHD,81.0,,,,,,,,False,,2586232.0,2586782.0,,,
y1_d074_XPO_PHD,82.0,,,,,,,,False,,2611982.0,2612432.0,,,
y1_d074_XPO_PHD,83.0,,,,,,,,False,,2646332.0,2646832.0,,,
y1_d074_XPO_PHD,85.0,,,,,,,,False,,2695432.0,2695882.0,,,
y1_d074_XPO_PHD,86.0,,,,,,,,False,,2718482.0,2718982.0,,,
y1_d074_XPO_PHD,87.0,,,,,,,,False,,2742782.0,2743232.0,,,
y1_d074_XPO_PHD,88.0,,,,,,,,False,,2780282.0,2780732.0,,,
y1_d074_XPO_PHD,89.0,,,,,,,,False,,2805332.0,2805832.0,,,
y1_d074_XPO_PHD,100.0,,,,,,,,False,,3206582.0,3207182.0,,,
y1_d074_XPO_PHD,101.0,,,,,,,,False,,3227532.0,3227982.0,,,
y1_d074_XPO_PHD,103.0,,,,,,,,False,,3270482.0,3271032.0,,,
y1_d074_XPO_PHD,104.0,,,,,,,,False,,3294782.0,3295232.0,,,
y1_d074_XPO_PHD,105.0,,,,,,,,False,,3313832.0,3314282.0,,,
y1_d074_XPO_PHD,112.0,,,,,,,,False,,3507682.0,3508232.0,,,
y1_d074_XPO_PHD,121.0,Safe,,0.55,,,,,False,,3863182.0,3863682.0,3864232.0,,
y1_d074_XPO_PHD,151.0,,,,,,,,False,,4763032.0,4763532.0,,,
y1_d074_XPO_PHD,152.0,,,,,,,,False,,4782632.0,4783132.0,,,
y1_d074_XPO_PHD,153.0,,,,,,,,False,,4840182.0,4840682.0,,,
y1_d074_XPO_PHD,154.0,,,,,,,,False,,4854432.0,4854932.0,,,
y1_d074_XPO_PHD,155.0,,,,,,,,False,,4874082.0,4874582.0,,,
y1_d074_XPO_PHD,178.0,,,,,,,,False,,5659832.0,5660282.0,,,
y1_d074_XPO_PHD,179.0,,,,,,,,False,,5679832.0,5680332.0,,,
y1_d074_XPO_PHD,226.0,,,,,,,,False,,7207732.0,7208232.0,,,
y1_d074_XPO_PHD,228.0,,,,,,,,False,,7252282.0,7252782.0,,,
y1_d074_XPO_PHD,229.0,,,,,,,,False,,7275182.0,7275632.0,,,
y1_d074_XPO_PHD,230.0,,,,,,,,False,,7298932.0,7299432.0,,,
y1_d074_XPO_PHD,231.0,,,,,,,,False,,7317732.0,7318182.0,,,
y1_d074_XPO_PHD,232.0,,,,,,,,False,,7338732.0,7339282.0,,,
y1_d074_XPO_PHD,239.0,,,,,,,,False,,7629682.0,7630132.0,,,
y1_d074_XPO_PHD,240.0,,,,,,,,False,,7653632.0,7654082.0,,,
y1_d074_XPO_PHD,242.0,,,,,,,,False,,7692682.0,7693132.0,,,
y1_d074_XPO_PHD,244.0,,,,,,,,False,,7739532.0,7740032.0,,,
y1_d074_XPO_PHD,245.0,Safe,,0.65,,,,,False,,7761832.0,7762332.0,7762982.0,,
y1_d075_XPO_PHD,14.0,,,,,,,,False,,426790.0,427252.0,,,
y1_d075_XPO_PHD,15.0,,,,,,,,False,,448603.0,449065.0,,,
y1_d075_XPO_PHD,16.0,,,,,,,,False,,474244.0,474739.0,,,
y1_d075_XPO_PHD,18.0,,,,,,,,False,,549253.0,549748.0,,,
y1_d075_XPO_PHD,19.0,,,,,,,,False,,583672.0,584134.0,,,
y1_d075_XPO_PHD,25.0,,,,,,,,False,,820117.0,820579.0,,,
y1_d075_XPO_PHD,26.0,,,,,,,,False,,840742.0,841204.0,,,
y1_d075_XPO_PHD,27.0,,,,,,,,False,,861367.0,861862.0,,,
y1_d075_XPO_PHD,30.0,,,,,,,,False,,946243.0,946705.0,,,
y1_d075_XPO_PHD,39.0,,,,,,,,False,,1274264.0,1274726.0,,,
y1_d075_XPO_PHD,40.0,,,,,,,,False,,1292876.0,1293404.0,,,
y1_d075_XPO_PHD,61.0,,,,,,,,False,,1964657.0,1965119.0,,,
y1_d075_XPO_PHD,69.0,,,,,,,,False,,2264595.0,2265057.0,,,
y1_d075_XPO_PHD,86.0,,,,,,,,False,,2718906.0,2719368.0,,,
y1_d075_XPO_PHD,88.0,,,,,,,,False,,2830149.0,2830611.0,,,
y1_d075_XPO_PHD,89.0,,,,,,,,False,,2850213.0,2850774.0,,,
y1_d075_XPO_PHD,90.0,,,,,,,,False,,2889582.0,2890110.0,,,
y1_d075_XPO_PHD,91.0,,,,,,,,False,,2907666.0,2908161.0,,,
y1_d075_XPO_PHD,92.0,,,,,,,,False,,2925552.0,2926047.0,,,
y1_d075_XPO_PHD,93.0,,,,,,,,False,,2946573.0,2947035.0,,,
y1_d075_XPO_PHD,94.0,,,,,,,,False,,2964624.0,2965086.0,,,
y1_d075_XPO_PHD,95.0,,,,,,,,False,,2985183.0,2985744.0,,,
y1_d075_XPO_PHD,123.0,,,,,,,,False,,4166047.0,4166542.0,,,
y1_d075_XPO_PHD,124.0,,,,,,,,False,,4188520.0,4189015.0,,,
y1_d075_XPO_PHD,129.0,,,,,,,,False,,4317847.0,4318309.0,,,
y1_d075_XPO_PHD,132.0,,,,,,,,False,,4408201.0,4408729.0,,,
y1_d075_XPO_PHD,141.0,,,,,,,,False,,4776712.0,4777207.0,,,
y1_d075_XPO_PHD,142.0,,,,,,,,False,,4793707.0,4794202.0,,,
y1_d075_XPO_PHD,145.0,,,,,,,,False,,4855813.0,4856275.0,,,
y1_d075_XPO_PHD,149.0,"Out (inning-ending, verify)",1.848,0.66,1.188,78.5820607936951,77.70711304630484,70.50508932412501,True,7.774741078574345,4970686.0,4971280.0,4971940.0,4973128.0,37
y1_d075_XPO_PHD,158.0,,1.98,0.66,1.32,74.72780837528786,73.55439479843379,63.90709029925345,True,9.911147858610585,5266334.0,5266862.0,5267522.0,5268842.0,41
y1_d075_XPO_PHD,159.0,,,,,,,,False,,5297387.0,5297882.0,,,
y1_d075_XPO_PHD,160.0,,,,,,,,False,,5311676.0,5312171.0,,,
y1_d075_XPO_PHD,164.0,,,,,,,,False,,5408564.0,5409059.0,,,
y1_d075_XPO_PHD,168.0,,,,,,,,False,,5533964.0,5534426.0,,,
y1_d075_XPO_PHD,169.0,,,,,,,,False,,5550002.0,5550530.0,,,
y1_d075_XPO_PHD,177.0,,,,,,,,False,,5854361.0,5854823.0,,,
y1_d075_XPO_PHD,179.0,,,,,,,,False,,5893103.0,5893565.0,,,
y1_d075_XPO_PHD,180.0,,,,,,,,False,,5909537.0,5910098.0,,,
y1_d075_XPO_PHD,186.0,,,,,,,,False,,6244224.0,6244752.0,,,
y1_d075_XPO_PHD,188.0,,,,,,,,False,,6280656.0,6281118.0,,,
y1_d075_XPO_PHD,224.0,,,,,,,,False,,7551355.0,7551883.0,,,
y1_d075_XPO_PHD,243.0,,,,,,,,False,,8220299.0,8220761.0,,,
y1_d075_XPO_PHD,253.0,,,,,,,,False,,8576336.0,8576831.0,,,
y1_d075_XPO_PHD,254.0,,,,,,,,False,,8598875.0,8599370.0,,,
y1_d075_XPO_PHD,255.0,,,,,,,,False,,8627420.0,8627882.0,,,
y1_d075_XPO_PHD,258.0,,,,,,,,False,,8710910.0,8711372.0,,,
y1_d075_XPO_PHD,261.0,,,,,,,,False,,8778395.0,8778890.0,,,
y1_d077.5_PHD_VAS,48.0,,,,,,,,False,,1293014.0,1293464.0,,,
y1_d077.5_PHD_VAS,49.0,,,,,,,,False,,1307864.0,1308414.0,,,
y1_d077.5_PHD_VAS,52.0,,,,,,,,False,,1402914.0,1403414.0,,,
y1_d077.5_PHD_VAS,53.0,,,,,,,,False,,1422014.0,1422464.0,,,
y1_d077.5_PHD_VAS,55.0,,,,,,,,False,,1470364.0,1470864.0,,,
y1_d077.5_PHD_VAS,56.0,,,,,,,,False,,1491314.0,1491764.0,,,
y1_d077.5_PHD_VAS,58.0,,,,,,,,False,,1563814.0,1564314.0,,,
y1_d077.5_PHD_VAS,59.0,,,,,,,,False,,1580464.0,1581014.0,,,
y1_d077.5_PHD_VAS,61.0,,,,,,,,False,,1638514.0,1638964.0,,,
y1_d077.5_PHD_VAS,96.0,,,,,,,,False,,2932627.0,2933127.0,,,
y1_d077.5_PHD_VAS,98.0,,,,,,,,False,,2967627.0,2968077.0,,,
y1_d077.5_PHD_VAS,99.0,,,,,,,,False,,2988927.0,2989477.0,,,
y1_d077.5_PHD_VAS,104.0,,,,,,,,False,,3127427.0,3127977.0,,,
y1_d077.5_PHD_VAS,105.0,,,,,,,,False,,3156927.0,3157377.0,,,
y1_d077.5_PHD_VAS,168.0,,,,,,,,False,,5325427.0,5325927.0,,,
y1_d077.5_PHD_VAS,169.0,,,,,,,,False,,5342827.0,5343327.0,,,
y1_d077.5_PHD_VAS,170.0,,,,,,,,False,,5358727.0,5359227.0,,,
y1_d077.5_PHD_VAS,171.0,,,,,,,,False,,5375377.0,5375977.0,,,
y1_d077.5_PHD_VAS,174.0,"Out (inning-ending, verify)",1.9,0.65,1.25,76.79557444796356,75.89478796463513,68.84608679227789,True,3.3180567217951302,5429627.0,5430227.0,5430877.0,5432127.0,26
y1_d077.5_PHD_VAS,193.0,,,,,,,,False,,6117327.0,6117927.0,,,
y1_d077.5_PHD_VAS,194.0,,,,,,,,False,,6134627.0,6135127.0,,,
y1_d077.5_PHD_VAS,195.0,,,,,,,,False,,6153977.0,6154477.0,,,
y1_d077.5_PHD_VAS,196.0,,,,,,,,False,,6172677.0,6173277.0,,,
y1_d077.5_PHD_VAS,197.0,,,,,,,,False,,6194827.0,6195327.0,,,
y1_d077.5_PHD_VAS,200.0,,,,,,,,False,,6276577.0,6277077.0,,,
y1_d077.5_PHD_VAS,201.0,,,,,,,,False,,6292177.0,6292677.0,,,
y1_d077.5_PHD_VAS,202.0,,,,,,,,False,,6307377.0,6307877.0,,,
y1_d077.5_PHD_VAS,212.0,,,,,,,,False,,6679777.0,6680327.0,,,
y1_d077.5_PHD_VAS,213.0,,,,,,,,False,,6699677.0,6700177.0,,,
y1_d077.5_PHD_VAS,214.0,,,,,,,,False,,6722427.0,6722927.0,,,
y1_d077.5_PHD_VAS,215.0,,,,,,,,False,,6747377.0,6747877.0,,,
y1_d077.5_PHD_VAS,216.0,,,,,,,,False,,6770677.0,6771127.0,,,
y1_d077.5_PHD_VAS,217.0,,,,,,,,False,,6802477.0,6803027.0,,,
y1_d077.5_PHD_VAS,219.0,,,,,,,,False,,6849877.0,6850377.0,,,
y1_d077.5_PHD_VAS,221.0,,,,,,,,False,,6928677.0,6929227.0,,,
y1_d077.5_PHD_VAS,222.0,,,,,,,,False,,6951577.0,6952077.0,,,
y1_d077.5_PHD_VAS,223.0,,,,,,,,False,,6972677.0,6973127.0,,,
y1_d077.5_PHD_VAS,224.0,,,,,,,,False,,6992577.0,6993077.0,,,
y1_d077.5_PHD_VAS,225.0,,,,,,,,False,,7011177.0,7011727.0,,,
y1_d077.5_PHD_VAS,226.0,,,,,,,,False,,7036677.0,,,,
y1_d077.5_PHD_VAS,252.0,,,,,,,,False,,8130977.0,8131477.0,,,
y1_d077.5_PHD_VAS,255.0,,,,,,,,False,,8216977.0,8217527.0,,,
y1_d077.5_PHD_VAS,256.0,,,,,,,,False,,8237477.0,8237977.0,,,
y1_d077.5_PHD_VAS,258.0,,,,,,,,False,,8291927.0,8292427.0,,,
y1_d077.5_PHD_VAS,260.0,,,,,,,,False,,8344877.0,8345427.0,,,
y1_d077_PHD_VAS,25.0,,,,,,,,False,,671444.0,671944.0,,,
y1_d077_PHD_VAS,26.0,,,,,,,,False,,691444.0,691944.0,,,
y1_d077_PHD_VAS,28.0,,,,,,,,False,,729944.0,730444.0,,,
y1_d077_PHD_VAS,29.0,,,,,,,,False,,746494.0,746944.0,,,
y1_d077_PHD_VAS,95.0,,,,,,,,False,,2748994.0,2749544.0,,,
y1_d077_PHD_VAS,101.0,,,,,,,,False,,3025044.0,3025544.0,,,
y1_d077_PHD_VAS,102.0,,,,,,,,False,,3045794.0,3046344.0,,,
y1_d077_PHD_VAS,104.0,,,,,,,,False,,3092244.0,3092794.0,,,
y1_d077_PHD_VAS,108.0,,,,,,,,False,,3218944.0,3219444.0,,,
y1_d077_PHD_VAS,120.0,,,,,,,,False,,3663144.0,3663644.0,,,
y1_d077_PHD_VAS,144.0,,,,,,,,False,,4340744.0,4341244.0,,,
y1_d077_PHD_VAS,148.0,,,,,,,,False,,4589444.0,4589994.0,,,
y1_d077_PHD_VAS,149.0,,,,,,,,False,,4612294.0,4612744.0,,,
y1_d077_PHD_VAS,154.0,,,,,,,,False,,4768344.0,4768844.0,,,
y1_d077_PHD_VAS,202.0,,,,,,,,False,,6859867.0,6860317.0,,,
y1_d077_PHD_VAS,203.0,,,,,,,,False,,6961967.0,6962467.0,,,
y1_d077_PHD_VAS,204.0,,,,,,,,False,,6976517.0,6977017.0,,,
y1_d077_PHD_VAS,205.0,,,,,,,,False,,6994267.0,6994717.0,,,
y1_d077_PHD_VAS,216.0,,,,,,,,False,,7395517.0,7396017.0,,,
y1_d077_PHD_VAS,217.0,,,,,,,,False,,7416117.0,7416717.0,,,
y1_d077_PHD_VAS,218.0,,,,,,,,False,,7435217.0,7435717.0,,,
y1_d077_PHD_VAS,219.0,,,,,,,,False,,7458517.0,7458967.0,,,
y1_d077_PHD_VAS,221.0,,,,,,,,False,,7516767.0,7517367.0,,,
y1_d077_PHD_VAS,222.0,,,,,,,,False,,7531967.0,7532567.0,,,
y1_d077_PHD_VAS,225.0,,,,,,,,False,,7605317.0,7605817.0,,,
y1_d077_PHD_VAS,226.0,,,,,,,,False,,7622367.0,7622817.0,,,
y1_d077_PHD_VAS,228.0,,,,,,,,False,,7665367.0,7665867.0,,,
y1_d077_PHD_VAS,230.0,,,,,,,,False,,7711317.0,7711917.0,,,
y1_d077_PHD_VAS,238.0,,,,,,,,False,,8001067.0,8001517.0,,,
y1_d077_PHD_VAS,239.0,,,,,,,,False,,8015317.0,8015767.0,,,
y1_d077_PHD_VAS,241.0,,,,,,,,False,,8072967.0,8073467.0,,,
y1_d077_PHD_VAS,242.0,,,,,,,,False,,8089317.0,8089817.0,,,
y1_d077_PHD_VAS,243.0,,,,,,,,False,,8107767.0,8108267.0,,,
y1_d077_PHD_VAS,244.0,,,,,,,,False,,8137267.0,8137767.0,,,
y1_d078_PHD_VAS,14.0,,,,,,,,False,,385438.0,385888.0,,,
y1_d078_PHD_VAS,15.0,,,,,,,,False,,401588.0,402088.0,,,
y1_d078_PHD_VAS,16.0,,,,,,,,False,,418688.0,419238.0,,,
y1_d078_PHD_VAS,17.0,,,,,,,,False,,437988.0,438438.0,,,
y1_d078_PHD_VAS,18.0,,,,,,,,False,,459188.0,459688.0,,,
y1_d078_PHD_VAS,20.0,,,,,,,,False,,511438.0,511888.0,,,
y1_d078_PHD_VAS,30.0,,,,,,,,False,,789038.0,789488.0,,,
y1_d078_PHD_VAS,31.0,,,,,,,,False,,805488.0,805938.0,,,
y1_d078_PHD_VAS,56.0,,,,,,,,False,,1930628.0,1931078.0,,,
y1_d078_PHD_VAS,132.0,,,,,,,,False,,4163494.0,4163944.0,,,
y1_d078_PHD_VAS,133.0,,,,,,,,False,,4179894.0,4180394.0,,,
y1_d078_PHD_VAS,226.0,,,,,,,,False,,7212437.0,7212887.0,,,
y1_d078_PHD_VAS,230.0,,,,,,,,False,,7324987.0,7325487.0,,,
y1_d078_PHD_VAS,232.0,,,,,,,,False,,7410137.0,7410687.0,,,
y1_d078_PHD_VAS,234.0,,,,,,,,False,,7606287.0,7606787.0,,,
y1_d078_PHD_VAS,235.0,,,,,,,,False,,7627687.0,7628237.0,,,
y1_d078_PHD_VAS,236.0,,,,,,,,False,,7646837.0,7647287.0,,,
y1_d078_PHD_VAS,237.0,,,,,,,,False,,7669487.0,7670037.0,,,
y1_d078_PHD_VAS,238.0,,,,,,,,False,,7691287.0,7691737.0,,,
y1_d078_PHD_VAS,240.0,,,,,,,,False,,7754187.0,7754687.0,,,
y1_d078_PHD_VAS,242.0,,,,,,,,False,,7932537.0,7932987.0,,,
y1_d078_PHD_VAS,243.0,,,,,,,,False,,7953237.0,7953737.0,,,
y1_d078_PHD_VAS,244.0,,,,,,,,False,,7978587.0,7979087.0,,,
y1_d078_PHD_VAS,247.0,,2.05,0.7,1.35,76.0678743586365,75.20307531962476,65.08235057135114,True,3.418402582134833,8067987.0,8068487.0,8069187.0,8070537.0,28
y1_d080_JJP_PHD,3.0,,,,,,,,False,,99847.0,100297.0,,,
y1_d080_JJP_PHD,4.0,,,,,,,,False,,122647.0,123147.0,,,
y1_d080_JJP_PHD,5.0,,,,,,,,False,,145497.0,145947.0,,,
y1_d080_JJP_PHD,8.0,,,,,,,,False,,233247.0,233697.0,,,
y1_d080_JJP_PHD,9.0,,,,,,,,False,,256797.0,257347.0,,,
y1_d080_JJP_PHD,23.0,,,,,,,,False,,796097.0,796597.0,,,
y1_d080_JJP_PHD,24.0,,,,,,,,False,,815297.0,815747.0,,,
y1_d080_JJP_PHD,25.0,,,,,,,,False,,839197.0,839697.0,,,
y1_d080_JJP_PHD,28.0,,,,,,,,False,,892497.0,892947.0,,,
y1_d080_JJP_PHD,31.0,,,,,,,,False,,988997.0,989547.0,,,
y1_d080_JJP_PHD,33.0,,,,,,,,False,,1024747.0,1025247.0,,,
y1_d080_JJP_PHD,34.0,Safe,,0.75,,,,,False,,1046447.0,1046997.0,1047747.0,,
y1_d080_JJP_PHD,47.0,,,,,,,,False,,1532947.0,1533347.0,,,
y1_d080_JJP_PHD,49.0,,,,,,,,False,,1585147.0,1585597.0,,,
y1_d080_JJP_PHD,81.0,,,,,,,,False,,2568047.0,2568547.0,,,
y1_d080_JJP_PHD,114.0,,,,,,,,False,,3507197.0,3507697.0,,,
y1_d080_JJP_PHD,115.0,,,,,,,,False,,3531947.0,3532397.0,,,
y1_d080_JJP_PHD,118.0,,,,,,,,False,,3611547.0,3612047.0,,,
y1_d080_JJP_PHD,119.0,,,,,,,,False,,3646047.0,3646497.0,,,
y1_d080_JJP_PHD,133.0,,,,,,,,False,,4084347.0,4084797.0,,,
y1_d080_JJP_PHD,134.0,,,,,,,,False,,4101497.0,4101947.0,,,
y1_d080_JJP_PHD,135.0,,,,,,,,False,,4122047.0,4122497.0,,,
y1_d080_JJP_PHD,136.0,,,,,,,,False,,4142147.0,4142597.0,,,
y1_d080_JJP_PHD,137.0,,,,,,,,False,,4161747.0,4162197.0,,,
y1_d080_JJP_PHD,148.0,,,,,,,,False,,4667747.0,4668247.0,,,
y1_d080_JJP_PHD,150.0,,,,,,,,False,,4741647.0,4742147.0,,,
y1_d080_JJP_PHD,151.0,,,,,,,,False,,4768347.0,4768897.0,,,
y1_d080_JJP_PHD,153.0,,,,,,,,False,,4825797.0,4826297.0,,,
y1_d080_JJP_PHD,155.0,,,,,,,,False,,4884047.0,4884497.0,,,
y1_d080_JJP_PHD,163.0,,,,,,,,False,,5158147.0,5158597.0,,,
y1_d080_JJP_PHD,164.0,,,,,,,,False,,5182597.0,5183047.0,,,
y1_d080_JJP_PHD,165.0,,,,,,,,False,,5215147.0,5215597.0,,,
y1_d080_JJP_PHD,173.0,,,,,,,,False,,5573997.0,5574447.0,,,
y1_d080_JJP_PHD,175.0,,,,,,,,False,,5623447.0,5623897.0,,,
y1_d080_JJP_PHD,176.0,,,,,,,,False,,5644097.0,5644647.0,,,
y1_d080_JJP_PHD,178.0,,,,,,,,False,,5700247.0,5700697.0,,,
y1_d080_JJP_PHD,179.0,,,,,,,,False,,5729197.0,5729697.0,,,
y1_d080_JJP_PHD,180.0,,,,,,,,False,,5753697.0,5754197.0,,,
y1_d080_JJP_PHD,184.0,,,,,,,,False,,5841147.0,5841647.0,,,
y1_d080_JJP_PHD,185.0,,,,,,,,False,,5866147.0,5866647.0,,,
y1_d080_JJP_PHD,192.0,,,,,,,,False,,6158997.0,6159447.0,,,
y1_d080_JJP_PHD,193.0,,,,,,,,False,,6178697.0,6179147.0,,,
y1_d080_JJP_PHD,194.0,,,,,,,,False,,6198497.0,6199047.0,,,
y1_d080_JJP_PHD,216.0,,,,,,,,False,,7186947.0,7187497.0,,,
y1_d080_JJP_PHD,222.0,,,,,,,,False,,7362147.0,7362597.0,,,
y1_d080_JJP_PHD,223.0,,,,,,,,False,,7378597.0,7379047.0,,,
y1_d080_JJP_PHD,228.0,,,,,,,,False,,7546847.0,7547297.0,,,
y1_d080_JJP_PHD,230.0,,,,,,,,False,,7601197.0,7601697.0,,,
y1_d080_JJP_PHD,273.0,,,,,,,,False,,9046597.0,9047097.0,,,
y1_d080_JJP_PHD,311.0,,,,,,,,False,,10312897.0,10313347.0,,,
y1_d080_JJP_PHD,313.0,,,,,,,,False,,10357347.0,10357847.0,,,
y1_d081_JJP_PHD,4.0,,,,,,,,False,,76104.0,76554.0,,,
y1_d081_JJP_PHD,7.0,,,,,,,,False,,150654.0,151104.0,,,
y1_d081_JJP_PHD,8.0,,,,,,,,False,,167154.0,167604.0,,,
y1_d081_JJP_PHD,9.0,,,,,,,,False,,184954.0,185404.0,,,
y1_d081_JJP_PHD,10.0,,,,,,,,False,,204154.0,204604.0,,,
y1_d081_JJP_PHD,13.0,,,,,,,,False,,256404.0,256904.0,,,
y1_d081_JJP_PHD,14.0,,,,,,,,False,,273554.0,274004.0,,,
y1_d081_JJP_PHD,37.0,,,,,,,,False,,1168304.0,1168754.0,,,
y1_d081_JJP_PHD,38.0,,,,,,,,False,,1184404.0,1184904.0,,,
y1_d081_JJP_PHD,40.0,,,,,,,,False,,1221704.0,1222154.0,,,
y1_d081_JJP_PHD,41.0,,,,,,,,False,,1239904.0,1240354.0,,,
y1_d081_JJP_PHD,61.0,,,,,,,,False,,1896354.0,1896804.0,,,
y1_d081_JJP_PHD,62.0,,,,,,,,False,,1912904.0,1913354.0,,,
y1_d081_JJP_PHD,68.0,,,,,,,,False,,2076554.0,2077054.0,,,
y1_d081_JJP_PHD,69.0,,,,,,,,False,,2094904.0,2095354.0,,,
y1_d081_JJP_PHD,70.0,,,,,,,,False,,2115654.0,2116204.0,,,
y1_d081_JJP_PHD,79.0,Safe,8.35,0.65,7.7,79.11560523929191,73.23022588321854,13.878749740005832,False,25.919114207227683,2422254.0,2422804.0,2423454.0,2431154.0,155
y1_d081_JJP_PHD,102.0,,,,,,,,False,,3300954.0,3301404.0,,,
y1_d081_JJP_PHD,103.0,,,,,,,,False,,3319604.0,3320104.0,,,
y1_d081_JJP_PHD,106.0,,,,,,,,False,,3371504.0,3371954.0,,,
y1_d081_JJP_PHD,108.0,,,,,,,,False,,3436104.0,3436604.0,,,
y1_d081_JJP_PHD,110.0,,,,,,,,False,,3481304.0,3481804.0,,,
y1_d081_JJP_PHD,114.0,,,,,,,,False,,3592654.0,3593204.0,,,
y1_d081_JJP_PHD,115.0,,,,,,,,False,,3621204.0,3621704.0,,,
y1_d081_JJP_PHD,134.0,,,,,,,,False,,4365104.0,4365554.0,,,
y1_d081_JJP_PHD,135.0,,,,,,,,False,,4398054.0,4398504.0,,,
y1_d081_JJP_PHD,137.0,,,,,,,,False,,4461804.0,4462304.0,,,
y1_d081_JJP_PHD,140.0,,,,,,,,False,,4589304.0,4589804.0,,,
y1_d081_JJP_PHD,141.0,,,,,,,,False,,4601604.0,4602104.0,,,
y1_d081_JJP_PHD,143.0,,,,,,,,False,,4631704.0,4632254.0,,,
y1_d081_JJP_PHD,165.0,,,,,,,,False,,5366004.0,5366454.0,,,
y1_d081_JJP_PHD,174.0,,,,,,,,False,,5691704.0,5692154.0,,,
y1_d081_JJP_PHD,175.0,,,,,,,,False,,5708854.0,5709354.0,,,
y1_d081_JJP_PHD,229.0,,,,,,,,False,,7534504.0,7535054.0,,,
y1_d081_JJP_PHD,253.0,,,,,,,,False,,8279404.0,8279954.0,,,
y1_d081_JJP_PHD,254.0,,,,,,,,False,,8306204.0,8306754.0,,,
y1_d081_JJP_PHD,256.0,,,,,,,,False,,8339754.0,8340204.0,,,
y1_d081_JJP_PHD,257.0,,,,,,,,False,,8358254.0,8358804.0,,,
y1_d081_JJP_PHD,258.0,,,,,,,,False,,8382804.0,8383254.0,,,
y1_d081_JJP_PHD,271.0,,,,,,,,False,,8958504.0,8959004.0,,,
y1_d082_JJP_PHD,4.0,,,,,,,,False,,100004.0,100466.0,,,
y1_d082_JJP_PHD,30.0,,,,,,,,False,,870192.0,870753.0,,,
y1_d082_JJP_PHD,33.0,,,,,,,,False,,942495.0,942957.0,,,
y1_d082_JJP_PHD,34.0,,,,,,,,False,,963978.0,964440.0,,,
y1_d082_JJP_PHD,45.0,,,,,,,,False,,1391526.0,1391988.0,,,
y1_d082_JJP_PHD,46.0,,,,,,,,False,,1408158.0,1408653.0,,,
y1_d082_JJP_PHD,47.0,,,,,,,,False,,1426770.0,1427232.0,,,
y1_d082_JJP_PHD,48.0,,,,,,,,False,,1445052.0,1445646.0,,,
y1_d082_JJP_PHD,58.0,,,,,,,,False,,1800100.0,1800562.0,,,
y1_d082_JJP_PHD,72.0,,,,,,,,False,,2271274.0,2271736.0,,,
y1_d082_JJP_PHD,112.0,,,,,,,,False,,3552995.0,3553490.0,,,
y1_d082_JJP_PHD,113.0,,,,,,,,False,,3569529.0,3570024.0,,,
y1_d082_JJP_PHD,114.0,,,,,,,,False,,3585534.0,3586062.0,,,
y1_d082_JJP_PHD,115.0,,,,,,,,False,,3603288.0,3603816.0,,,
y1_d082_JJP_PHD,116.0,,,,,,,,False,,3621801.0,3622296.0,,,
y1_d082_JJP_PHD,118.0,,,,,,,,False,,3654636.0,3655131.0,,,
y1_d082_JJP_PHD,221.0,,,,,,,,False,,7104360.0,7104921.0,,,
y1_d082_JJP_PHD,222.0,Safe,,1.287,,,,,False,,7122279.0,7122741.0,7124028.0,,
y1_d082_JJP_PHD,235.0,,,,,,,,False,,7602793.0,7603255.0,,,
y1_d082_JJP_PHD,236.0,,,,,,,,False,,7624177.0,7624639.0,,,
y1_d082_JJP_PHD,237.0,,,,,,,,False,,7649224.0,7649686.0,,,
y1_d082_JJP_PHD,238.0,,,,,,,,False,,7676053.0,7676515.0,,,
y1_d082_JJP_PHD,239.0,,,,,,,,False,,7705225.0,7705687.0,,,
y1_d082_JJP_PHD,250.0,,,,,,,,False,,8160328.0,8160790.0,,,
y1_d082_JJP_PHD,251.0,,,,,,,,False,,8208838.0,8209366.0,,,
y1_d082_JJP_PHD,252.0,,,,,,,,False,,8232796.0,8233258.0,,,
y1_d082_JJP_PHD,253.0,,,,,,,,False,,8262331.0,8262760.0,,,
y1_d082_JJP_PHD,254.0,,,,,,,,False,,8288566.0,8289094.0,,,
y1_d082_JJP_PHD,256.0,,,,,,,,False,,8349517.0,8349946.0,,,
y1_d082_JJP_PHD,280.0,,,,,,,,False,,9419642.0,9420137.0,,,
y1_d082_JJP_PHD,285.0,,,,,,,,False,,9571542.0,9572070.0,,,
y1_d082_JJP_PHD,286.0,,,,,,,,False,,9586161.0,9586689.0,,,
y1_d083_NXS_ARN,22.0,,,,,,,,False,,63107963.0,63108463.0,,,
y1_d083_NXS_ARN,23.0,,,,,,,,False,,63126163.0,63126663.0,,,
y1_d083_NXS_ARN,24.0,,,,,,,,False,,63148563.0,63149113.0,,,
y1_d083_NXS_ARN,27.0,,,,,,,,False,,63222463.0,63222963.0,,,
y1_d083_NXS_ARN,28.0,,,,,,,,False,,63246713.0,63247263.0,,,
y1_d083_NXS_ARN,31.0,,2.05,0.6,1.45,73.29681773081349,72.40930476196095,62.270615972848475,True,3.029643505133417,63334513.0,63334963.0,63335563.0,63337013.0,30
y1_d083_NXS_ARN,36.0,,,,,,,,False,,63619713.0,63620163.0,,,
y1_d083_NXS_ARN,38.0,,,,,,,,False,,63657913.0,63658463.0,,,
y1_d083_NXS_ARN,41.0,,2.0,0.6,1.4,71.5444552277049,70.7809112368536,65.05689998999337,True,1.4375797563993797,63743963.0,63744463.0,63745063.0,63746463.0,29
y1_d083_NXS_ARN,42.0,,,,,,,,False,,63781263.0,63781763.0,,,
y1_d083_NXS_ARN,43.0,,,,,,,,False,,63808513.0,63809013.0,,,
y1_d083_NXS_ARN,57.0,,,,,,,,False,,64244563.0,64245063.0,,,
y1_d083_NXS_ARN,60.0,,,,,,,,False,,64308363.0,64308863.0,,,
y1_d083_NXS_ARN,95.0,,,,,,,,False,,65357613.0,65358113.0,,,
y1_d083_NXS_ARN,97.0,,,,,,,,False,,65436263.0,65436763.0,,,
y1_d083_NXS_ARN,98.0,,,,,,,,False,,65460063.0,65460563.0,,,
y1_d083_NXS_ARN,100.0,,,,,,,,False,,65502713.0,65503213.0,,,
y1_d083_NXS_ARN,102.0,,1.9,0.65,1.25,75.10516629211692,74.35680585900343,68.41868833988958,True,4.0062756287421415,65573913.0,65574463.0,65575113.0,65576363.0,26
y1_d083_NXS_ARN,103.0,,,,,,,,False,,65616763.0,65617263.0,,,
y1_d083_NXS_ARN,104.0,,,,,,,,False,,65640763.0,65641263.0,,,
y1_d083_NXS_ARN,106.0,,,,,,,,False,,65730663.0,65731113.0,,,
y1_d083_NXS_ARN,107.0,,,,,,,,False,,65753763.0,65754263.0,,,
y1_d083_NXS_ARN,108.0,,,,,,,,False,,65777463.0,65777963.0,,,
y1_d083_NXS_ARN,114.0,,,,,,,,False,,65934163.0,65934613.0,,,
y1_d083_NXS_ARN,126.0,,,,,,,,False,,66346313.0,66346813.0,,,
y1_d083_NXS_ARN,127.0,,,,,,,,False,,66366313.0,66366863.0,,,
y1_d083_NXS_ARN,128.0,,,,,,,,False,,66385763.0,66386263.0,,,
y1_d083_NXS_ARN,129.0,,,,,,,,False,,66403613.0,66404063.0,,,
y1_d083_NXS_ARN,185.0,,,,,,,,False,,68242913.0,68243463.0,,,
y1_d083_NXS_ARN,186.0,,,,,,,,False,,68258963.0,68259463.0,,,
y1_d083_NXS_ARN,188.0,,,,,,,,False,,68292863.0,68293363.0,,,
y1_d083_NXS_ARN,189.0,,,,,,,,False,,68312363.0,68312863.0,,,
y1_d083_NXS_ARN,190.0,,,,,,,,False,,68333563.0,68334013.0,,,
y1_d083_NXS_ARN,196.0,,,0.65,,,,,False,,68498913.0,68499463.0,68500113.0,,
y1_d083_NXS_ARN,204.0,,,,,,,,False,,68818013.0,68818513.0,,,
y1_d083_NXS_ARN,209.0,,,,,,,,False,,69073113.0,69073613.0,,,
y1_d083_NXS_ARN,211.0,,,,,,,,False,,69115013.0,69115513.0,,,
y1_d083_NXS_ARN,224.0,,,,,,,,False,,69624563.0,69625063.0,,,
y1_d083_NXS_ARN,225.0,,,,,,,,False,,69646563.0,69647063.0,,,
y1_d083_NXS_ARN,227.0,,,,,,,,False,,69693613.0,69694113.0,,,
y1_d083_NXS_ARN,260.0,,,,,,,,False,,70848063.0,70848513.0,,,
y1_d083_NXS_ARN,262.0,,,,,,,,False,,70889713.0,70890163.0,,,
y1_d083_NXS_ARN,278.0,,,,,,,,False,,71641263.0,71641763.0,,,
y1_d083_NXS_ARN,279.0,,,,,,,,False,,71664213.0,71664713.0,,,
y1_d083_NXS_ARN,313.0,,,,,,,,False,,72747713.0,72748213.0,,,
y1_d083_NXS_ARN,316.0,,,,,,,,False,,72856963.0,72857463.0,,,
y1_d083_NXS_ARN,317.0,,,,,,,,False,,72877013.0,72877563.0,,,
y1_d083_NXS_ARN,318.0,,,,,,,,False,,72899063.0,72899563.0,,,
y1_d083_NXS_ARN,319.0,,,,,,,,False,,72928663.0,72929213.0,,,
y1_d083_NXS_ARN,362.0,,,,,,,,False,,74571563.0,74572013.0,,,
y1_d083_NXS_ARN,364.0,,,,,,,,False,,74619963.0,74620513.0,,,
y1_d083_NXS_ARN,366.0,,,,,,,,False,,74656363.0,74656813.0,,,
y1_d083_NXS_ARN,368.0,,,,,,,,False,,74726113.0,74726663.0,,,
y1_d083_RYU_PHD,15.0,,,,,,,,False,,360397.0,360947.0,,,
y1_d083_RYU_PHD,18.0,,,,,,,,False,,431247.0,431747.0,,,
y1_d083_RYU_PHD,19.0,,,,,,,,False,,460997.0,461497.0,,,
y1_d083_RYU_PHD,20.0,,,,,,,,False,,475947.0,476447.0,,,
y1_d083_RYU_PHD,49.0,,,1.25,,,,,False,,1453647.0,1454147.0,1455397.0,,
y1_d083_RYU_PHD,51.0,,,,,,,,False,,1512097.0,1512597.0,,,
y1_d083_RYU_PHD,52.0,,,,,,,,False,,1533447.0,1533997.0,,,
y1_d083_RYU_PHD,72.0,,,,,,,,False,,4699448.0,4703048.0,,,
y1_d083_RYU_PHD,73.0,,,,,,,,False,,4739798.0,4740248.0,,,
y1_d083_RYU_PHD,93.0,,,,,,,,False,,5505148.0,5505698.0,,,
y1_d083_RYU_PHD,106.0,,,,,,,,False,,5923348.0,5923848.0,,,
y1_d083_RYU_PHD,107.0,,,,,,,,False,,5941748.0,5942248.0,,,
y1_d083_RYU_PHD,108.0,,,,,,,,False,,5960798.0,5961248.0,,,
y1_d083_RYU_PHD,113.0,,,,,,,,False,,6206798.0,6207248.0,,,
y1_d083_RYU_PHD,114.0,,,,,,,,False,,6232948.0,6233448.0,,,
y1_d083_RYU_PHD,115.0,,,,,,,,False,,6249748.0,6250248.0,,,
y1_d083_RYU_PHD,116.0,,,,,,,,False,,6267198.0,6267698.0,,,
y1_d083_RYU_PHD,118.0,,,,,,,,False,,6306548.0,6306998.0,,,
y1_d083_RYU_PHD,120.0,,,,,,,,False,,6354248.0,6354748.0,,,
y1_d083_RYU_PHD,121.0,,,,,,,,False,,6384248.0,6384698.0,,,
y1_d083_RYU_PHD,123.0,Safe,,0.3,,,,,False,,6419598.0,6420148.0,6420448.0,,
y1_d083_RYU_PHD,129.0,,,,,,,,False,,6594098.0,6594648.0,,,
y1_d083_RYU_PHD,130.0,,,,,,,,False,,6618248.0,6618748.0,,,
y1_d083_RYU_PHD,132.0,,,,,,,,False,,6673698.0,6674148.0,,,
y1_d083_RYU_PHD,195.0,,,,,,,,False,,9159788.0,9160288.0,,,
y1_d083_RYU_PHD,200.0,,,,,,,,False,,9303488.0,9303988.0,,,
y1_d083_RYU_PHD,202.0,,,,,,,,False,,9349288.0,9349838.0,,,
y1_d083_RYU_PHD,203.0,,,,,,,,False,,9370038.0,9370638.0,,,
y1_d083_RYU_PHD,205.0,,,,,,,,False,,9437738.0,9438238.0,,,
y1_d083_RYU_PHD,208.0,,,,,,,,False,,9517438.0,9517888.0,,,
y1_d083_RYU_PHD,209.0,Safe,1.9,0.65,1.25,80.3742491098766,79.4337552415404,71.51101754433799,True,3.928283256836725,9534588.0,9535138.0,9535788.0,9537038.0,26
y1_d083_RYU_PHD,218.0,,,,,,,,False,,9881738.0,9882188.0,,,
y1_d083_RYU_PHD,219.0,,,,,,,,False,,9902588.0,9903088.0,,,
y1_d083_RYU_PHD,221.0,,,,,,,,False,,9952638.0,9953088.0,,,
y1_d083_RYU_PHD,222.0,,,,,,,,False,,9974038.0,9974488.0,,,
y1_d083_RYU_PHD,223.0,,,,,,,,False,,10011438.0,10011888.0,,,
y1_d083_RYU_PHD,225.0,,,,,,,,False,,10061388.0,10061888.0,,,
y1_d083_RYU_PHD,226.0,,,,,,,,False,,10083738.0,10084238.0,,,
y1_d084_NXS_ARN,52.0,,,,,,,,False,,1560788.0,1561238.0,,,
y1_d084_NXS_ARN,61.0,,,,,,,,False,,1759838.0,1760288.0,,,
y1_d084_NXS_ARN,62.0,,,,,,,,False,,1778438.0,1778938.0,,,
y1_d084_NXS_ARN,63.0,,,,,,,,False,,1798288.0,1798788.0,,,
y1_d084_NXS_ARN,66.0,,,,,,,,False,,1864238.0,1864738.0,,,
y1_d084_NXS_ARN,75.0,,,,,,,,False,,2175838.0,2176288.0,,,
y1_d084_NXS_ARN,77.0,,,,,,,,False,,2217688.0,2218188.0,,,
y1_d084_NXS_ARN,78.0,,,,,,,,False,,2238538.0,2239038.0,,,
y1_d084_NXS_ARN,79.0,,,,,,,,False,,2266838.0,2267338.0,,,
y1_d084_NXS_ARN,92.0,,,,,,,,False,,2838688.0,2839238.0,,,
y1_d084_NXS_ARN,94.0,,,,,,,,False,,2877288.0,2877788.0,,,
y1_d084_NXS_ARN,96.0,,,,,,,,False,,2915638.0,2916188.0,,,
y1_d084_NXS_ARN,97.0,,,,,,,,False,,2934188.0,2934638.0,,,
y1_d084_NXS_ARN,101.0,,,,,,,,False,,3044288.0,3044738.0,,,
y1_d084_NXS_ARN,103.0,,,,,,,,False,,3086888.0,3087388.0,,,
y1_d084_NXS_ARN,107.0,,,,,,,,False,,3191938.0,3192438.0,,,
y1_d084_NXS_ARN,109.0,,,,,,,,False,,3255838.0,3256288.0,,,
y1_d084_NXS_ARN,111.0,,,,,,,,False,,3307188.0,3307638.0,,,
y1_d084_NXS_ARN,112.0,,,,,,,,False,,3332188.0,3332688.0,,,
y1_d084_NXS_ARN,124.0,,,,,,,,False,,3890238.0,3890788.0,,,
y1_d084_NXS_ARN,126.0,,,,,,,,False,,3932638.0,3933188.0,,,
y1_d084_NXS_ARN,128.0,,,,,,,,False,,3972988.0,3973438.0,,,
y1_d084_NXS_ARN,129.0,,,,,,,,False,,4016988.0,4017438.0,,,
y1_d084_NXS_ARN,130.0,,,,,,,,False,,4053538.0,4054088.0,,,
y1_d084_NXS_ARN,132.0,,,,,,,,False,,4093388.0,4093888.0,,,
y1_d084_NXS_ARN,133.0,,,,,,,,False,,4120488.0,4121038.0,,,
y1_d084_NXS_ARN,135.0,,,,,,,,False,,4169038.0,4169538.0,,,
y1_d084_NXS_ARN,138.0,,,,,,,,False,,4390788.0,4391238.0,,,
y1_d084_NXS_ARN,139.0,,,,,,,,False,,4407638.0,4408138.0,,,
y1_d084_NXS_ARN,140.0,,,,,,,,False,,4424038.0,4424588.0,,,
y1_d084_NXS_ARN,141.0,,,,,,,,False,,4442788.0,4443238.0,,,
y1_d084_NXS_ARN,142.0,,,,,,,,False,,4463138.0,4463588.0,,,
y1_d084_NXS_ARN,144.0,,,,,,,,False,,4525738.0,4526238.0,,,
y1_d084_NXS_ARN,147.0,,,,,,,,False,,4605988.0,4606438.0,,,
y1_d084_NXS_ARN,149.0,,,,,,,,False,,4652888.0,4653388.0,,,
y1_d084_NXS_ARN,151.0,,,,,,,,False,,4727188.0,4727638.0,,,
y1_d084_NXS_ARN,158.0,,,,,,,,False,,4982638.0,4983138.0,,,
y1_d084_NXS_ARN,160.0,,,,,,,,False,,5019288.0,5019788.0,,,
y1_d084_NXS_ARN,162.0,,,,,,,,False,,5064438.0,5064938.0,,,
y1_d084_NXS_ARN,166.0,,,,,,,,False,,5178088.0,5178638.0,,,
y1_d084_NXS_ARN,168.0,,,,,,,,False,,5262188.0,5262688.0,,,
y1_d084_NXS_ARN,169.0,,,,,,,,False,,5289588.0,5290138.0,,,
y1_d084_NXS_ARN,170.0,,,,,,,,False,,5315838.0,5316338.0,,,
y1_d084_NXS_ARN,172.0,,,,,,,,False,,5359138.0,5359588.0,,,
y1_d084_NXS_ARN,175.0,,,,,,,,False,,5448188.0,5448638.0,,,
y1_d084_NXS_ARN,180.0,,,,,,,,False,,5661238.0,5661738.0,,,
y1_d084_NXS_ARN,181.0,,,,,,,,False,,5685338.0,5685788.0,,,
y1_d084_NXS_ARN,185.0,,,,,,,,False,,5794138.0,5794588.0,,,
y1_d084_NXS_ARN,187.0,,,,,,,,False,,5847488.0,5847988.0,,,
y1_d084_NXS_ARN,188.0,,,,,,,,False,,5862738.0,5863238.0,,,
y1_d084_NXS_ARN,189.0,,,,,,,,False,,5883038.0,5883538.0,,,
y1_d084_NXS_ARN,190.0,,,,,,,,False,,5902488.0,5902938.0,,,
y1_d084_NXS_ARN,191.0,,,,,,,,False,,5926988.0,5927438.0,,,
y1_d084_NXS_ARN,203.0,,,,,,,,False,,6492638.0,6493138.0,,,
y1_d084_NXS_ARN,205.0,,,,,,,,False,,6542188.0,6542688.0,,,
y1_d084_NXS_ARN,206.0,,,,,,,,False,,6565038.0,6565538.0,,,
y1_d084_NXS_ARN,208.0,,,,,,,,False,,6769138.0,6769638.0,,,
y1_d084_NXS_ARN,209.0,,,,,,,,False,,6805188.0,6805738.0,,,
y1_d084_NXS_ARN,211.0,,,,,,,,False,,6864688.0,6865138.0,,,
y1_d084_NXS_ARN,213.0,,,,,,,,False,,6941188.0,6941638.0,,,
y1_d084_NXS_ARN,215.0,,,,,,,,False,,6982588.0,6983088.0,,,
y1_d084_NXS_ARN,233.0,,1.9,0.6,1.3,75.70396617002127,74.94264544636387,66.41317699328586,True,5.1583754680092015,7572288.0,7572788.0,7573388.0,7574688.0,27
y1_d084_NXS_ARN,234.0,,,,,,,,False,,7609088.0,7609538.0,,,
y1_d084_NXS_ARN,235.0,,,,,,,,False,,7633838.0,7634338.0,,,
y1_d084_NXS_ARN,249.0,,,,,,,,False,,8193288.0,8193788.0,,,
y1_d084_NXS_ARN,250.0,,,,,,,,False,,8213338.0,8213838.0,,,
y1_d084_NXS_ARN,251.0,,,,,,,,False,,8233138.0,8233588.0,,,
y1_d084_NXS_ARN,252.0,,,,,,,,False,,8251838.0,8252338.0,,,
y1_d084_NXS_ARN,253.0,,,,,,,,False,,8274038.0,8274538.0,,,
y1_d084_RYU_PHD,5.0,,,,,,,,False,,96533.0,97033.0,,,
y1_d084_RYU_PHD,45.0,,,,,,,,False,,1283983.0,1284433.0,,,
y1_d084_RYU_PHD,46.0,,,,,,,,False,,1299483.0,1299933.0,,,
y1_d084_RYU_PHD,62.0,,,,,,,,False,,1817083.0,1817583.0,,,
y1_d084_RYU_PHD,63.0,,,,,,,,False,,1836633.0,1837133.0,,,
y1_d084_RYU_PHD,64.0,,,,,,,,False,,1858483.0,1859033.0,,,
y1_d084_RYU_PHD,67.0,,,,,,,,False,,1932283.0,1932833.0,,,
y1_d084_RYU_PHD,69.0,,,,,,,,False,,1974933.0,1975433.0,,,
y1_d084_RYU_PHD,111.0,,,,,,,,False,,3186183.0,3186633.0,,,
y1_d084_RYU_PHD,136.0,,,,,,,,False,,4390765.0,4391215.0,,,
y1_d084_RYU_PHD,149.0,,,,,,,,False,,4933244.0,4933794.0,,,
y1_d084_RYU_PHD,167.0,,,,,,,,False,,5529694.0,5530144.0,,,
y1_d084_RYU_PHD,168.0,,,,,,,,False,,5547894.0,5548394.0,,,
y1_d084_RYU_PHD,169.0,,,,,,,,False,,5572044.0,5572544.0,,,
y1_d084_RYU_PHD,170.0,,,,,,,,False,,5594394.0,5594844.0,,,
y1_d084_RYU_PHD,171.0,,,,,,,,False,,5618244.0,5618694.0,,,
y1_d084_RYU_PHD,172.0,,,,,,,,False,,5652994.0,5653444.0,,,
y1_d084_RYU_PHD,222.0,,,,,,,,False,,7925760.0,7926210.0,,,
y1_d084_RYU_PHD,261.0,,,,,,,,False,,9509060.0,9509510.0,,,
y1_d084_RYU_PHD,262.0,,,,,,,,False,,9525910.0,9526410.0,,,
y1_d084_RYU_PHD,263.0,,,,,,,,False,,9545010.0,9545460.0,,,
y1_d084_RYU_PHD,295.0,,,,,,,,False,,10653010.0,10653510.0,,,
y1_d084_RYU_PHD,296.0,,,,,,,,False,,10673060.0,10673610.0,,,
y1_d084_RYU_PHD,297.0,,,,,,,,False,,10703710.0,10704210.0,,,
y1_d085_RYU_PHD,10.0,,,,,,,,False,,218797.0,219292.0,,,
y1_d085_RYU_PHD,11.0,,,,,,,,False,,237871.0,238300.0,,,
y1_d085_RYU_PHD,12.0,,,,,,,,False,,257737.0,258199.0,,,
y1_d085_RYU_PHD,48.0,,,,,,,,False,,1429041.0,1429569.0,,,
y1_d085_RYU_PHD,69.0,,,,,,,,False,,2158770.0,2159232.0,,,
y1_d085_RYU_PHD,70.0,,,,,,,,False,,2186523.0,2187051.0,,,
y1_d085_RYU_PHD,71.0,,,,,,,,False,,2361259.0,2361721.0,,,
y1_d085_RYU_PHD,72.0,,,,,,,,False,,2387296.0,2387758.0,,,
y1_d085_RYU_PHD,73.0,,2.013,0.759,1.254,79.67488657667938,78.71456120047803,70.62611934796533,True,2.716507144570423,2406040.0,2406535.0,2407294.0,2408548.0,39
y1_d085_RYU_PHD,74.0,,,,,,,,False,,2437126.0,2437621.0,,,
y1_d085_RYU_PHD,146.0,,,,,,,,False,,5005947.0,5006475.0,,,
y1_d085_RYU_PHD,147.0,,,,,,,,False,,5028948.0,5029410.0,,,
y1_d085_RYU_PHD,148.0,,,,,,,,False,,5049210.0,5049738.0,,,
y1_d085_RYU_PHD,149.0,,,,,,,,False,,5072013.0,5072475.0,,,
y1_d085_RYU_PHD,153.0,,,,,,,,False,,5218566.0,5219028.0,,,
y1_d085_RYU_PHD,183.0,,,,,,,,False,,6370235.0,6370697.0,,,
y1_d085_RYU_PHD,184.0,,,,,,,,False,,6389045.0,6389540.0,,,
y1_d085_RYU_PHD,245.0,,,,,,,,False,,8596681.0,8597275.0,,,
y1_d085_RYU_PHD,247.0,,,,,,,,False,,8762593.0,8763055.0,,,
y1_d085_RYU_PHD,248.0,,,,,,,,False,,8777509.0,8777971.0,,,
y1_d085_RYU_PHD,249.0,,,,,,,,False,,8794306.0,8794834.0,,,
y1_d085_RYU_PHD,250.0,,,,,,,,False,,8813083.0,8813545.0,,,
y1_d085_RYU_PHD,251.0,,,,,,,,False,,8843740.0,8844235.0,,,
y1_d085_RYU_PHD,253.0,,,,,,,,False,,8900566.0,8901028.0,,,
y1_d085_RYU_PHD,254.0,,,,,,,,False,,8918287.0,8918815.0,,,
y1_d085_RYU_PHD,255.0,,,,,,,,False,,8938417.0,8938912.0,,,
y1_d085_RYU_PHD,258.0,,,,,,,,False,,9017585.0,9018047.0,,,
y1_d085_RYU_PHD,259.0,,,,,,,,False,,9032897.0,9033392.0,,,
y1_d085_RYU_PHD,260.0,,,,,,,,False,,9051080.0,9051608.0,,,
y1_d085_RYU_PHD,273.0,,,,,,,,False,,9575483.0,9575945.0,,,
y1_d085_RYU_PHD,274.0,,,,,,,,False,,9596999.0,9597461.0,,,
y1_d085_RYU_PHD,275.0,,,,,,,,False,,9666563.0,9667058.0,,,
y1_d085_RYU_PHD,276.0,,,,,,,,False,,9689300.0,9689762.0,,,
y1_d085_RYU_PHD,277.0,,,,,,,,False,,9733190.0,9733652.0,,,
y1_d085_RYU_PHD,279.0,,,,,,,,False,,9782327.0,9782888.0,,,
y1_d085_RYU_PHD,280.0,,,,,,,,False,,9810113.0,9810641.0,,,
y1_d085_RYU_PHD,332.0,,,,,,,,False,,11496316.0,11496811.0,,,
y1_d086_OSW_VAS,12.0,,,,,,,,False,,265782.0,266282.0,,,
y1_d086_OSW_VAS,13.0,,,,,,,,False,,284732.0,285232.0,,,
y1_d086_OSW_VAS,32.0,,,,,,,,False,,867432.0,867882.0,,,
y1_d086_OSW_VAS,33.0,,,,,,,,False,,885832.0,886332.0,,,
y1_d086_OSW_VAS,34.0,,,,,,,,False,,909732.0,910232.0,,,
y1_d086_OSW_VAS,35.0,,,,,,,,False,,930932.0,931432.0,,,
y1_d086_OSW_VAS,36.0,,,,,,,,False,,950332.0,950832.0,,,
y1_d086_OSW_VAS,41.0,,,,,,,,False,,1067782.0,1068232.0,,,
y1_d086_OSW_VAS,42.0,,,,,,,,False,,1086532.0,1087032.0,,,
y1_d086_OSW_VAS,43.0,,,,,,,,False,,1104432.0,1104882.0,,,
y1_d086_OSW_VAS,44.0,,,,,,,,False,,1121332.0,1121832.0,,,
y1_d086_OSW_VAS,62.0,,,,,,,,False,,1731132.0,1731582.0,,,
y1_d086_OSW_VAS,66.0,,,,,,,,False,,1847032.0,1847632.0,,,
y1_d086_OSW_VAS,68.0,,,,,,,,False,,1900482.0,1900982.0,,,
y1_d086_OSW_VAS,76.0,,,,,,,,False,,2209382.0,2209882.0,,,
y1_d086_OSW_VAS,77.0,,,,,,,,False,,2224882.0,2225382.0,,,
y1_d086_OSW_VAS,79.0,,,,,,,,False,,2259882.0,2260332.0,,,
y1_d086_OSW_VAS,82.0,,,,,,,,False,,2319632.0,2320082.0,,,
y1_d086_OSW_VAS,89.0,,,,,,,,False,,2682182.0,2682732.0,,,
y1_d086_OSW_VAS,102.0,,,,,,,,False,,3175182.0,3175732.0,,,
y1_d086_OSW_VAS,116.0,,,,,,,,False,,3759832.0,3760382.0,,,
y1_d086_OSW_VAS,127.0,,,,,,,,False,,4192232.0,4192732.0,,,
y1_d086_OSW_VAS,129.0,,,,,,,,False,,4246082.0,4246582.0,,,
y1_d086_OSW_VAS,130.0,,,,,,,,False,,4260132.0,4260732.0,,,
y1_d086_OSW_VAS,131.0,,,,,,,,False,,4278232.0,4278782.0,,,
y1_d086_OSW_VAS,132.0,"Out (inning-ending, verify)",2.6,1.3,1.3,77.81124887909884,76.95555590611647,69.84890256540537,True,3.405990356332032,4294882.0,4295332.0,4296632.0,4297932.0,27
y1_d086_OSW_VAS,134.0,,,,,,,,False,,4494682.0,4495182.0,,,
y1_d086_OSW_VAS,135.0,,1.85,0.65,1.2,83.13786976538896,82.20424657873595,74.22418435264893,True,3.988773852509462,4521332.0,4521882.0,4522532.0,4523732.0,25
y1_d086_OSW_VAS,137.0,,,,,,,,False,,4606982.0,4607532.0,,,
y1_d086_OSW_VAS,138.0,,,,,,,,False,,4641132.0,4641632.0,,,
y1_d086_OSW_VAS,161.0,,,,,,,,False,,5429732.0,5430182.0,,,
y1_d086_OSW_VAS,162.0,,,,,,,,False,,5445432.0,5445932.0,,,
y1_d086_OSW_VAS,163.0,,3.05,1.8,1.25,77.10256575029855,76.23716902382908,69.25313341946098,True,2.434620146874229,5463732.0,5464282.0,5466082.0,5467332.0,26
y1_d086_OSW_VAS,165.0,,,,,,,,False,,5639232.0,5639782.0,,,
y1_d086_OSW_VAS,166.0,,,,,,,,False,,5829882.0,5830382.0,,,
y1_d086_OSW_VAS,203.0,,,,,,,,False,,7269732.0,7270232.0,,,
y1_d086_OSW_VAS,204.0,,,,,,,,False,,7285832.0,7286332.0,,,
y1_d086_OSW_VAS,205.0,,,,,,,,False,,7317132.0,7317632.0,,,
y1_d086_OSW_VAS,206.0,,,,,,,,False,,7333482.0,7333982.0,,,
y1_d086_OSW_VAS,223.0,,,,,,,,False,,8034482.0,8034932.0,,,
y1_d086_OSW_VAS,225.0,,,,,,,,False,,8078182.0,8078682.0,,,
y1_d086_OSW_VAS,232.0,,,,,,,,False,,8424882.0,8425382.0,,,
y1_d086_OSW_VAS,242.0,,,,,,,,False,,8756982.0,8757432.0,,,
y1_d086_OSW_VAS,262.0,,,,,,,,False,,9547832.0,9548282.0,,,
y1_d086_OSW_VAS,263.0,,,,,,,,False,,9565632.0,9566132.0,,,
y1_d086_OSW_VAS,264.0,,,,,,,,False,,9584232.0,9584732.0,,,
y1_d086_OSW_VAS,266.0,,,,,,,,False,,9645532.0,9646032.0,,,
y1_d086_OSW_VAS,267.0,,,,,,,,False,,9663082.0,9663582.0,,,
y1_d086_OSW_VAS,268.0,,,,,,,,False,,9690032.0,9690482.0,,,
y1_d086_OSW_VAS,270.0,,,,,,,,False,,9734382.0,9734882.0,,,
y1_d086_OSW_VAS,287.0,,,,,,,,False,,10394632.0,10395132.0,,,
y1_d086_OSW_VAS,290.0,,,,,,,,False,,10511782.0,10512232.0,,,
y1_d086_OSW_VAS,291.0,,,,,,,,False,,10532632.0,10533082.0,,,
y1_d086_OSW_VAS,321.0,,,,,,,,False,,11449632.0,11450082.0,,,
y1_d086_ZGC_ARN,12.0,,,,,,,,False,,309194.0,309644.0,,,
y1_d086_ZGC_ARN,14.0,,,,,,,,False,,336644.0,337144.0,,,
y1_d086_ZGC_ARN,15.0,,,,,,,,False,,354494.0,354994.0,,,
y1_d086_ZGC_ARN,17.0,,,,,,,,False,,398594.0,399094.0,,,
y1_d086_ZGC_ARN,20.0,,,,,,,,False,,468144.0,468594.0,,,
y1_d086_ZGC_ARN,21.0,,,,,,,,False,,486894.0,487344.0,,,
y1_d086_ZGC_ARN,22.0,,,,,,,,False,,510094.0,510544.0,,,
y1_d086_ZGC_ARN,66.0,,,,,,,,False,,1976494.0,1976994.0,,,
y1_d086_ZGC_ARN,67.0,,,,,,,,False,,1992294.0,1992794.0,,,
y1_d086_ZGC_ARN,133.0,,,,,,,,False,,3821194.0,3821694.0,,,
y1_d086_ZGC_ARN,134.0,,,,,,,,False,,3836994.0,3837494.0,,,
y1_d086_ZGC_ARN,135.0,,,,,,,,False,,3852944.0,3853444.0,,,
y1_d086_ZGC_ARN,136.0,,,,,,,,False,,3866944.0,3867394.0,,,
y1_d086_ZGC_ARN,137.0,,,,,,,,False,,3881544.0,3882044.0,,,
y1_d086_ZGC_ARN,158.0,,,,,,,,False,,4423444.0,4423894.0,,,
y1_d086_ZGC_ARN,194.0,,,,,,,,False,,5444694.0,5445244.0,,,
y1_d086_ZGC_ARN,195.0,,,,,,,,False,,5469744.0,5470244.0,,,
y1_d086_ZGC_ARN,210.0,,,,,,,,False,,5847944.0,5848444.0,,,
y1_d086_ZGC_ARN,213.0,,,,,,,,False,,5917794.0,5918394.0,,,
y1_d086_ZGC_ARN,214.0,,,,,,,,False,,5931994.0,5932494.0,,,
y1_d086_ZGC_ARN,216.0,,,,,,,,False,,6131844.0,6132294.0,,,
y1_d086_ZGC_ARN,217.0,,1.95,0.7,1.25,76.38799729527156,75.59828588276505,69.26344807026919,True,3.7857142748304136,6148444.0,6148944.0,6149644.0,6150894.0,26
y1_d086_ZGC_ARN,260.0,,,,,,,,False,,7923444.0,7923894.0,,,
y1_d086_ZGC_ARN,262.0,,,,,,,,False,,7968494.0,,,,
y1_d086_ZGC_ARN,269.0,,,,,,,,False,,8244194.0,8244644.0,,,
y1_d086_ZGC_ARN,271.0,,,,,,,,False,,8287994.0,8288494.0,,,
y1_d086_ZGC_ARN,272.0,,,,,,,,False,,8307844.0,,,,
y1_d086_ZGC_ARN,273.0,,,,,,,,False,,8343944.0,8344494.0,,,
y1_d086_ZGC_ARN,274.0,,,,,,,,False,,8361144.0,8361594.0,,,
y1_d086_ZGC_ARN,283.0,,,,,,,,False,,8584894.0,8585344.0,,,
y1_d086_ZGC_ARN,284.0,,,,,,,,False,,8604444.0,8604894.0,,,
y1_d086_ZGC_ARN,285.0,,,,,,,,False,,8625994.0,8626444.0,,,
y1_d086_ZGC_ARN,286.0,,,,,,,,False,,8650694.0,8651144.0,,,
y1_d086_ZGC_ARN,288.0,,,,,,,,False,,8705444.0,8705894.0,,,
y1_d087_OSW_VAS,11.0,,,,,,,,False,,234548.0,235010.0,,,
y1_d087_OSW_VAS,13.0,,,,,,,,False,,273521.0,273983.0,,,
y1_d087_OSW_VAS,31.0,,,,,,,,False,,853727.0,854189.0,,,
y1_d087_OSW_VAS,32.0,,,,,,,,False,,870161.0,870623.0,,,
y1_d087_OSW_VAS,36.0,,,,,,,,False,,963881.0,964442.0,,,
y1_d087_OSW_VAS,37.0,,,,,,,,False,,981074.0,981536.0,,,
y1_d087_OSW_VAS,59.0,,,,,,,,False,,1756245.0,1756740.0,,,
y1_d087_OSW_VAS,62.0,,1.947,0.759,1.188,79.067428307199,78.13575711630696,70.39865575236028,True,4.99830511652292,1815513.0,1816041.0,1816800.0,1817988.0,37
y1_d087_OSW_VAS,63.0,,,,,,,,False,,1844685.0,1845213.0,,,
y1_d087_OSW_VAS,64.0,,,,,,,,False,,1868280.0,1868775.0,,,
y1_d087_OSW_VAS,66.0,,,,,,,,False,,1938537.0,1938999.0,,,
y1_d087_OSW_VAS,92.0,,,,,,,,False,,2695095.0,2695557.0,,,
y1_d087_OSW_VAS,93.0,,,,,,,,False,,2714994.0,2715456.0,,,
y1_d087_OSW_VAS,104.0,,,,,,,,False,,3078555.0,3079017.0,,,
y1_d087_OSW_VAS,105.0,,,,,,,,False,,3097365.0,3097893.0,,,
y1_d087_OSW_VAS,119.0,,,,,,,,False,,3518512.0,3518974.0,,,
y1_d087_OSW_VAS,120.0,,,,,,,,False,,3537751.0,3538213.0,,,
y1_d087_OSW_VAS,121.0,,,,,,,,False,,3557023.0,3557518.0,,,
y1_d087_OSW_VAS,122.0,,,,,,,,False,,3579430.0,3579958.0,,,
y1_d087_OSW_VAS,123.0,,,,,,,,False,,3604840.0,3605335.0,,,
y1_d087_OSW_VAS,124.0,,,,,,,,False,,3632857.0,3633286.0,,,
y1_d087_OSW_VAS,131.0,,,,,,,,False,,3915568.0,3916096.0,,,
y1_d087_OSW_VAS,147.0,,,,,,,,False,,4494884.0,4495346.0,,,
y1_d087_OSW_VAS,148.0,,,,,,,,False,,4515740.0,4516202.0,,,
y1_d087_OSW_VAS,149.0,,,,,,,,False,,4536365.0,4536860.0,,,
y1_d087_OSW_VAS,152.0,,,,,,,,False,,4628963.0,4629392.0,,,
y1_d087_OSW_VAS,165.0,,,,,,,,False,,5085617.0,5086079.0,,,
y1_d087_OSW_VAS,166.0,,,,,,,,False,,5105021.0,5105549.0,,,
y1_d087_OSW_VAS,175.0,,,,,,,,False,,5429808.0,5430270.0,,,
y1_d087_OSW_VAS,176.0,,,,,,,,False,,5452149.0,5452611.0,,,
y1_d087_OSW_VAS,178.0,,,,,,,,False,,5509800.0,5510328.0,,,
y1_d087_OSW_VAS,180.0,,,,,,,,False,,5561214.0,5561676.0,,,
y1_d087_OSW_VAS,182.0,,,,,,,,False,,5615202.0,5615664.0,,,
y1_d087_OSW_VAS,224.0,,,,,,,,False,,7113238.0,7113832.0,,,
y1_d087_OSW_VAS,225.0,,,,,,,,False,,7133797.0,7134358.0,,,
y1_d087_OSW_VAS,232.0,,,,,,,,False,,7403441.0,7404002.0,,,
y1_d087_OSW_VAS,233.0,,,,,,,,False,,7420700.0,7421228.0,,,
y1_d087_OSW_VAS,235.0,,,,,,,,False,,7484126.0,7484588.0,,,
y1_d087_OSW_VAS,238.0,,,,,,,,False,,7561907.0,7562369.0,,,
y1_d087_OSW_VAS,240.0,,,,,,,,False,,7631042.0,7631504.0,,,
y1_d087_OSW_VAS,241.0,,,,,,,,False,,7650380.0,7650908.0,,,
y1_d087_OSW_VAS,242.0,,,,,,,,False,,7671599.0,7672094.0,,,
y1_d087_OSW_VAS,244.0,,,,,,,,False,,7729613.0,7730108.0,,,
y1_d087_OSW_VAS,247.0,,,,,,,,False,,7840526.0,7841054.0,,,
y1_d087_OSW_VAS,248.0,,,,,,,,False,,7881017.0,7881512.0,,,
y1_d087_OSW_VAS,255.0,,,,,,,,False,,8170758.0,8171253.0,,,
y1_d087_OSW_VAS,256.0,,,,,,,,False,,8188116.0,8188644.0,,,
y1_d087_OSW_VAS,258.0,,,,,,,,False,,8235999.0,8236527.0,,,
y1_d087_OSW_VAS,259.0,,,,,,,,False,,8268174.0,8268669.0,,,
y1_d087_OSW_VAS,260.0,,,,,,,,False,,8287413.0,8287974.0,,,
y1_d087_OSW_VAS,261.0,,,,,,,,False,,8308434.0,8308962.0,,,
y1_d087_OSW_VAS,262.0,,,,,,,,False,,8330940.0,8331435.0,,,
y1_d087_OSW_VAS,263.0,,,,,,,,False,,8353875.0,8354436.0,,,
y1_d087_OSW_VAS,265.0,,,,,,,,False,,8404266.0,8404761.0,,,
y1_d087_OSW_VAS,266.0,,,,,,,,False,,8440764.0,8441391.0,,,
y1_d087_OSW_VAS,267.0,,,,,,,,False,,8456703.0,8457297.0,,,
y1_d087_OSW_VAS,268.0,,,,,,,,False,,8475711.0,8476272.0,,,
y1_d087_OSW_VAS,271.0,,,,,,,,False,,8684964.0,8685459.0,,,
y1_d087_OSW_VAS,272.0,,,,,,,,False,,8701365.0,8701860.0,,,
y1_d087_OSW_VAS,273.0,,,,,,,,False,,8721330.0,8721792.0,,,
y1_d087_OSW_VAS,274.0,,,,,,,,False,,8752053.0,8752515.0,,,
y1_d087_OSW_VAS,275.0,,,,,,,,False,,8768190.0,8768652.0,,,
y1_d087_OSW_VAS,276.0,,,,,,,,False,,8786835.0,8787297.0,,,
y1_d087_OSW_VAS,277.0,,,,,,,,False,,8804985.0,8805480.0,,,
y1_d087_OSW_VAS,278.0,,,,,,,,False,,8824422.0,8824884.0,,,
y1_d087_OSW_VAS,279.0,,,,,,,,False,,8843529.0,8843991.0,,,
y1_d087_OSW_VAS,280.0,,,,,,,,False,,8872008.0,8872470.0,,,
y1_d087_OSW_VAS,294.0,,,,,,,,False,,9334438.0,9334999.0,,,
y1_d087_OSW_VAS,295.0,,,,,,,,False,,9352291.0,9352852.0,,,
y1_d087_OSW_VAS,296.0,,,,,,,,False,,9373609.0,9374038.0,,,
y1_d087_OSW_VAS,297.0,,,,,,,,False,,9398227.0,9398689.0,,,
y1_d087_OSW_VAS,313.0,,,,,,,,False,,9861118.0,9861679.0,,,
y1_d087_OSW_VAS,319.0,,,,,,,,False,,10026679.0,10027240.0,,,
y1_d087_OSW_VAS,320.0,,,,,,,,False,,10046479.0,10046974.0,,,
y1_d087_OSW_VAS,321.0,,,,,,,,False,,10072978.0,10073440.0,,,
y1_d087_OSW_VAS,322.0,,,,,,,,False,,10092052.0,10092547.0,,,
y1_d087_OSW_VAS,323.0,,,,,,,,False,,10115911.0,10116406.0,,,
y1_d087_OSW_VAS,334.0,,,,,,,,False,,10611473.0,10611968.0,,,
y1_d087_OSW_VAS,336.0,,,,,,,,False,,10658597.0,10659059.0,,,
y1_d087_OSW_VAS,337.0,,,,,,,,False,,10672424.0,10672919.0,,,
y1_d087_OSW_VAS,339.0,,,,,,,,False,,10735817.0,10736345.0,,,
y1_d087_OSW_VAS,340.0,,,,,,,,False,,10752317.0,10752779.0,,,
y1_d087_OSW_VAS,341.0,,,,,,,,False,,10768487.0,10768949.0,,,
y1_d087_OSW_VAS,346.0,,,,,,,,False,,11000972.0,11001500.0,,,
y1_d087_OSW_VAS,348.0,,,,,,,,False,,11058062.0,11058524.0,,,
y1_d087_OSW_VAS,349.0,,,,,,,,False,,11077334.0,11077796.0,,,
y1_d087_OSW_VAS,351.0,,,,,,,,False,,11126735.0,11127230.0,,,
y1_d087_OSW_VAS,355.0,,,,,,,,False,,11253984.0,11254479.0,,,
y1_d087_OSW_VAS,356.0,,,,,,,,False,,11284971.0,11285433.0,,,
y1_d087_OSW_VAS,357.0,,,,,,,,False,,11304012.0,11304474.0,,,
y1_d087_OSW_VAS,358.0,,,,,,,,False,,11321667.0,11322195.0,,,
y1_d087_ZGC_ARN,14.0,,,,,,,,False,,320891.0,321341.0,,,
y1_d087_ZGC_ARN,15.0,,,,,,,,False,,342591.0,343091.0,,,
y1_d087_ZGC_ARN,16.0,,,,,,,,False,,365891.0,366391.0,,,
y1_d087_ZGC_ARN,26.0,,,,,,,,False,,865741.0,866191.0,,,
y1_d087_ZGC_ARN,27.0,,,,,,,,False,,885391.0,885841.0,,,
y1_d087_ZGC_ARN,28.0,,,,,,,,False,,908991.0,909541.0,,,
y1_d087_ZGC_ARN,29.0,,,,,,,,False,,933441.0,933891.0,,,
y1_d087_ZGC_ARN,30.0,,,,,,,,False,,957441.0,957891.0,,,
y1_d087_ZGC_ARN,31.0,,,,,,,,False,,979541.0,979991.0,,,
y1_d087_ZGC_ARN,32.0,,,,,,,,False,,1015991.0,1016441.0,,,
y1_d087_ZGC_ARN,33.0,,,,,,,,False,,1042491.0,1042991.0,,,
y1_d087_ZGC_ARN,55.0,,,,,,,,False,,1854491.0,1854941.0,,,
y1_d087_ZGC_ARN,57.0,,,,,,,,False,,1911291.0,1911841.0,,,
y1_d087_ZGC_ARN,59.0,,,,,,,,False,,1954941.0,1955441.0,,,
y1_d087_ZGC_ARN,62.0,,2.0,0.75,1.25,77.22648352528375,76.41111564545434,70.08591746547873,True,4.195663355026758,2037241.0,2037741.0,2038491.0,2039741.0,26
y1_d087_ZGC_ARN,63.0,,,,,,,,False,,2068941.0,2069391.0,,,
y1_d087_ZGC_ARN,74.0,,,,,,,,False,,2512541.0,2512991.0,,,
y1_d087_ZGC_ARN,79.0,,,,,,,,False,,2682141.0,2682641.0,,,
y1_d087_ZGC_ARN,80.0,,,,,,,,False,,2703541.0,2704091.0,,,
y1_d087_ZGC_ARN,81.0,,,,,,,,False,,2728141.0,2728641.0,,,
y1_d087_ZGC_ARN,82.0,,,,,,,,False,,2768791.0,2769241.0,,,
y1_d087_ZGC_ARN,83.0,,,,,,,,False,,2792741.0,2793241.0,,,
y1_d087_ZGC_ARN,91.0,,,,,,,,False,,3058041.0,3058591.0,,,
y1_d087_ZGC_ARN,92.0,,,,,,,,False,,3081541.0,3082041.0,,,
y1_d087_ZGC_ARN,93.0,,1.85,0.65,1.2,75.751232351716,74.95627835764466,68.86639256565904,True,6.214005784748576,3108041.0,3109741.0,3110391.0,3111591.0,25
y1_d087_ZGC_ARN,128.0,,,,,,,,False,,4247241.0,4247741.0,,,
y1_d087_ZGC_ARN,129.0,,,,,,,,False,,4270341.0,4270841.0,,,
y1_d087_ZGC_ARN,141.0,,,,,,,,False,,4655191.0,4655641.0,,,
y1_d087_ZGC_ARN,144.0,,,,,,,,False,,4754541.0,4755041.0,,,
y1_d087_ZGC_ARN,145.0,,,,,,,,False,,4774491.0,4774991.0,,,
y1_d087_ZGC_ARN,146.0,,,,,,,,False,,4799941.0,4800441.0,,,
y1_d087_ZGC_ARN,148.0,,,,,,,,False,,4848341.0,4848841.0,,,
y1_d087_ZGC_ARN,149.0,,,,,,,,False,,4872291.0,4872791.0,,,
y1_d087_ZGC_ARN,191.0,,,,,,,,False,,6374691.0,6375191.0,,,
y1_d087_ZGC_ARN,193.0,,,,,,,,False,,6435841.0,6436341.0,,,
y1_d087_ZGC_ARN,195.0,,,,,,,,False,,6469691.0,6470191.0,,,
y1_d087_ZGC_ARN,196.0,,,,,,,,False,,6491891.0,6492391.0,,,
y1_d087_ZGC_ARN,199.0,,,,,,,,False,,6555841.0,6556391.0,,,
y1_d087_ZGC_ARN,200.0,,,,,,,,False,,6582791.0,6583241.0,,,
y1_d087_ZGC_ARN,201.0,,,,,,,,False,,6608741.0,6609291.0,,,
y1_d087_ZGC_ARN,211.0,,,,,,,,False,,6936491.0,6936991.0,,,
y1_d087_ZGC_ARN,212.0,,,,,,,,False,,6986441.0,6986941.0,,,
y1_d087_ZGC_ARN,233.0,,,,,,,,False,,7620241.0,7620741.0,,,
y1_d087_ZGC_ARN,234.0,,,,,,,,False,,7642741.0,7643241.0,,,
y1_d087_ZGC_ARN,235.0,,,,,,,,False,,7668591.0,7669041.0,,,
y1_d087_ZGC_ARN,244.0,,,,,,,,False,,8109741.0,8110291.0,,,
y1_d087_ZGC_ARN,245.0,,,,,,,,False,,8131991.0,8132441.0,,,
y1_d087_ZGC_ARN,246.0,,,,,,,,False,,8151891.0,,,,
y1_d087_ZGC_ARN,268.0,,,,,,,,False,,8993891.0,8994441.0,,,
y1_d087_ZGC_ARN,269.0,,,,,,,,False,,9015041.0,9015541.0,,,
y1_d087_ZGC_ARN,270.0,,,,,,,,False,,9047191.0,9047641.0,,,
y1_d087_ZGC_ARN,273.0,,,,,,,,False,,9139491.0,9139991.0,,,
y1_d087_ZGC_ARN,274.0,,,,,,,,False,,9151341.0,9151841.0,,,
y1_d087_ZGC_ARN,276.0,,,,,,,,False,,9187941.0,9188391.0,,,
y1_d087_ZGC_ARN,297.0,,,,,,,,False,,10009641.0,10010141.0,,,
y1_d087_ZGC_ARN,323.0,,,,,,,,False,,10797691.0,10798141.0,,,
y1_d087_ZGC_ARN,324.0,,,,,,,,False,,10817641.0,10818141.0,,,
y1_d087_ZGC_ARN,327.0,,,,,,,,False,,10930341.0,10930841.0,,,
y1_d088_OSW_VAS,11.0,,,,,,,,False,,396323.0,396818.0,,,
y1_d088_OSW_VAS,16.0,,,,,,,,False,,511493.0,511988.0,,,
y1_d088_OSW_VAS,17.0,,,,,,,,False,,529379.0,529940.0,,,
y1_d088_OSW_VAS,26.0,,,,,,,,False,,862712.0,863207.0,,,
y1_d088_OSW_VAS,27.0,,,,,,,,False,,878882.0,879377.0,,,
y1_d088_OSW_VAS,29.0,,,,,,,,False,,917558.0,918053.0,,,
y1_d088_OSW_VAS,57.0,,,,,,,,False,,1814598.0,1815159.0,,,
y1_d088_OSW_VAS,66.0,,,,,,,,False,,2058567.0,2059062.0,,,
y1_d088_OSW_VAS,105.0,,,,,,,,False,,3283231.0,3283726.0,,,
y1_d088_OSW_VAS,106.0,,,,,,,,False,,3298708.0,3299269.0,,,
y1_d088_OSW_VAS,124.0,,,,,,,,False,,3827633.0,3828161.0,,,
y1_d088_OSW_VAS,125.0,,,,,,,,False,,3847070.0,3847598.0,,,
y1_d088_OSW_VAS,126.0,,,,,,,,False,,3873107.0,3873602.0,,,
y1_d088_OSW_VAS,128.0,,,,,,,,False,,4009199.0,4009694.0,,,
y1_d088_OSW_VAS,131.0,,,,,,,,False,,4084835.0,4085330.0,,,
y1_d088_OSW_VAS,150.0,,,,,,,,False,,4940064.0,4940559.0,,,
y1_d088_OSW_VAS,151.0,,,,,,,,False,,4962504.0,4962999.0,,,
y1_d088_OSW_VAS,152.0,,,,,,,,False,,4983789.0,4984284.0,,,
y1_d088_OSW_VAS,178.0,,,,,,,,False,,5892016.0,5892511.0,,,
y1_d088_OSW_VAS,179.0,,,,,,,,False,,5908813.0,5909308.0,,,
y1_d088_OSW_VAS,182.0,,,,,,,,False,,5982568.0,5983096.0,,,
y1_d088_OSW_VAS,185.0,,,,,,,,False,,6171262.0,6171757.0,,,
y1_d088_OSW_VAS,186.0,,,,,,,,False,,6189049.0,6189577.0,,,
y1_d088_OSW_VAS,207.0,,,,,,,,False,,6858554.0,6859016.0,,,
y1_d088_OSW_VAS,209.0,,,,,,,,False,,6908813.0,6909275.0,,,
y1_d088_OSW_VAS,253.0,,,,,,,,False,,8508028.0,8508523.0,,,
y1_d088_OSW_VAS,254.0,,,,,,,,False,,8525848.0,8526376.0,,,
y1_d088_OSW_VAS,255.0,,,,,,,,False,,8563798.0,8564260.0,,,
y1_d088_OSW_VAS,257.0,,,,,,,,False,,8612473.0,8613001.0,,,
y1_d088_ZGC_ARN,6.0,,,,,,,,False,,178748.0,179298.0,,,
y1_d088_ZGC_ARN,7.0,,,,,,,,False,,200548.0,201048.0,,,
y1_d088_ZGC_ARN,8.0,,,,,,,,False,,220898.0,221398.0,,,
y1_d088_ZGC_ARN,26.0,,,,,,,,False,,867248.0,867748.0,,,
y1_d088_ZGC_ARN,27.0,,,,,,,,False,,887198.0,887748.0,,,
y1_d088_ZGC_ARN,28.0,,,,,,,,False,,910298.0,910798.0,,,
y1_d088_ZGC_ARN,29.0,,,,,,,,False,,939048.0,939548.0,,,
y1_d088_ZGC_ARN,30.0,,,,,,,,False,,972198.0,972648.0,,,
y1_d088_ZGC_ARN,31.0,,,,,,,,False,,998848.0,999298.0,,,
y1_d088_ZGC_ARN,32.0,,,,,,,,False,,1020148.0,1020598.0,,,
y1_d088_ZGC_ARN,33.0,,,,,,,,False,,1042598.0,1043048.0,,,
y1_d088_ZGC_ARN,42.0,,,,,,,,False,,1410248.0,1410798.0,,,
y1_d088_ZGC_ARN,43.0,,,,,,,,False,,1439448.0,1439948.0,,,
y1_d088_ZGC_ARN,46.0,,,,,,,,False,,1562598.0,1563198.0,,,
y1_d088_ZGC_ARN,48.0,,,,,,,,False,,1615048.0,1615548.0,,,
y1_d088_ZGC_ARN,49.0,,,,,,,,False,,1641548.0,1642148.0,,,
y1_d088_ZGC_ARN,50.0,,,,,,,,False,,1680248.0,1680748.0,,,
y1_d088_ZGC_ARN,51.0,,,,,,,,False,,1700548.0,1701148.0,,,
y1_d088_ZGC_ARN,64.0,,,,,,,,False,,2116398.0,2116898.0,,,
y1_d088_ZGC_ARN,65.0,,2.0,0.65,1.35,74.96641076381913,74.1352172415053,67.52927335056962,True,6.316203825451852,2138448.0,2138898.0,2139548.0,2140898.0,28
y1_d088_ZGC_ARN,67.0,,,,,,,,False,,2208348.0,2208898.0,,,
y1_d088_ZGC_ARN,68.0,,,,,,,,False,,2230148.0,2230698.0,,,
y1_d088_ZGC_ARN,72.0,,,,,,,,False,,2371648.0,2372148.0,,,
y1_d088_ZGC_ARN,73.0,,,,,,,,False,,2390698.0,2391248.0,,,
y1_d088_ZGC_ARN,74.0,,,,,,,,False,,2410248.0,2410748.0,,,
y1_d088_ZGC_ARN,92.0,,,,,,,,False,,3070398.0,3070948.0,,,
y1_d088_ZGC_ARN,107.0,,,,,,,,False,,3569248.0,3569748.0,,,
y1_d088_ZGC_ARN,108.0,,,,,,,,False,,3588898.0,3589398.0,,,
y1_d088_ZGC_ARN,109.0,,,,,,,,False,,3614448.0,3614998.0,,,
y1_d088_ZGC_ARN,110.0,,,,,,,,False,,3636248.0,3636748.0,,,
y1_d088_ZGC_ARN,137.0,,,,,,,,False,,4758398.0,4758948.0,,,
y1_d088_ZGC_ARN,138.0,,,,,,,,False,,4776998.0,,,,
y1_d088_ZGC_ARN,151.0,,,,,,,,False,,5342948.0,5343448.0,,,
y1_d088_ZGC_ARN,153.0,,,,,,,,False,,5385698.0,5386248.0,,,
y1_d088_ZGC_ARN,154.0,,,,,,,,False,,5409098.0,5409648.0,,,
y1_d088_ZGC_ARN,157.0,,,,,,,,False,,5497548.0,5498098.0,,,
y1_d088_ZGC_ARN,160.0,,,,,,,,False,,5562648.0,5563148.0,,,
y1_d088_ZGC_ARN,161.0,,,,,,,,False,,5584398.0,5584998.0,,,
y1_d088_ZGC_ARN,162.0,,,,,,,,False,,5606248.0,5606848.0,,,
y1_d088_ZGC_ARN,164.0,,,,,,,,False,,5667648.0,5668098.0,,,
y1_d088_ZGC_ARN,166.0,,,,,,,,False,,5720398.0,5723098.0,,,
y1_d088_ZGC_ARN,167.0,,,,,,,,False,,5754548.0,5755048.0,,,
y1_d088_ZGC_ARN,168.0,,,,,,,,False,,5774848.0,5775398.0,,,
y1_d088_ZGC_ARN,169.0,,,,,,,,False,,5798448.0,5798948.0,,,
y1_d088_ZGC_ARN,170.0,,,,,,,,False,,5817398.0,5817948.0,,,
y1_d088_ZGC_ARN,232.0,,,,,,,,False,,7995148.0,7995598.0,,,
y1_d088_ZGC_ARN,233.0,,,,,,,,False,,8015598.0,8016098.0,,,
y1_d088_ZGC_ARN,234.0,,,,,,,,False,,8037548.0,8038048.0,,,
y1_d088_ZGC_ARN,235.0,,,,,,,,False,,8060448.0,,,,
y1_d088_ZGC_ARN,264.0,,,,,,,,False,,9181398.0,9181898.0,,,
y1_d088_ZGC_ARN,265.0,,,,,,,,False,,9203298.0,9203798.0,,,
y1_d088_ZGC_ARN,266.0,,,,,,,,False,,9222448.0,9222898.0,,,
y1_d088_ZGC_ARN,268.0,,,,,,,,False,,9273148.0,9273648.0,,,
y1_d088_ZGC_ARN,271.0,,,,,,,,False,,9352848.0,9353398.0,,,
y1_d088_ZGC_ARN,275.0,,,,,,,,False,,9470048.0,9470548.0,,,
y1_d088_ZGC_ARN,276.0,,,,,,,,False,,9490098.0,9490598.0,,,
y1_d088_ZGC_ARN,277.0,,,,,,,,False,,9519548.0,9519998.0,,,
y1_d088_ZGC_ARN,279.0,,,,,,,,False,,9568248.0,9568748.0,,,
y1_d088_ZGC_ARN,282.0,,,,,,,,False,,9646098.0,9646648.0,,,
y1_d088_ZGC_ARN,283.0,,,,,,,,False,,9670248.0,9670748.0,,,
y1_d088_ZGC_ARN,290.0,,,,,,,,False,,10047598.0,10048048.0,,,
y1_d088_ZGC_ARN,292.0,,,,,,,,False,,10115998.0,10116548.0,,,
y1_d088_ZGC_ARN,293.0,,,,,,,,False,,10145298.0,10145748.0,,,
y1_d088_ZGC_ARN,294.0,,,,,,,,False,,10193498.0,10194048.0,,,
y1_d089_PHD_VAS,14.0,,,,,,,,False,,307864.0,308314.0,,,
y1_d089_PHD_VAS,15.0,,,,,,,,False,,326764.0,327314.0,,,
y1_d089_PHD_VAS,16.0,,,,,,,,False,,346114.0,346564.0,,,
y1_d089_PHD_VAS,21.0,,,,,,,,False,,577814.0,578314.0,,,
y1_d089_PHD_VAS,26.0,,,,,,,,False,,711914.0,712364.0,,,
y1_d089_PHD_VAS,27.0,,,,,,,,False,,730764.0,731264.0,,,
y1_d089_PHD_VAS,28.0,,,,,,,,False,,751264.0,751814.0,,,
y1_d089_PHD_VAS,29.0,,,,,,,,False,,773164.0,773664.0,,,
y1_d089_PHD_VAS,30.0,,,,,,,,False,,798564.0,799064.0,,,
y1_d089_PHD_VAS,31.0,,,,,,,,False,,820164.0,820664.0,,,
y1_d089_PHD_VAS,36.0,,,,,,,,False,,1091164.0,1091614.0,,,
y1_d089_PHD_VAS,38.0,,,,,,,,False,,1128414.0,1128964.0,,,
y1_d089_PHD_VAS,83.0,,,,,,,,False,,2723114.0,2723564.0,,,
y1_d089_PHD_VAS,84.0,,,,,,,,False,,2745964.0,2746464.0,,,
y1_d089_PHD_VAS,87.0,,,,,,,,False,,2821664.0,2822214.0,,,
y1_d089_PHD_VAS,88.0,,,,,,,,False,,2856414.0,2856914.0,,,
y1_d089_PHD_VAS,89.0,,,,,,,,False,,2879114.0,2879564.0,,,
y1_d089_PHD_VAS,90.0,,,,,,,,False,,2923764.0,2924264.0,,,
y1_d089_PHD_VAS,92.0,,,,,,,,False,,2961614.0,2962114.0,,,
y1_d089_PHD_VAS,94.0,,,,,,,,False,,3041414.0,3041914.0,,,
y1_d089_PHD_VAS,103.0,,,,,,,,False,,3366814.0,3367314.0,,,
y1_d089_PHD_VAS,104.0,,,,,,,,False,,3387364.0,3387864.0,,,
y1_d089_PHD_VAS,105.0,,,,,,,,False,,3407164.0,3407664.0,,,
y1_d089_PHD_VAS,107.0,,,,,,,,False,,3452714.0,3453164.0,,,
y1_d089_PHD_VAS,108.0,,,,,,,,False,,3487064.0,3487614.0,,,
y1_d089_PHD_VAS,119.0,,,,,,,,False,,3799014.0,3799464.0,,,
y1_d089_PHD_VAS,120.0,,,,,,,,False,,3820964.0,3821464.0,,,
y1_d089_PHD_VAS,121.0,,,,,,,,False,,3849164.0,3849664.0,,,
y1_d089_PHD_VAS,122.0,,,,,,,,False,,3877514.0,3877964.0,,,
y1_d089_PHD_VAS,130.0,,,,,,,,False,,4198714.0,4199214.0,,,
y1_d089_PHD_VAS,131.0,,,,,,,,False,,4223864.0,,,,
y1_d089_PHD_VAS,145.0,,,,,,,,False,,4707014.0,4707514.0,,,
y1_d089_PHD_VAS,146.0,,,,,,,,False,,4727364.0,4727864.0,,,
y1_d089_PHD_VAS,174.0,,,,,,,,False,,5820064.0,5820564.0,,,
y1_d089_PHD_VAS,176.0,,1.95,0.75,1.2,78.46334983490638,77.68725853925474,71.1366570807471,True,1.3660322389771768,5859114.0,5859664.0,5860414.0,5861614.0,25
y1_d089_PHD_VAS,177.0,,,,,,,,False,,5892614.0,5893114.0,,,
y1_d089_PHD_VAS,178.0,,,,,,,,False,,5916964.0,5917514.0,,,
y1_d089_PHD_VAS,188.0,,,,,,,,False,,6302514.0,6303064.0,,,
y1_d089_PHD_VAS,190.0,,,,,,,,False,,6335914.0,6336414.0,,,
y1_d089_PHD_VAS,191.0,,,,,,,,False,,6360914.0,6361464.0,,,
y1_d089_PHD_VAS,192.0,,,,,,,,False,,6384864.0,6385314.0,,,
y1_d089_PHD_VAS,197.0,,,,,,,,False,,6534864.0,6535364.0,,,
y1_d089_PHD_VAS,217.0,,,,,,,,False,,7389464.0,7389914.0,,,
y1_d089_PHD_VAS,218.0,,,,,,,,False,,7412164.0,7412664.0,,,
y1_d089_PHD_VAS,220.0,,,,,,,,False,,7476414.0,7476914.0,,,
y1_d089_PHD_VAS,221.0,,,,,,,,False,,7497114.0,7497564.0,,,
y1_d089_PHD_VAS,222.0,,,,,,,,False,,7518064.0,7518614.0,,,
y1_d089_PHD_VAS,223.0,,,,,,,,False,,7539064.0,7539564.0,,,
y1_d089_PHD_VAS,224.0,,,,,,,,False,,7558364.0,7558864.0,,,
y1_d089_PHD_VAS,225.0,,,,,,,,False,,7580464.0,7580964.0,,,
y1_d089_PHD_VAS,239.0,,,,,,,,False,,8192164.0,8192664.0,,,
y1_d089_PHD_VAS,240.0,,,,,,,,False,,8213864.0,8214414.0,,,
y1_d089_PHD_VAS,241.0,,,,,,,,False,,8234714.0,8235264.0,,,
y1_d089_PHD_VAS,242.0,,,,,,,,False,,8261214.0,8261764.0,,,
y1_d089_PHD_VAS,243.0,,,,,,,,False,,8295214.0,8295714.0,,,
y1_d089_PHD_VAS,244.0,,,,,,,,False,,8317214.0,8321314.0,,,
y1_d089_PHD_VAS,245.0,,,,,,,,False,,8355914.0,8356464.0,,,
y1_d089_PHD_VAS,278.0,,,,,,,,False,,9651214.0,9651714.0,,,
y1_d089_PHD_VAS,281.0,,,,,,,,False,,9722814.0,9723314.0,,,
y1_d089_PHD_VAS,282.0,,,,,,,,False,,9743014.0,9743514.0,,,
y1_d089_PHD_VAS,284.0,,,,,,,,False,,9798264.0,9798764.0,,,
y1_d089_PHD_VAS,287.0,,,,,,,,False,,9887964.0,,,,
y1_d089_PHD_VAS,288.0,,,,,,,,False,,9918814.0,9919314.0,,,
y1_d089_PHD_VAS,289.0,,,,,,,,False,,9939214.0,9939664.0,,,
y1_d089_PHD_VAS,290.0,,,,,,,,False,,9960364.0,9960864.0,,,
y1_d089_ZGC_ARN,11.0,,,,,,,,False,,385394.0,385944.0,,,
y1_d089_ZGC_ARN,12.0,,,,,,,,False,,403744.0,404244.0,,,
y1_d089_ZGC_ARN,13.0,,,,,,,,False,,427744.0,428244.0,,,
y1_d089_ZGC_ARN,31.0,,,,,,,,False,,1108894.0,1109344.0,,,
y1_d089_ZGC_ARN,34.0,,,,,,,,False,,1169744.0,1170194.0,,,
y1_d089_ZGC_ARN,37.0,,,,,,,,False,,1263794.0,1264244.0,,,
y1_d089_ZGC_ARN,65.0,,,,,,,,False,,2184594.0,2185044.0,,,
y1_d089_ZGC_ARN,66.0,,,,,,,,False,,2202644.0,2203144.0,,,
y1_d089_ZGC_ARN,67.0,,,,,,,,False,,2220844.0,2221394.0,,,
y1_d089_ZGC_ARN,69.0,,,,,,,,False,,2263494.0,2263994.0,,,
y1_d089_ZGC_ARN,77.0,,,,,,,,False,,2607144.0,2607644.0,,,
y1_d089_ZGC_ARN,80.0,,,,,,,,False,,2674744.0,2675244.0,,,
y1_d089_ZGC_ARN,81.0,,,,,,,,False,,2697944.0,2698494.0,,,
y1_d089_ZGC_ARN,94.0,,2.15,0.7,1.45,71.9390428381294,71.08032527675356,64.62737491335919,True,9.196299873582515,3162244.0,3162744.0,3163444.0,3164894.0,30
y1_d089_ZGC_ARN,96.0,,,,,,,,False,,3255144.0,3255644.0,,,
y1_d089_ZGC_ARN,97.0,,,,,,,,False,,3281544.0,3282094.0,,,
y1_d089_ZGC_ARN,105.0,,,,,,,,False,,3539494.0,3539994.0,,,
y1_d089_ZGC_ARN,106.0,,,0.65,,,,,False,,3557594.0,3558044.0,3558694.0,,
y1_d089_ZGC_ARN,108.0,,,,,,,,False,,3672094.0,3672544.0,,,
y1_d089_ZGC_ARN,120.0,,,,,,,,False,,4139844.0,4140394.0,,,
y1_d089_ZGC_ARN,121.0,,,,,,,,False,,4170694.0,4171194.0,,,
y1_d089_ZGC_ARN,123.0,,,,,,,,False,,4233644.0,4234144.0,,,
y1_d089_ZGC_ARN,124.0,,,,,,,,False,,4255194.0,4255694.0,,,
y1_d089_ZGC_ARN,125.0,,,,,,,,False,,4280644.0,4281194.0,,,
y1_d089_ZGC_ARN,139.0,,,,,,,,False,,4732894.0,4733394.0,,,
y1_d089_ZGC_ARN,140.0,,,,,,,,False,,4750944.0,4751444.0,,,
y1_d089_ZGC_ARN,142.0,,,,,,,,False,,4850044.0,4850594.0,,,
y1_d089_ZGC_ARN,143.0,,,0.8,,,,,False,,4871194.0,4873894.0,4874694.0,,
y1_d089_ZGC_ARN,144.0,,,,,,,,False,,4914744.0,4915294.0,,,
y1_d089_ZGC_ARN,145.0,,,,,,,,False,,4937794.0,4938294.0,,,
y1_d089_ZGC_ARN,146.0,,,,,,,,False,,4964144.0,4964694.0,,,
y1_d089_ZGC_ARN,148.0,,,,,,,,False,,5016594.0,5017044.0,,,
y1_d089_ZGC_ARN,161.0,,,,,,,,False,,5420094.0,5420544.0,,,
y1_d089_ZGC_ARN,162.0,,,,,,,,False,,5437744.0,5438294.0,,,
y1_d089_ZGC_ARN,164.0,,,,,,,,False,,5494044.0,5494544.0,,,
y1_d089_ZGC_ARN,165.0,,,,,,,,False,,5516644.0,5517144.0,,,
y1_d089_ZGC_ARN,172.0,,,,,,,,False,,5885044.0,5885594.0,,,
y1_d089_ZGC_ARN,173.0,,,,,,,,False,,5904894.0,5905444.0,,,
y1_d089_ZGC_ARN,175.0,,,,,,,,False,,5960594.0,5961144.0,,,
y1_d089_ZGC_ARN,176.0,,,,,,,,False,,5987744.0,5988194.0,,,
y1_d089_ZGC_ARN,178.0,,,,,,,,False,,6036694.0,6037244.0,,,
y1_d089_ZGC_ARN,179.0,,,,,,,,False,,6079194.0,6079744.0,,,
y1_d089_ZGC_ARN,204.0,,,,,,,,False,,6911494.0,6911994.0,,,
y1_d089_ZGC_ARN,205.0,,,,,,,,False,,6930344.0,6930844.0,,,
y1_d089_ZGC_ARN,208.0,,,,,,,,False,,7017294.0,7017794.0,,,
y1_d089_ZGC_ARN,211.0,,,,,,,,False,,7246444.0,7246894.0,,,
y1_d089_ZGC_ARN,223.0,,,,,,,,False,,7694594.0,7695094.0,,,
y1_d089_ZGC_ARN,240.0,,,,,,,,False,,8259094.0,8259594.0,,,
y1_d089_ZGC_ARN,241.0,,,,,,,,False,,8277194.0,8277694.0,,,
y1_d089_ZGC_ARN,242.0,,,,,,,,False,,8298194.0,8298694.0,,,
y1_d089_ZGC_ARN,243.0,,,,,,,,False,,8325194.0,8325694.0,,,
y1_d089_ZGC_ARN,244.0,,,,,,,,False,,8347544.0,8347994.0,,,
y1_d089_ZGC_ARN,250.0,,,,,,,,False,,8647244.0,8647694.0,,,
y1_d089_ZGC_ARN,254.0,,,,,,,,False,,8756744.0,8757194.0,,,
y1_d089_ZGC_ARN,255.0,,,,,,,,False,,8779494.0,8779944.0,,,
y1_d089_ZGC_ARN,256.0,,,,,,,,False,,8799794.0,8800244.0,,,
y1_d089_ZGC_ARN,264.0,,,,,,,,False,,9134694.0,9135144.0,,,
y1_d089_ZGC_ARN,265.0,,,,,,,,False,,9159444.0,9159944.0,,,
y1_d089_ZGC_ARN,267.0,,1.9,0.7,1.2,76.92527295149125,76.23986990094545,70.75638725634042,True,3.484115305283657,9222594.0,9223094.0,9223794.0,9224994.0,25
y1_d089_ZGC_ARN,268.0,,,,,,,,False,,9255194.0,9255644.0,,,
y1_d089_ZGC_ARN,269.0,,,,,,,,False,,9275494.0,9275994.0,,,
y1_d089_ZGC_ARN,270.0,,,,,,,,False,,9295244.0,9295694.0,,,
y1_d089_ZGC_ARN,271.0,,,,,,,,False,,9323394.0,9323844.0,,,
y1_d089_ZGC_ARN,273.0,,,,,,,,False,,9385594.0,9386044.0,,,
y1_d089_ZGC_ARN,275.0,,,,,,,,False,,9439694.0,9440194.0,,,
y1_d089_ZGC_ARN,285.0,,,,,,,,False,,9826694.0,9827244.0,,,
y1_d089_ZGC_ARN,286.0,,,,,,,,False,,9852144.0,9852594.0,,,
y1_d089_ZGC_ARN,288.0,,,,,,,,False,,9914444.0,9914894.0,,,
y1_d089_ZGC_ARN,290.0,,,,,,,,False,,9984744.0,9985194.0,,,
y1_d090_PHD_VAS,9.0,,,,,,,,False,,234752.0,235302.0,,,
y1_d090_PHD_VAS,13.0,,,,,,,,False,,341702.0,342202.0,,,
y1_d090_PHD_VAS,14.0,,,,,,,,False,,374352.0,374902.0,,,
y1_d090_PHD_VAS,15.0,,,,,,,,False,,394452.0,394952.0,,,
y1_d090_PHD_VAS,17.0,,,,,,,,False,,435252.0,435752.0,,,
y1_d090_PHD_VAS,18.0,,,,,,,,False,,459402.0,459902.0,,,
y1_d090_PHD_VAS,20.0,,,,,,,,False,,514552.0,515002.0,,,
y1_d090_PHD_VAS,22.0,,,,,,,,False,,590652.0,591102.0,,,
y1_d090_PHD_VAS,23.0,,,,,,,,False,,611202.0,611652.0,,,
y1_d090_PHD_VAS,24.0,,,,,,,,False,,635752.0,636202.0,,,
y1_d090_PHD_VAS,91.0,,,,,,,,False,,3523569.0,3524019.0,,,
y1_d090_PHD_VAS,94.0,,,0.7,,,,,False,,3606219.0,3609319.0,3610019.0,,
y1_d090_PHD_VAS,108.0,,,,,,,,False,,4173169.0,4173669.0,,,
y1_d090_PHD_VAS,110.0,,,,,,,,False,,4223019.0,4223519.0,,,
y1_d090_PHD_VAS,111.0,,,,,,,,False,,4245169.0,4245619.0,,,
y1_d090_PHD_VAS,114.0,,,,,,,,False,,4329469.0,4329969.0,,,
y1_d090_PHD_VAS,143.0,,,,,,,,False,,5436819.0,5437269.0,,,
y1_d090_PHD_VAS,146.0,,,,,,,,False,,5497969.0,5498469.0,,,
y1_d090_PHD_VAS,147.0,,,,,,,,False,,5520919.0,5521419.0,,,
y1_d090_PHD_VAS,148.0,,,,,,,,False,,5556569.0,5557019.0,,,
y1_d090_PHD_VAS,167.0,,,,,,,,False,,6116719.0,6117169.0,,,
y1_d090_PHD_VAS,168.0,,,,,,,,False,,6139069.0,6139569.0,,,
y1_d090_PHD_VAS,169.0,,,,,,,,False,,6163469.0,6163969.0,,,
y1_d090_PHD_VAS,170.0,,,,,,,,False,,6191869.0,6192319.0,,,
y1_d090_PHD_VAS,174.0,,,,,,,,False,,6347119.0,6347619.0,,,
y1_d090_PHD_VAS,194.0,,,,,,,,False,,7138469.0,7138919.0,,,
y1_d090_PHD_VAS,195.0,,,,,,,,False,,7160669.0,7161219.0,,,
y1_d090_PHD_VAS,196.0,,,,,,,,False,,7184219.0,7184669.0,,,
y1_d090_PHD_VAS,209.0,,,,,,,,False,,7579319.0,7579819.0,,,
y1_d090_PHD_VAS,210.0,,,,,,,,False,,7593219.0,7593719.0,,,
y1_d090_PHD_VAS,263.0,,,,,,,,False,,9248869.0,9249319.0,,,
y1_d090_PHD_VAS,264.0,,,,,,,,False,,9265219.0,9265719.0,,,
y1_d090_PHD_VAS,265.0,,,,,,,,False,,9285669.0,9286169.0,,,
y1_d090_PHD_VAS,266.0,,,,,,,,False,,9306019.0,,,,
y1_d090_PHD_VAS,267.0,,,,,,,,False,,9360969.0,9361469.0,,,
y1_d090_PHD_VAS,269.0,,,,,,,,False,,9409419.0,9409869.0,,,
y1_d090_PHD_VAS,286.0,,,,,,,,False,,10050719.0,10051219.0,,,
y1_d090_PHD_VAS,289.0,,,,,,,,False,,10168319.0,10168869.0,,,
y1_d090_PHD_VAS,291.0,,,,,,,,False,,10228719.0,10229169.0,,,
y1_d090_PHD_VAS,296.0,,,,,,,,False,,10403369.0,10403869.0,,,
y1_d091_PHD_VAS,23.0,,,,,,,,False,,739233.0,739783.0,,,
y1_d091_PHD_VAS,24.0,,,,,,,,False,,762983.0,763533.0,,,
y1_d091_PHD_VAS,40.0,,,,,,,,False,,1329133.0,1329733.0,,,
y1_d091_PHD_VAS,41.0,,,,,,,,False,,1351033.0,1351633.0,,,
y1_d091_PHD_VAS,42.0,,,,,,,,False,,1373283.0,1373833.0,,,
y1_d091_PHD_VAS,45.0,,,,,,,,False,,1505983.0,1506533.0,,,
y1_d091_PHD_VAS,46.0,,,,,,,,False,,1531183.0,1531783.0,,,
y1_d091_PHD_VAS,57.0,,,,,,,,False,,1925233.0,1925683.0,,,
y1_d091_PHD_VAS,58.0,,,,,,,,False,,1940383.0,1940883.0,,,
y1_d091_PHD_VAS,73.0,,,,,,,,False,,2401283.0,2401733.0,,,
y1_d091_PHD_VAS,74.0,,,,,,,,False,,2414583.0,2415033.0,,,
y1_d091_PHD_VAS,75.0,,,,,,,,False,,2429333.0,2429833.0,,,
y1_d091_PHD_VAS,76.0,,,,,,,,False,,2445033.0,2445533.0,,,
y1_d091_PHD_VAS,77.0,,,,,,,,False,,2527533.0,2527983.0,,,
y1_d091_PHD_VAS,79.0,,,,,,,,False,,2567133.0,2567583.0,,,
y1_d091_PHD_VAS,83.0,,,,,,,,False,,2702033.0,2702483.0,,,
y1_d091_PHD_VAS,93.0,,,,,,,,False,,3074283.0,3074733.0,,,
y1_d091_PHD_VAS,95.0,,,,,,,,False,,3120283.0,3120733.0,,,
y1_d091_PHD_VAS,132.0,,,,,,,,False,,4307983.0,4308483.0,,,
y1_d091_PHD_VAS,133.0,,,,,,,,False,,4331333.0,4331883.0,,,
y1_d091_PHD_VAS,134.0,,,,,,,,False,,4350133.0,4350633.0,,,
y1_d091_PHD_VAS,135.0,,,,,,,,False,,4371483.0,4371983.0,,,
y1_d091_PHD_VAS,153.0,,,,,,,,False,,5053433.0,5053983.0,,,
y1_d091_PHD_VAS,176.0,,,,,,,,False,,5861983.0,5862533.0,,,
y1_d091_PHD_VAS,177.0,,,,,,,,False,,5888883.0,5889433.0,,,
y1_d092_PHD_VAS,9.0,,,,,,,,False,,229529.0,230029.0,,,
y1_d092_PHD_VAS,10.0,,,,,,,,False,,245629.0,246179.0,,,
y1_d092_PHD_VAS,11.0,,,,,,,,False,,266529.0,267029.0,,,
y1_d092_PHD_VAS,17.0,,1.95,0.65,1.3,86.35399924713683,77.50032841563555,68.0124947917264,True,2.281061813525682,410229.0,410729.0,411379.0,412679.0,27
y1_d092_PHD_VAS,18.0,,,,,,,,False,,440929.0,441479.0,,,
y1_d092_PHD_VAS,19.0,,,,,,,,False,,463429.0,463979.0,,,
y1_d092_PHD_VAS,20.0,,,,,,,,False,,483029.0,483529.0,,,
y1_d092_PHD_VAS,21.0,,,,,,,,False,,547029.0,547529.0,,,
y1_d092_PHD_VAS,38.0,,,,,,,,False,,1149179.0,1149629.0,,,
y1_d092_PHD_VAS,40.0,,,,,,,,False,,1194779.0,1195229.0,,,
y1_d092_PHD_VAS,41.0,,,,,,,,False,,1215329.0,1215829.0,,,
y1_d092_PHD_VAS,52.0,,,,,,,,False,,1643779.0,1644279.0,,,
y1_d092_PHD_VAS,53.0,,1.85,0.7,1.15,83.36041339580433,82.47799089447328,75.08391340540788,True,2.86136044618433,1661429.0,1661879.0,1662579.0,1663729.0,24
y1_d092_PHD_VAS,54.0,,,,,,,,False,,1692179.0,1692629.0,,,
y1_d092_PHD_VAS,56.0,,,,,,,,False,,1726179.0,1726679.0,,,
y1_d092_PHD_VAS,58.0,,,,,,,,False,,1765879.0,1766379.0,,,
y1_d092_PHD_VAS,139.0,,,,,,,,False,,6762113.0,6762613.0,,,
y1_d092_PHD_VAS,140.0,,,,,,,,False,,6780463.0,6780963.0,,,
y1_d092_PHD_VAS,141.0,,,,,,,,False,,6800963.0,6801513.0,,,
y1_d092_PHD_VAS,146.0,,,,,,,,False,,7069963.0,7070463.0,,,
y1_d092_PHD_VAS,149.0,,,,,,,,False,,7128113.0,7128563.0,,,
y1_d092_PHD_VAS,151.0,,,,,,,,False,,7176413.0,7176913.0,,,
y1_d092_PHD_VAS,165.0,,,,,,,,False,,7709472.0,7709972.0,,,
y1_d092_PHD_VAS,166.0,,1.9,0.65,1.25,83.15266262458654,82.20625277808564,74.27175515780775,True,6.414202316018291,7736522.0,7736972.0,7737622.0,7738872.0,26
y1_d092_PHD_VAS,167.0,,,,,,,,False,,7766572.0,7767072.0,,,
y1_d092_PHD_VAS,168.0,,,,,,,,False,,7784372.0,7784872.0,,,
y1_d092_PHD_VAS,169.0,,,,,,,,False,,7802322.0,7802822.0,,,
y1_d092_PHD_VAS,190.0,,,,,,,,False,,8588922.0,8589422.0,,,
y1_d092_PHD_VAS,191.0,,,,,,,,False,,8611022.0,8611472.0,,,
y1_d092_PHD_VAS,193.0,,,,,,,,False,,8655772.0,8656272.0,,,
y1_d092_PHD_VAS,199.0,,,,,,,,False,,8910522.0,8911022.0,,,
y1_d092_PHD_VAS,200.0,,,,,,,,False,,8926372.0,8926922.0,,,
y1_d092_PHD_VAS,218.0,,,,,,,,False,,9481322.0,9481822.0,,,
y1_d092_PHD_VAS,219.0,,,,,,,,False,,9505272.0,9505772.0,,,
y1_d092_PHD_VAS,221.0,,,,,,,,False,,9559622.0,9560122.0,,,
y1_d092_PHD_VAS,222.0,,,,,,,,False,,9591872.0,9592422.0,,,
y1_d093_PHD_VAS,32.0,,,,,,,,False,,783303.0,783765.0,,,
y1_d093_PHD_VAS,36.0,,,,,,,,False,,880522.0,881017.0,,,
y1_d093_PHD_VAS,46.0,,,,,,,,False,,1257118.0,1257613.0,,,
y1_d093_PHD_VAS,47.0,,,,,,,,False,,1291867.0,1292395.0,,,
y1_d093_PHD_VAS,48.0,,,,,,,,False,,1316155.0,1316683.0,,,
y1_d093_PHD_VAS,49.0,,,,,,,,False,,1337176.0,1337704.0,,,
y1_d093_PHD_VAS,59.0,,,,,,,,False,,1684138.0,1684600.0,,,
y1_d093_PHD_VAS,66.0,,,,,,,,False,,1880786.0,1881248.0,,,
y1_d093_PHD_VAS,74.0,,,,,,,,False,,2225240.0,2225768.0,,,
y1_d093_PHD_VAS,95.0,,,,,,,,False,,2928537.0,2929032.0,,,
y1_d093_PHD_VAS,99.0,,,,,,,,False,,3017142.0,3017604.0,,,
y1_d093_PHD_VAS,101.0,,,,,,,,False,,3083340.0,3083901.0,,,
y1_d093_PHD_VAS,104.0,"Out (inning-ending, verify)",1.947,0.693,1.254,77.18268539568095,76.33648416029618,69.63971329110531,True,2.048065982542008,3140661.0,3141123.0,3141816.0,3143070.0,39
y1_d093_PHD_VAS,148.0,,,,,,,,False,,4561609.0,4562203.0,,,
y1_d093_PHD_VAS,150.0,,,,,,,,False,,4605961.0,4606522.0,,,
y1_d093_PHD_VAS,153.0,,,,,,,,False,,4683973.0,4684435.0,,,
y1_d093_PHD_VAS,156.0,,,,,,,,False,,4759312.0,4759807.0,,,
y1_d093_PHD_VAS,185.0,,,,,,,,False,,5637674.0,5638136.0,,,
y1_d093_PHD_VAS,186.0,,,,,,,,False,,5656253.0,5656748.0,,,
y1_d093_PHD_VAS,187.0,,,,,,,,False,,5678231.0,5678726.0,,,
y1_d093_PHD_VAS,188.0,,,,,,,,False,,5708096.0,5708591.0,,,
y1_d093_PHD_VAS,189.0,,,,,,,,False,,5726312.0,5726840.0,,,
y1_d094_NFP_PHD,10.0,,,,,,,,False,,245242.0,245742.0,,,
y1_d094_NFP_PHD,11.0,,,,,,,,False,,261992.0,262492.0,,,
y1_d094_NFP_PHD,12.0,,,,,,,,False,,281492.0,282042.0,,,
y1_d094_NFP_PHD,13.0,,,,,,,,False,,300192.0,300692.0,,,
y1_d094_NFP_PHD,15.0,,,,,,,,False,,337042.0,337492.0,,,
y1_d094_NFP_PHD,16.0,,,,,,,,False,,360942.0,361442.0,,,
y1_d094_NFP_PHD,39.0,,,,,,,,False,,1129942.0,1130492.0,,,
y1_d094_NFP_PHD,40.0,,,,,,,,False,,1157892.0,1158392.0,,,
y1_d094_NFP_PHD,41.0,,,,,,,,False,,1179892.0,1180492.0,,,
y1_d094_NFP_PHD,42.0,,,,,,,,False,,1199342.0,1199942.0,,,
y1_d094_NFP_PHD,51.0,,,,,,,,False,,1513742.0,1514192.0,,,
y1_d094_NFP_PHD,52.0,,,,,,,,False,,1530992.0,1531492.0,,,
y1_d094_NFP_PHD,53.0,,,,,,,,False,,1548892.0,1549392.0,,,
y1_d094_NFP_PHD,55.0,,,,,,,,False,,1607892.0,1608342.0,,,
y1_d094_NFP_PHD,56.0,,,,,,,,False,,1627592.0,1628092.0,,,
y1_d094_NFP_PHD,57.0,,,,,,,,False,,1648342.0,1648842.0,,,
y1_d094_NFP_PHD,60.0,,,,,,,,False,,1732392.0,1732942.0,,,
y1_d094_NFP_PHD,127.0,,,,,,,,False,,3878092.0,3878592.0,,,
y1_d094_NFP_PHD,137.0,,,,,,,,False,,4190892.0,4191392.0,,,
y1_d094_NFP_PHD,139.0,,,0.65,,,,,False,,4222742.0,4223242.0,4223892.0,,
y1_d094_NFP_PHD,156.0,,,,,,,,False,,4768242.0,4768792.0,,,
y1_d094_NFP_PHD,187.0,,,,,,,,False,,5791792.0,5792292.0,,,
y1_d094_NFP_PHD,188.0,,,,,,,,False,,5808942.0,5809392.0,,,
y1_d094_NFP_PHD,210.0,,,,,,,,False,,6721492.0,6721992.0,,,
y1_d094_NFP_PHD,212.0,,,,,,,,False,,6787092.0,6787592.0,,,
y1_d094_NFP_PHD,213.0,,,,,,,,False,,6804942.0,6805442.0,,,
y1_d094_NFP_PHD,214.0,,,,,,,,False,,6826292.0,6826792.0,,,
y1_d094_NFP_PHD,215.0,,,,,,,,False,,6847442.0,6847992.0,,,
y1_d094_NFP_PHD,284.0,,,,,,,,False,,9334492.0,9335042.0,,,
y1_d094_NFP_PHD,316.0,,,,,,,,False,,10306592.0,10307142.0,,,
y1_d094_NFP_PHD,317.0,,,,,,,,False,,10324692.0,10325142.0,,,
y1_d094_NFP_PHD,319.0,,,,,,,,False,,10374042.0,10374542.0,,,
y1_d094_NFP_PHD,321.0,,,,,,,,False,,10445642.0,10446142.0,,,
y1_d094_NFP_PHD,322.0,,,,,,,,False,,10468242.0,10468742.0,,,
y1_d094_NFP_PHD,324.0,,,,,,,,False,,10505742.0,10506292.0,,,
y1_d094_NFP_PHD,330.0,,,,,,,,False,,10927592.0,10928092.0,,,
y1_d094_NFP_PHD,336.0,,,,,,,,False,,11150942.0,11151392.0,,,
y1_d094_WLI_ARN,7.0,,,,,,,,False,,195111.0,195561.0,,,
y1_d094_WLI_ARN,8.0,,,,,,,,False,,220111.0,220661.0,,,
y1_d094_WLI_ARN,9.0,,,,,,,,False,,243261.0,243761.0,,,
y1_d094_WLI_ARN,12.0,,,,,,,,False,,303461.0,303961.0,,,
y1_d094_WLI_ARN,13.0,,,,,,,,False,,339161.0,339611.0,,,
y1_d094_WLI_ARN,14.0,,,,,,,,False,,362061.0,362511.0,,,
y1_d094_WLI_ARN,17.0,,,,,,,,False,,448111.0,448561.0,,,
y1_d094_WLI_ARN,77.0,,,,,,,,False,,2462561.0,2463011.0,,,
y1_d094_WLI_ARN,78.0,,,,,,,,False,,2482861.0,2483311.0,,,
y1_d094_WLI_ARN,79.0,,,,,,,,False,,2508761.0,2509261.0,,,
y1_d094_WLI_ARN,81.0,,,,,,,,False,,2553761.0,2554211.0,,,
y1_d094_WLI_ARN,82.0,,,,,,,,False,,2587761.0,2588211.0,,,
y1_d094_WLI_ARN,83.0,,,,,,,,False,,2613211.0,2613761.0,,,
y1_d094_WLI_ARN,84.0,,,,,,,,False,,2636311.0,2636761.0,,,
y1_d094_WLI_ARN,85.0,,,,,,,,False,,2658011.0,2658511.0,,,
y1_d094_WLI_ARN,112.0,,,,,,,,False,,3623211.0,3623761.0,,,
y1_d094_WLI_ARN,113.0,,,,,,,,False,,3644311.0,3644811.0,,,
y1_d094_WLI_ARN,114.0,,,,,,,,False,,3666561.0,3667011.0,,,
y1_d094_WLI_ARN,115.0,,,,,,,,False,,3689911.0,3690361.0,,,
y1_d094_WLI_ARN,137.0,,,,,,,,False,,4650511.0,4651061.0,,,
y1_d094_WLI_ARN,138.0,,,,,,,,False,,4673461.0,4673911.0,,,
y1_d094_WLI_ARN,142.0,,,,,,,,False,,4793261.0,4793761.0,,,
y1_d094_WLI_ARN,146.0,,,,,,,,False,,4970111.0,4970661.0,,,
y1_d094_WLI_ARN,147.0,,,,,,,,False,,4992611.0,4993111.0,,,
y1_d094_WLI_ARN,152.0,,,,,,,,False,,5130161.0,5130661.0,,,
y1_d094_WLI_ARN,175.0,,,,,,,,False,,6101161.0,6101711.0,,,
y1_d094_WLI_ARN,176.0,,,,,,,,False,,6124261.0,6124711.0,,,
y1_d094_WLI_ARN,186.0,,,,,,,,False,,6505711.0,6506161.0,,,
y1_d094_WLI_ARN,187.0,,,,,,,,False,,6531461.0,6531911.0,,,
y1_d094_WLI_ARN,189.0,,,,,,,,False,,6589811.0,6590311.0,,,
y1_d094_WLI_ARN,268.0,"Out (inning-ending, verify)",1.9,0.65,1.25,78.00354371403867,77.18731300792211,70.66794979517171,True,2.0879470496798773,9150311.0,9150761.0,9151411.0,9152661.0,26
y1_d095_NFP_PHD,8.0,,,,,,,,False,,289528.0,290028.0,,,
y1_d095_NFP_PHD,9.0,,,,,,,,False,,309628.0,310178.0,,,
y1_d095_NFP_PHD,12.0,,,,,,,,False,,379428.0,379928.0,,,
y1_d095_NFP_PHD,13.0,,,,,,,,False,,401728.0,402278.0,,,
y1_d095_NFP_PHD,17.0,,,,,,,,False,,555278.0,555778.0,,,
y1_d095_NFP_PHD,18.0,,,,,,,,False,,576778.0,577328.0,,,
y1_d095_NFP_PHD,20.0,,,,,,,,False,,610328.0,610828.0,,,
y1_d095_NFP_PHD,21.0,,,,,,,,False,,632628.0,633178.0,,,
y1_d095_NFP_PHD,23.0,,,,,,,,False,,693078.0,693528.0,,,
y1_d095_NFP_PHD,24.0,,,,,,,,False,,709978.0,710478.0,,,
y1_d095_NFP_PHD,28.0,,,,,,,,False,,806178.0,806728.0,,,
y1_d095_NFP_PHD,29.0,,,,,,,,False,,831728.0,832278.0,,,
y1_d095_NFP_PHD,30.0,,,,,,,,False,,853778.0,854328.0,,,
y1_d095_NFP_PHD,73.0,,,,,,,,False,,1963728.0,1964228.0,,,
y1_d095_NFP_PHD,75.0,,,,,,,,False,,2011128.0,2011628.0,,,
y1_d095_NFP_PHD,77.0,Safe,,0.4,,,,,False,,2059028.0,2059528.0,2059928.0,,
y1_d095_NFP_PHD,89.0,,,,,,,,False,,2460178.0,2460628.0,,,
y1_d095_NFP_PHD,94.0,,,,,,,,False,,2617528.0,2617978.0,,,
y1_d095_NFP_PHD,114.0,,,,,,,,False,,3351178.0,3351728.0,,,
y1_d095_NFP_PHD,115.0,,,,,,,,False,,3377578.0,3378128.0,,,
y1_d095_NFP_PHD,117.0,,,,,,,,False,,3420278.0,3420928.0,,,
y1_d095_NFP_PHD,119.0,,,,,,,,False,,3466428.0,3467028.0,,,
y1_d095_NFP_PHD,128.0,,,,,,,,False,,3874078.0,3874628.0,,,
y1_d095_NFP_PHD,129.0,,,,,,,,False,,3900228.0,3900678.0,,,
y1_d095_NFP_PHD,130.0,,,,,,,,False,,3921828.0,3922278.0,,,
y1_d095_NFP_PHD,131.0,,,,,,,,False,,3948528.0,3948978.0,,,
y1_d095_NFP_PHD,152.0,,,,,,,,False,,4721528.0,4721978.0,,,
y1_d095_NFP_PHD,154.0,,,,,,,,False,,4772128.0,4772628.0,,,
y1_d095_NFP_PHD,155.0,,,0.35,,,,,False,,4793978.0,4794478.0,4794828.0,,
y1_d095_NFP_PHD,156.0,,,,,,,,False,,4839278.0,4839778.0,,,
y1_d095_NFP_PHD,199.0,,,,,,,,False,,6537928.0,6538378.0,,,
y1_d095_NFP_PHD,247.0,,,,,,,,False,,8170228.0,8170678.0,,,
y1_d095_NFP_PHD,248.0,,,,,,,,False,,8189778.0,8190228.0,,,
y1_d095_NFP_PHD,249.0,,,,,,,,False,,8209678.0,8210178.0,,,
y1_d095_NFP_PHD,250.0,,,,,,,,False,,8232478.0,8232928.0,,,
y1_d095_NFP_PHD,277.0,,,,,,,,False,,9210528.0,9210978.0,,,
y1_d095_NFP_PHD,282.0,,,,,,,,False,,9474878.0,9475328.0,,,
y1_d095_NFP_PHD,283.0,,,,,,,,False,,9492528.0,9492978.0,,,
y1_d095_NFP_PHD,284.0,,,,,,,,False,,9509328.0,9509878.0,,,
y1_d095_NFP_PHD,285.0,,,,,,,,False,,9529878.0,9530328.0,,,
y1_d095_NFP_PHD,287.0,,,,,,,,False,,9584678.0,9585128.0,,,
y1_d095_NFP_PHD,289.0,,,,,,,,False,,9647278.0,9647728.0,,,
y1_d095_NFP_PHD,291.0,,,,,,,,False,,9689378.0,9689928.0,,,
y1_d095_NFP_PHD,329.0,,,,,,,,False,,10807728.0,10808228.0,,,
y1_d095_NFP_PHD,332.0,,,,,,,,False,,10886028.0,10886478.0,,,
y1_d095_WLI_ARN,23.0,,,,,,,,False,,608672.0,609172.0,,,
y1_d095_WLI_ARN,24.0,,,,,,,,False,,629722.0,630172.0,,,
y1_d095_WLI_ARN,25.0,,,,,,,,False,,651772.0,652222.0,,,
y1_d095_WLI_ARN,26.0,,,,,,,,False,,672372.0,672872.0,,,
y1_d095_WLI_ARN,37.0,,,,,,,,False,,986272.0,986822.0,,,
y1_d095_WLI_ARN,38.0,,,,,,,,False,,1024322.0,1024772.0,,,
y1_d095_WLI_ARN,39.0,,,,,,,,False,,1050022.0,1050522.0,,,
y1_d095_WLI_ARN,41.0,,,,,,,,False,,1109622.0,1110072.0,,,
y1_d095_WLI_ARN,56.0,,,,,,,,False,,1544722.0,1545222.0,,,
y1_d095_WLI_ARN,63.0,,,,,,,,False,,1879022.0,1879472.0,,,
y1_d095_WLI_ARN,65.0,,,,,,,,False,,1901672.0,1902122.0,,,
y1_d095_WLI_ARN,66.0,,,,,,,,False,,1920772.0,1921222.0,,,
y1_d095_WLI_ARN,76.0,,,,,,,,False,,2200822.0,2201272.0,,,
y1_d095_WLI_ARN,77.0,,,,,,,,False,,2231122.0,2231622.0,,,
y1_d095_WLI_ARN,78.0,,,,,,,,False,,2256122.0,2256622.0,,,
y1_d095_WLI_ARN,79.0,,,,,,,,False,,2281422.0,2281922.0,,,
y1_d095_WLI_ARN,109.0,,,,,,,,False,,3251372.0,3251872.0,,,
y1_d095_WLI_ARN,110.0,,,,,,,,False,,3268922.0,3269522.0,,,
y1_d095_WLI_ARN,111.0,,,,,,,,False,,3288072.0,3288572.0,,,
y1_d095_WLI_ARN,133.0,,,,,,,,False,,3984122.0,3984672.0,,,
y1_d095_WLI_ARN,178.0,,,,,,,,False,,5496272.0,5496872.0,,,
y1_d095_WLI_ARN,182.0,,,,,,,,False,,5594122.0,5594622.0,,,
y1_d095_WLI_ARN,184.0,,,,,,,,False,,5630472.0,5630972.0,,,
y1_d095_WLI_ARN,198.0,,,,,,,,False,,6152222.0,6152672.0,,,
y1_d095_WLI_ARN,200.0,,,,,,,,False,,6206472.0,6206922.0,,,
y1_d095_WLI_ARN,201.0,,,,,,,,False,,6240322.0,6240822.0,,,
y1_d095_WLI_ARN,204.0,,,,,,,,False,,6333672.0,6334122.0,,,
y1_d095_WLI_ARN,205.0,,,,,,,,False,,6362572.0,6363072.0,,,
y1_d095_WLI_ARN,212.0,,,,,,,,False,,6630022.0,6630522.0,,,
y1_d095_WLI_ARN,216.0,,,,,,,,False,,6742722.0,6743222.0,,,
y1_d095_WLI_ARN,227.0,,,,,,,,False,,7197622.0,7198122.0,,,
y1_d095_WLI_ARN,229.0,,,,,,,,False,,7247722.0,7248172.0,,,
y1_d095_WLI_ARN,269.0,,,,,,,,False,,9222822.0,9223322.0,,,
y1_d095_WLI_ARN,271.0,,,,,,,,False,,9276922.0,9277422.0,,,
y1_d095_WLI_ARN,272.0,,,,,,,,False,,9299972.0,9300472.0,,,
y1_d095_WLI_ARN,274.0,,,,,,,,False,,9356572.0,9357022.0,,,
y1_d095_WLI_ARN,288.0,,,,,,,,False,,9881972.0,9882422.0,,,
y1_d095_WLI_ARN,300.0,,,,,,,,False,,10274422.0,10274872.0,,,
y1_d095_WLI_ARN,302.0,,,,,,,,False,,10322272.0,10322772.0,,,
y1_d095_WLI_ARN,315.0,,,,,,,,False,,10838072.0,10838572.0,,,
y1_d095_WLI_ARN,317.0,,,,,,,,False,,10877772.0,10878222.0,,,
y1_d095_WLI_ARN,319.0,,,,,,,,False,,10952722.0,10953222.0,,,
y1_d095_WLI_ARN,320.0,,,,,,,,False,,10978272.0,10978772.0,,,
y1_d095_WLI_ARN,325.0,,,,,,,,False,,11253172.0,11253672.0,,,
y1_d095_WLI_ARN,326.0,,,,,,,,False,,11276872.0,11277372.0,,,
y1_d095_WLI_ARN,328.0,,,,,,,,False,,11339172.0,11339722.0,,,
y1_d095_WLI_ARN,330.0,,,,,,,,False,,11396572.0,11397072.0,,,
y1_d096_NFP_PHD,24.0,,,,,,,,False,,672899.0,673361.0,,,
y1_d096_NFP_PHD,25.0,,,,,,,,False,,690785.0,691280.0,,,
y1_d096_NFP_PHD,27.0,,,,,,,,False,,730253.0,730748.0,,,
y1_d096_NFP_PHD,36.0,,,,,,,,False,,1127838.0,,,,
y1_d096_NFP_PHD,76.0,,,,,,,,False,,2329237.0,2329732.0,,,
y1_d096_NFP_PHD,78.0,,,,,,,,False,,2378242.0,2378704.0,,,
y1_d096_NFP_PHD,79.0,,,,,,,,False,,2400880.0,2401342.0,,,
y1_d096_NFP_PHD,80.0,,,,,,,,False,,2422759.0,2423221.0,,,
y1_d096_NFP_PHD,102.0,,,,,,,,False,,3206972.0,3207434.0,,,
y1_d096_NFP_PHD,119.0,,,,,,,,False,,3747017.0,3749723.0,,,
y1_d096_NFP_PHD,120.0,,,,,,,,False,,3783911.0,3784406.0,,,
y1_d096_NFP_PHD,143.0,,,,,,,,False,,4642011.0,4642506.0,,,
y1_d096_NFP_PHD,144.0,,,,,,,,False,,4662207.0,4662702.0,,,
y1_d096_NFP_PHD,145.0,,,,,,,,False,,4682238.0,4682799.0,,,
y1_d096_NFP_PHD,146.0,,,,,,,,False,,4702401.0,4702929.0,,,
y1_d096_NFP_PHD,148.0,,,,,,,,False,,4758105.0,4758600.0,,,
y1_d096_NFP_PHD,154.0,,,,,,,,False,,5013657.0,5014119.0,,,
y1_d096_NFP_PHD,156.0,,,,,,,,False,,5067414.0,5067909.0,,,
y1_d096_NFP_PHD,159.0,,,,,,,,False,,5169253.0,5169781.0,,,
y1_d096_NFP_PHD,160.0,,,,,,,,False,,5185753.0,5186215.0,,,
y1_d096_NFP_PHD,161.0,,,,,,,,False,,5201593.0,5202055.0,,,
y1_d096_NFP_PHD,162.0,,,,,,,,False,,5220436.0,5220931.0,,,
y1_d096_NFP_PHD,164.0,,,,,,,,False,,5263831.0,5264392.0,,,
y1_d096_NFP_PHD,165.0,,,,,,,,False,,5306896.0,5307391.0,,,
y1_d096_NFP_PHD,170.0,,,,,,,,False,,5723005.0,5723533.0,,,
y1_d096_NFP_PHD,173.0,,,,,,,,False,,5791447.0,5791942.0,,,
y1_d096_NFP_PHD,174.0,,,,,,,,False,,5816561.0,5817089.0,,,
y1_d096_NFP_PHD,175.0,,,,,,,,False,,5844578.0,5845040.0,,,
y1_d096_NFP_PHD,176.0,,,,,,,,False,,5878502.0,5879030.0,,,
y1_d096_NFP_PHD,177.0,,,,,,,,False,,5898599.0,5899160.0,,,
y1_d096_NFP_PHD,208.0,,,,,,,,False,,6888876.0,6889371.0,,,
y1_d096_NFP_PHD,210.0,,,,,,,,False,,6990285.0,6990780.0,,,
y1_d096_NFP_PHD,214.0,,,,,,,,False,,7128984.0,7129446.0,,,
y1_d096_NFP_PHD,215.0,,,,,,,,False,,7146276.0,7146870.0,,,
y1_d096_NFP_PHD,216.0,,,,,,,,False,,7171488.0,7171983.0,,,
y1_d096_NFP_PHD,217.0,,,,,,,,False,,7193499.0,7193994.0,,,
y1_d096_NFP_PHD,230.0,,,,,,,,False,,7628109.0,7628571.0,,,
y1_d096_NFP_PHD,231.0,,,,,,,,False,,7646160.0,7646721.0,,,
y1_d096_NFP_PHD,232.0,,,,,,,,False,,7662099.0,7662561.0,,,
y1_d096_NFP_PHD,233.0,,,,,,,,False,,7682658.0,7683219.0,,,
y1_d096_NFP_PHD,235.0,,,,,,,,False,,7721268.0,7721730.0,,,
y1_d096_NFP_PHD,236.0,,,,,,,,False,,7737504.0,7737966.0,,,
y1_d096_NFP_PHD,237.0,,,,,,,,False,,7774069.0,7774531.0,,,
y1_d096_NFP_PHD,238.0,,,,,,,,False,,7792318.0,7792780.0,,,
y1_d096_NFP_PHD,239.0,Safe,1.98,0.726,1.254,75.91638773772102,75.03230199007872,67.87923466030264,True,2.8318191988871093,7810204.0,7810765.0,7811491.0,7812745.0,39
y1_d096_NFP_PHD,275.0,,,,,,,,False,,9093146.0,9097271.0,,,
y1_d096_NFP_PHD,276.0,,,,,,,,False,,9124628.0,9125090.0,,,
y1_d096_NFP_PHD,277.0,,,,,,,,False,,9151622.0,9152150.0,,,
y1_d096_NFP_PHD,278.0,,,,,,,,False,,9168089.0,9168551.0,,,
y1_d096_NFP_PHD,279.0,,,,,,,,False,,9184919.0,9185381.0,,,
y1_d096_NFP_PHD,280.0,,,,,,,,False,,9205709.0,9206171.0,,,
y1_d096_NFP_PHD,303.0,,,,,,,,False,,10118919.0,10119381.0,,,
y1_d096_NFP_PHD,304.0,,,,,,,,False,,10136640.0,10137135.0,,,
y1_d096_NFP_PHD,306.0,,,,,,,,False,,10186833.0,10187295.0,,,
y1_d096_NFP_PHD,309.0,,,,,,,,False,,10260357.0,10260852.0,,,
y1_d096_NFP_PHD,310.0,,,,,,,,False,,10272798.0,10273293.0,,,
y1_d096_NFP_PHD,311.0,,,,,,,,False,,10288506.0,10289001.0,,,
y1_d096_WLI_ARN,10.0,,,,,,,,False,,216192.0,216692.0,,,
y1_d096_WLI_ARN,37.0,,,,,,,,False,,1083592.0,1084092.0,,,
y1_d096_WLI_ARN,38.0,,,,,,,,False,,1102142.0,1102692.0,,,
y1_d096_WLI_ARN,40.0,,,,,,,,False,,1158892.0,1159342.0,,,
y1_d096_WLI_ARN,41.0,,,,,,,,False,,1207142.0,1207642.0,,,
y1_d096_WLI_ARN,42.0,Safe,,,,,,,False,,1223692.0,1224242.0,,,
y1_d096_WLI_ARN,65.0,,,,,,,,False,,2141192.0,2141642.0,,,
y1_d096_WLI_ARN,142.0,,,,,,,,False,,4409942.0,4410392.0,,,
y1_d096_WLI_ARN,143.0,,,,,,,,False,,4432892.0,4433442.0,,,
y1_d096_WLI_ARN,183.0,,,,,,,,False,,5681192.0,5681692.0,,,
y1_d096_WLI_ARN,184.0,,,,,,,,False,,5699342.0,5699842.0,,,
y1_d096_WLI_ARN,185.0,,1.9,0.65,1.25,78.52708911421762,77.69505118189832,70.78857311417995,True,5.688387403127787,5722192.0,5722642.0,5723292.0,5724542.0,26
y1_d096_WLI_ARN,186.0,,,,,,,,False,,5761842.0,5762342.0,,,
y1_d096_WLI_ARN,211.0,,,,,,,,False,,6560492.0,6560992.0,,,
y1_d096_WLI_ARN,237.0,,,,,,,,False,,7647042.0,7647492.0,,,
y1_d096_WLI_ARN,238.0,,,,,,,,False,,7670092.0,7670542.0,,,
y1_d096_WLI_ARN,239.0,,,,,,,,False,,7695692.0,7696142.0,,,
y1_d096_WLI_ARN,240.0,,,,,,,,False,,7748492.0,7748992.0,,,
y1_d096_WLI_ARN,241.0,,,,,,,,False,,7777342.0,7777792.0,,,
y1_d096_WLI_ARN,242.0,,,,,,,,False,,7801492.0,7801942.0,,,
y1_d096_WLI_ARN,262.0,,,,,,,,False,,8533192.0,8533692.0,,,
y1_d096_WLI_ARN,263.0,,,,,,,,False,,8550092.0,8550542.0,,,
y1_d096_WLI_ARN,264.0,,,,,,,,False,,8567292.0,8567792.0,,,
y1_d096_WLI_ARN,265.0,,,,,,,,False,,8585742.0,8586192.0,,,
y1_d096_WLI_ARN,267.0,,,,,,,,False,,8650842.0,8651342.0,,,
y1_d096_WLI_ARN,268.0,,,,,,,,False,,8669842.0,8670342.0,,,
y1_d097_CYU_PHD,13.0,,,,,,,,False,,415701.0,416151.0,,,
y1_d097_CYU_PHD,44.0,,,,,,,,False,,1320001.0,1320451.0,,,
y1_d097_CYU_PHD,45.0,,,,,,,,False,,1338051.0,1338551.0,,,
y1_d097_CYU_PHD,46.0,,,,,,,,False,,1355251.0,1355801.0,,,
y1_d097_CYU_PHD,47.0,,,,,,,,False,,1376651.0,1377151.0,,,
y1_d097_CYU_PHD,48.0,,,,,,,,False,,1392001.0,1392501.0,,,
y1_d097_CYU_PHD,51.0,,,,,,,,False,,1486701.0,1487151.0,,,
y1_d097_CYU_PHD,67.0,,,,,,,,False,,2012651.0,2013201.0,,,
y1_d097_CYU_PHD,79.0,,,,,,,,False,,2447451.0,2447901.0,,,
y1_d097_CYU_PHD,99.0,,,,,,,,False,,3106151.0,3106701.0,,,
y1_d097_CYU_PHD,100.0,,,,,,,,False,,3124101.0,3124651.0,,,
y1_d097_CYU_PHD,101.0,,,,,,,,False,,3148851.0,3149351.0,,,
y1_d097_CYU_PHD,140.0,,,,,,,,False,,4512251.0,4512701.0,,,
y1_d097_CYU_PHD,141.0,,,,,,,,False,,4532301.0,4532801.0,,,
y1_d097_CYU_PHD,142.0,,,,,,,,False,,4555451.0,4555951.0,,,
y1_d097_CYU_PHD,143.0,,,,,,,,False,,4576051.0,4576501.0,,,
y1_d097_CYU_PHD,145.0,,,,,,,,False,,4631701.0,4632201.0,,,
y1_d097_CYU_PHD,146.0,,,,,,,,False,,4666351.0,4666801.0,,,
y1_d097_CYU_PHD,147.0,,,,,,,,False,,4683201.0,4683701.0,,,
y1_d097_CYU_PHD,148.0,,,,,,,,False,,4702451.0,4702951.0,,,
y1_d097_CYU_PHD,149.0,,,,,,,,False,,4721851.0,4722351.0,,,
y1_d097_CYU_PHD,150.0,,,,,,,,False,,4742601.0,4743051.0,,,
y1_d097_CYU_PHD,177.0,,,,,,,,False,,5661551.0,5662051.0,,,
y1_d097_CYU_PHD,181.0,,,,,,,,False,,5769751.0,5770251.0,,,
y1_d097_CYU_PHD,196.0,,,,,,,,False,,6271601.0,6272051.0,,,
y1_d097_CYU_PHD,197.0,,,,,,,,False,,6292601.0,6293101.0,,,
y1_d097_CYU_PHD,199.0,,,,,,,,False,,6348351.0,6348851.0,,,
y1_d097_CYU_PHD,200.0,,,,,,,,False,,6374401.0,6374851.0,,,
y1_d097_CYU_PHD,208.0,,,,,,,,False,,6615301.0,6615751.0,,,
y1_d097_CYU_PHD,209.0,,,,,,,,False,,6645751.0,6646251.0,,,
y1_d097_CYU_PHD,210.0,,,,,,,,False,,6667701.0,6668201.0,,,
y1_d097_CYU_PHD,211.0,,,,,,,,False,,6689301.0,6689801.0,,,
y1_d097_CYU_PHD,228.0,,,,,,,,False,,7333651.0,7334151.0,,,
y1_d097_CYU_PHD,229.0,,,,,,,,False,,7354001.0,7354551.0,,,
y1_d097_CYU_PHD,231.0,,,,,,,,False,,7438801.0,7439251.0,,,
y1_d097_CYU_PHD,233.0,,,,,,,,False,,7501301.0,7501751.0,,,
y1_d097_CYU_PHD,234.0,,,,,,,,False,,7524451.0,7524951.0,,,
y1_d097_CYU_PHD,235.0,,,,,,,,False,,7546651.0,7547151.0,,,
y1_d097_CYU_PHD,236.0,,,,,,,,False,,7569901.0,,,,
y1_d097_CYU_PHD,237.0,,,,,,,,False,,7615701.0,7616151.0,,,
y1_d097_CYU_PHD,249.0,,,,,,,,False,,8011951.0,8012451.0,,,
y1_d097_CYU_PHD,250.0,,,,,,,,False,,8027001.0,8027451.0,,,
y1_d097_CYU_PHD,252.0,,,,,,,,False,,8086201.0,8086701.0,,,
y1_d097_CYU_PHD,253.0,,,,,,,,False,,8102651.0,8103151.0,,,
y1_d097_CYU_PHD,254.0,,,,,,,,False,,8133501.0,8134001.0,,,
y1_d097_CYU_PHD,255.0,,,,,,,,False,,8148601.0,8149101.0,,,
y1_d097_CYU_PHD,256.0,,,,,,,,False,,8166201.0,8166701.0,,,
y1_d097_CYU_PHD,280.0,,,,,,,,False,,9072751.0,9073301.0,,,
y1_d097_CYU_PHD,283.0,,,,,,,,False,,9146251.0,9146701.0,,,
y1_d097_NYN_ARN,9.0,,,,,,,,False,,310397.0,310897.0,,,
y1_d097_NYN_ARN,11.0,,,,,,,,False,,359147.0,359597.0,,,
y1_d097_NYN_ARN,15.0,,,,,,,,False,,487497.0,487997.0,,,
y1_d097_NYN_ARN,46.0,,,,,,,,False,,1637297.0,1637797.0,,,
y1_d097_NYN_ARN,49.0,,,,,,,,False,,1719247.0,1719697.0,,,
y1_d097_NYN_ARN,54.0,,,,,,,,False,,2159947.0,2160547.0,,,
y1_d097_NYN_ARN,55.0,,,,,,,,False,,2177247.0,2177697.0,,,
y1_d097_NYN_ARN,56.0,,,,,,,,False,,2194347.0,,,,
y1_d097_NYN_ARN,57.0,,,,,,,,False,,2234397.0,2234947.0,,,
y1_d097_NYN_ARN,58.0,,,,,,,,False,,2253947.0,2254397.0,,,
y1_d097_NYN_ARN,60.0,,,,,,,,False,,2297597.0,2298197.0,,,
y1_d097_NYN_ARN,138.0,,,,,,,,False,,5085997.0,5086447.0,,,
y1_d097_NYN_ARN,139.0,,,,,,,,False,,5112397.0,5112847.0,,,
y1_d097_NYN_ARN,141.0,,,,,,,,False,,5155047.0,5155597.0,,,
y1_d097_NYN_ARN,145.0,,,,,,,,False,,5264547.0,5265097.0,,,
y1_d097_NYN_ARN,147.0,,,,,,,,False,,5314797.0,5315297.0,,,
y1_d097_NYN_ARN,154.0,,,,,,,,False,,5607347.0,5607847.0,,,
y1_d097_NYN_ARN,155.0,,,,,,,,False,,5631747.0,5632197.0,,,
y1_d097_NYN_ARN,156.0,,,,,,,,False,,5656047.0,5656547.0,,,
y1_d097_NYN_ARN,157.0,,,,,,,,False,,5691747.0,5692197.0,,,
y1_d097_NYN_ARN,160.0,,,,,,,,False,,5966497.0,5966947.0,,,
y1_d097_NYN_ARN,161.0,,,,,,,,False,,5985897.0,5986447.0,,,
y1_d097_NYN_ARN,162.0,,,,,,,,False,,6006997.0,6007447.0,,,
y1_d097_NYN_ARN,165.0,,,,,,,,False,,6084497.0,6084947.0,,,
y1_d097_NYN_ARN,166.0,,,,,,,,False,,6114297.0,6114847.0,,,
y1_d097_NYN_ARN,178.0,,,,,,,,False,,6563397.0,6563847.0,,,
y1_d097_NYN_ARN,179.0,,,,,,,,False,,6583147.0,6583697.0,,,
y1_d097_NYN_ARN,181.0,,,,,,,,False,,6652697.0,6653197.0,,,
y1_d097_NYN_ARN,194.0,,,,,,,,False,,7055847.0,7056297.0,,,
y1_d097_NYN_ARN,195.0,,,,,,,,False,,7075447.0,7075997.0,,,
y1_d097_NYN_ARN,196.0,,,,,,,,False,,7097297.0,7097797.0,,,
y1_d097_NYN_ARN,197.0,"Out (inning-ending, verify)",1.95,0.6,1.35,77.53378385512391,76.62220832863594,65.82057855595026,True,2.7236489970228464,7127897.0,7128347.0,7128947.0,7130297.0,28
y1_d097_NYN_ARN,223.0,,,,,,,,False,,8089047.0,8089497.0,,,
y1_d097_NYN_ARN,224.0,,,,,,,,False,,8113147.0,8113647.0,,,
y1_d097_NYN_ARN,226.0,,,,,,,,False,,8168047.0,8168547.0,,,
y1_d097_NYN_ARN,228.0,,,,,,,,False,,8213647.0,8214147.0,,,
y1_d097_NYN_ARN,229.0,,,,,,,,False,,8244197.0,8244647.0,,,
y1_d097_NYN_ARN,270.0,,,,,,,,False,,9718097.0,9718597.0,,,
y1_d097_NYN_ARN,271.0,,,,,,,,False,,9738897.0,9739497.0,,,
y1_d097_NYN_ARN,279.0,,,,,,,,False,,10103297.0,10103747.0,,,
y1_d097_NYN_ARN,281.0,,,,,,,,False,,10161747.0,10162197.0,,,
y1_d097_NYN_ARN,284.0,,,,,,,,False,,10255697.0,10256197.0,,,
y1_d097_NYN_ARN,286.0,,,,,,,,False,,10288097.0,10288597.0,,,
y1_d097_NYN_ARN,287.0,,,,,,,,False,,10318197.0,10318697.0,,,
y1_d097_NYN_ARN,288.0,,,,,,,,False,,10341447.0,10341947.0,,,
y1_d097_NYN_ARN,289.0,,,,,,,,False,,10364647.0,10365147.0,,,
y1_d097_NYN_ARN,292.0,,,,,,,,False,,10485747.0,10486247.0,,,
y1_d097_NYN_ARN,294.0,,,,,,,,False,,10526197.0,10526697.0,,,
y1_d097_NYN_ARN,295.0,,,,,,,,False,,10551047.0,10551497.0,,,
y1_d097_NYN_ARN,297.0,,,,,,,,False,,10608347.0,10608847.0,,,
y1_d097_NYN_ARN,323.0,,,,,,,,False,,11615497.0,11615947.0,,,
y1_d097_NYN_ARN,324.0,,,,,,,,False,,11634247.0,11634697.0,,,
y1_d097_NYN_ARN,325.0,,,,,,,,False,,11652847.0,11653297.0,,,
y1_d097_NYN_ARN,327.0,,,,,,,,False,,11758847.0,11759297.0,,,
y1_d097_NYN_ARN,328.0,,,,,,,,False,,11773397.0,11773847.0,,,
y1_d097_NYN_ARN,329.0,,,,,,,,False,,11790547.0,11790997.0,,,
y1_d098_CYU_PHD,10.0,,,,,,,,False,,237267.0,237767.0,,,
y1_d098_CYU_PHD,17.0,,,,,,,,False,,428767.0,429267.0,,,
y1_d098_CYU_PHD,18.0,,,,,,,,False,,444817.0,445267.0,,,
y1_d098_CYU_PHD,19.0,,,,,,,,False,,463167.0,463667.0,,,
y1_d098_CYU_PHD,20.0,,,,,,,,False,,480667.0,481167.0,,,
y1_d098_CYU_PHD,22.0,,,,,,,,False,,524967.0,525417.0,,,
y1_d098_CYU_PHD,36.0,,,,,,,,False,,979467.0,980017.0,,,
y1_d098_CYU_PHD,37.0,,,,,,,,False,,1001017.0,1001517.0,,,
y1_d098_CYU_PHD,38.0,,,,,,,,False,,1025967.0,1026467.0,,,
y1_d098_CYU_PHD,51.0,,,,,,,,False,,1417817.0,1418317.0,,,
y1_d098_CYU_PHD,53.0,,,,,,,,False,,1476017.0,1476567.0,,,
y1_d098_CYU_PHD,56.0,,,,,,,,False,,1564967.0,1565467.0,,,
y1_d098_CYU_PHD,57.0,,,,,,,,False,,1582267.0,1582767.0,,,
y1_d098_CYU_PHD,66.0,,,,,,,,False,,1892717.0,1893217.0,,,
y1_d098_CYU_PHD,67.0,,,,,,,,False,,1911467.0,1912017.0,,,
y1_d098_CYU_PHD,86.0,,,,,,,,False,,2486017.0,,,,
y1_d098_CYU_PHD,87.0,,,,,,,,False,,2513267.0,2513767.0,,,
y1_d098_CYU_PHD,88.0,,,,,,,,False,,2532167.0,2532667.0,,,
y1_d098_CYU_PHD,89.0,,,,,,,,False,,2554967.0,2555517.0,,,
y1_d098_CYU_PHD,130.0,,,,,,,,False,,4190473.0,4190973.0,,,
y1_d098_CYU_PHD,131.0,,,,,,,,False,,4238823.0,4239323.0,,,
y1_d098_CYU_PHD,134.0,,,,,,,,False,,4318373.0,4318923.0,,,
y1_d098_CYU_PHD,135.0,,,0.6,,,,,False,,4342373.0,4342873.0,4343473.0,,
y1_d098_CYU_PHD,138.0,,,,,,,,False,,4474923.0,4475423.0,,,
y1_d098_CYU_PHD,139.0,,,,,,,,False,,4499923.0,4500423.0,,,
y1_d098_CYU_PHD,141.0,,,,,,,,False,,4561123.0,4561623.0,,,
y1_d098_CYU_PHD,167.0,,,,,,,,False,,5467673.0,5468173.0,,,
y1_d098_CYU_PHD,169.0,,,,,,,,False,,5507123.0,5507623.0,,,
y1_d098_CYU_PHD,171.0,,,,,,,,False,,5557223.0,5557723.0,,,
y1_d098_CYU_PHD,189.0,,,,,,,,False,,6363923.0,6364423.0,,,
y1_d098_CYU_PHD,190.0,,,,,,,,False,,6382073.0,6382523.0,,,
y1_d098_CYU_PHD,200.0,,,,,,,,False,,6654623.0,6655073.0,,,
y1_d098_CYU_PHD,201.0,,,,,,,,False,,6674423.0,6674973.0,,,
y1_d098_CYU_PHD,202.0,,,,,,,,False,,6692073.0,6692523.0,,,
y1_d098_CYU_PHD,219.0,,,,,,,,False,,7254575.0,7255075.0,,,
y1_d098_CYU_PHD,220.0,,,,,,,,False,,7272275.0,7272775.0,,,
y1_d098_CYU_PHD,221.0,,,,,,,,False,,7313275.0,7313825.0,,,
y1_d098_CYU_PHD,222.0,,,,,,,,False,,7328825.0,7329325.0,,,
y1_d098_CYU_PHD,243.0,,,,,,,,False,,8230475.0,8230925.0,,,
y1_d098_CYU_PHD,244.0,,,,,,,,False,,8251075.0,8251525.0,,,
y1_d098_CYU_PHD,245.0,,,,,,,,False,,8273975.0,8274475.0,,,
y1_d098_CYU_PHD,246.0,,,,,,,,False,,8300625.0,8301075.0,,,
y1_d098_CYU_PHD,247.0,,,,,,,,False,,8339475.0,8339975.0,,,
y1_d098_CYU_PHD,249.0,,,,,,,,False,,8404125.0,8404625.0,,,
y1_d098_CYU_PHD,257.0,,,,,,,,False,,8665075.0,8665525.0,,,
y1_d098_CYU_PHD,259.0,,,,,,,,False,,8714275.0,8714775.0,,,
y1_d098_CYU_PHD,260.0,,,,,,,,False,,8737225.0,8737675.0,,,
y1_d098_CYU_PHD,280.0,,,,,,,,False,,11553075.0,11553625.0,,,
y1_d098_CYU_PHD,281.0,,,0.75,,,,,False,,11569875.0,11570375.0,11571125.0,,
y1_d098_CYU_PHD,307.0,,,,,,,,False,,12499025.0,12499475.0,,,
y1_d098_CYU_PHD,311.0,,,,,,,,False,,12656375.0,12656825.0,,,
y1_d098_CYU_PHD,314.0,,,,,,,,False,,12780125.0,12780575.0,,,
y1_d098_NYN_ARN,6.0,,,,,,,,False,,130393.0,130843.0,,,
y1_d098_NYN_ARN,7.0,,,,,,,,False,,160043.0,160543.0,,,
y1_d098_NYN_ARN,8.0,,,,,,,,False,,206893.0,207343.0,,,
y1_d098_NYN_ARN,9.0,,,,,,,,False,,228893.0,229343.0,,,
y1_d098_NYN_ARN,11.0,,,,,,,,False,,333193.0,333643.0,,,
y1_d098_NYN_ARN,15.0,,,,,,,,False,,366043.0,366493.0,,,
y1_d098_NYN_ARN,17.0,,,,,,,,False,,437943.0,438443.0,,,
y1_d098_NYN_ARN,19.0,,,,,,,,False,,468743.0,469193.0,,,
y1_d098_NYN_ARN,20.0,,,,,,,,False,,500843.0,501343.0,,,
y1_d098_NYN_ARN,21.0,,,,,,,,False,,524543.0,524993.0,,,
y1_d098_NYN_ARN,22.0,,,,,,,,False,,546443.0,546943.0,,,
y1_d098_NYN_ARN,23.0,,,,,,,,False,,574893.0,575343.0,,,
y1_d098_NYN_ARN,61.0,,,,,,,,False,,1826093.0,1826543.0,,,
y1_d098_NYN_ARN,62.0,,,,,,,,False,,1843093.0,1843693.0,,,
y1_d098_NYN_ARN,64.0,,,,,,,,False,,1881043.0,1881543.0,,,
y1_d098_NYN_ARN,65.0,,,,,,,,False,,1904193.0,1904743.0,,,
y1_d098_NYN_ARN,66.0,,,,,,,,False,,1939293.0,1939793.0,,,
y1_d098_NYN_ARN,68.0,,,,,,,,False,,1970393.0,1970893.0,,,
y1_d098_NYN_ARN,70.0,,,,,,,,False,,2033243.0,2033793.0,,,
y1_d098_NYN_ARN,71.0,,,,,,,,False,,2060243.0,2060693.0,,,
y1_d098_NYN_ARN,72.0,,,,,,,,False,,2081043.0,2081543.0,,,
y1_d098_NYN_ARN,73.0,,,,,,,,False,,2104743.0,2105293.0,,,
y1_d098_NYN_ARN,75.0,,,,,,,,False,,2169443.0,2170043.0,,,
y1_d098_NYN_ARN,76.0,,,,,,,,False,,2193593.0,2194093.0,,,
y1_d098_NYN_ARN,102.0,,,,,,,,False,,3089643.0,3090143.0,,,
y1_d098_NYN_ARN,105.0,,,,,,,,False,,3203843.0,3204343.0,,,
y1_d098_NYN_ARN,106.0,,,,,,,,False,,3222193.0,3222793.0,,,
y1_d098_NYN_ARN,107.0,,,,,,,,False,,3241993.0,3242443.0,,,
y1_d098_NYN_ARN,108.0,,,,,,,,False,,3259643.0,3260143.0,,,
y1_d098_NYN_ARN,111.0,,,,,,,,False,,3332393.0,3332993.0,,,
y1_d098_NYN_ARN,143.0,,,,,,,,False,,4420943.0,4421443.0,,,
y1_d098_NYN_ARN,196.0,,,,,,,,False,,6344343.0,6344893.0,,,
y1_d098_NYN_ARN,199.0,,,,,,,,False,,6417043.0,6417543.0,,,
y1_d098_NYN_ARN,200.0,,,,,,,,False,,6442243.0,6442793.0,,,
y1_d098_NYN_ARN,201.0,,,,,,,,False,,6489843.0,6490343.0,,,
y1_d098_NYN_ARN,202.0,,,,,,,,False,,6513093.0,6513543.0,,,
y1_d098_NYN_ARN,203.0,,,,,,,,False,,6536193.0,6536743.0,,,
y1_d098_NYN_ARN,204.0,,,,,,,,False,,6559143.0,6559593.0,,,
y1_d098_NYN_ARN,205.0,,,,,,,,False,,6580343.0,6580793.0,,,
y1_d098_NYN_ARN,206.0,,,,,,,,False,,6601043.0,6601493.0,,,
y1_d098_NYN_ARN,232.0,,,,,,,,False,,7873843.0,7874293.0,,,
y1_d098_NYN_ARN,233.0,,,,,,,,False,,7893343.0,7893843.0,,,
y1_d098_NYN_ARN,234.0,,,,,,,,False,,7911693.0,7912143.0,,,
y1_d098_NYN_ARN,249.0,,,,,,,,False,,8494893.0,8495393.0,,,
y1_d098_NYN_ARN,250.0,,,,,,,,False,,8517843.0,8518293.0,,,
y1_d098_NYN_ARN,251.0,,,,,,,,False,,8540893.0,8541343.0,,,
y1_d099_CYU_PHD,9.0,,,,,,,,False,,155431.0,155992.0,,,
y1_d099_CYU_PHD,11.0,,,,,,,,False,,184075.0,184537.0,,,
y1_d099_CYU_PHD,14.0,,,,,,,,False,,263770.0,264331.0,,,
y1_d099_CYU_PHD,16.0,"Out (inning-ending, verify)",2.013,0.759,1.254,77.95141622966985,77.05497332977222,70.0925848684654,True,2.567111139763096,308023.0,308518.0,309277.0,310531.0,39
y1_d099_CYU_PHD,38.0,,,,,,,,False,,1148567.0,1149062.0,,,
y1_d099_CYU_PHD,51.0,,,,,,,,False,,1570572.0,1571034.0,,,
y1_d099_CYU_PHD,52.0,,1.914,0.693,1.221,80.11748266013242,79.20751395280955,71.63829759426551,True,2.7484433462357014,1587633.0,1588161.0,1588854.0,1590075.0,38
y1_d099_CYU_PHD,92.0,,,,,,,,False,,3013036.0,3013531.0,,,
y1_d099_CYU_PHD,93.0,,,,,,,,False,,3030427.0,3030889.0,,,
y1_d099_CYU_PHD,97.0,,,,,,,,False,,3223345.0,3223840.0,,,
y1_d099_CYU_PHD,99.0,,,,,,,,False,,3256642.0,3257203.0,,,
y1_d099_CYU_PHD,100.0,,,,,,,,False,,3276937.0,3277498.0,,,
y1_d099_CYU_PHD,105.0,,,,,,,,False,,3381745.0,3382207.0,,,
y1_d099_CYU_PHD,106.0,,,,,,,,False,,3421147.0,3421675.0,,,
y1_d099_CYU_PHD,134.0,,,,,,,,False,,5011821.0,5012283.0,,,
y1_d099_CYU_PHD,152.0,,,,,,,,False,,5681425.0,5681887.0,,,
y1_d099_CYU_PHD,153.0,,,,,,,,False,,5699707.0,5700235.0,,,
y1_d099_CYU_PHD,164.0,,,,,,,,False,,6126793.0,6127354.0,,,
y1_d099_CYU_PHD,167.0,,,,,,,,False,,6193288.0,6193849.0,,,
y1_d099_CYU_PHD,169.0,,,,,,,,False,,6248233.0,6248827.0,,,
y1_d099_CYU_PHD,171.0,,,,,,,,False,,6299515.0,6300109.0,,,
y1_d099_CYU_PHD,172.0,,,,,,,,False,,6334858.0,6335386.0,,,
y1_d099_CYU_PHD,175.0,,,,,,,,False,,6404917.0,6405544.0,,,
y1_d099_CYU_PHD,195.0,,,,,,,,False,,7087787.0,7088249.0,,,
y1_d099_CYU_PHD,196.0,,,,,,,,False,,7105772.0,7106300.0,,,
y1_d099_CYU_PHD,198.0,,,,,,,,False,,7160486.0,7160981.0,,,
y1_d099_CYU_PHD,200.0,,,,,,,,False,,7223021.0,7223516.0,,,
y1_d099_CYU_PHD,201.0,,,,,,,,False,,7260212.0,7260707.0,,,
y1_d099_CYU_PHD,202.0,,,,,,,,False,,7285886.0,7286381.0,,,
y1_d101_WTH_VAS,10.0,,,,,,,,False,,260779.0,261279.0,,,
y1_d101_WTH_VAS,12.0,,,,,,,,False,,310929.0,311479.0,,,
y1_d101_WTH_VAS,13.0,,,,,,,,False,,332829.0,333329.0,,,
y1_d101_WTH_VAS,18.0,,,,,,,,False,,590629.0,591129.0,,,
y1_d101_WTH_VAS,47.0,,,,,,,,False,,1489879.0,1490329.0,,,
y1_d101_WTH_VAS,54.0,,,,,,,,False,,1645129.0,1645629.0,,,
y1_d101_WTH_VAS,56.0,,,,,,,,False,,1707029.0,1707529.0,,,
y1_d101_WTH_VAS,58.0,,,,,,,,False,,1762179.0,1762729.0,,,
y1_d101_WTH_VAS,59.0,,1.95,0.75,1.2,82.7528657759998,81.86423472082308,74.57698303915049,True,0.8169507628119191,1794079.0,1794529.0,1795279.0,1796479.0,25
y1_d101_WTH_VAS,60.0,,,,,,,,False,,1829479.0,1829979.0,,,
y1_d101_WTH_VAS,61.0,,,,,,,,False,,1849479.0,1849979.0,,,
y1_d101_WTH_VAS,62.0,,,,,,,,False,,1885029.0,1885529.0,,,
y1_d101_WTH_VAS,136.0,,,,,,,,False,,4365579.0,4366029.0,,,
y1_d101_WTH_VAS,139.0,,,,,,,,False,,4426229.0,4426779.0,,,
y1_d101_WTH_VAS,140.0,,,,,,,,False,,4449279.0,4449729.0,,,
y1_d101_WTH_VAS,146.0,,,,,,,,False,,4600029.0,4600579.0,,,
y1_d101_WTH_VAS,147.0,,,0.75,,,,,False,,4636179.0,4636629.0,4637379.0,,
y1_d101_WTH_VAS,151.0,,,,,,,,False,,4822679.0,4823179.0,,,
y1_d101_WTH_VAS,170.0,,,,,,,,False,,5523909.0,5524409.0,,,
y1_d101_WTH_VAS,173.0,,,,,,,,False,,5611609.0,5612059.0,,,
y1_d101_WTH_VAS,176.0,,,,,,,,False,,5681759.0,5682309.0,,,
y1_d101_WTH_VAS,177.0,,,,,,,,False,,5843359.0,5843809.0,,,
y1_d101_WTH_VAS,178.0,,,,,,,,False,,5861409.0,5861909.0,,,
y1_d101_WTH_VAS,179.0,,,,,,,,False,,5879659.0,5880159.0,,,
y1_d101_WTH_VAS,180.0,,,,,,,,False,,5897309.0,5897809.0,,,
y1_d101_WTH_VAS,184.0,,,,,,,,False,,6032309.0,6032809.0,,,
y1_d101_WTH_VAS,185.0,,,,,,,,False,,6047009.0,6047459.0,,,
y1_d101_WTH_VAS,186.0,,,,,,,,False,,6062109.0,6062559.0,,,
y1_d101_WTH_VAS,187.0,,,,,,,,False,,6077159.0,6077659.0,,,
y1_d101_WTH_VAS,189.0,,,,,,,,False,,6119759.0,6120259.0,,,
y1_d101_WTH_VAS,190.0,,,,,,,,False,,6152809.0,6153309.0,,,
y1_d101_WTH_VAS,191.0,,,,,,,,False,,6166809.0,6167309.0,,,
y1_d101_WTH_VAS,192.0,,,,,,,,False,,6183359.0,6183859.0,,,
y1_d101_WTH_VAS,200.0,,,,,,,,False,,6363109.0,6363559.0,,,
y1_d101_WTH_VAS,202.0,,,,,,,,False,,6415309.0,6415759.0,,,
y1_d101_WTH_VAS,203.0,,,,,,,,False,,6435359.0,6435809.0,,,
y1_d101_WTH_VAS,205.0,,,,,,,,False,,6497759.0,6498209.0,,,
y1_d101_WTH_VAS,206.0,,,,,,,,False,,6513259.0,6513759.0,,,
y1_d101_WTH_VAS,214.0,,,,,,,,False,,7063114.0,7063564.0,,,
y1_d101_WTH_VAS,217.0,,,,,,,,False,,7145364.0,7145864.0,,,
y1_d101_WTH_VAS,218.0,,,,,,,,False,,7167064.0,7167514.0,,,
y1_d101_WTH_VAS,219.0,,,,,,,,False,,7187464.0,7187964.0,,,
y1_d101_WTH_VAS,220.0,,,,,,,,False,,7211964.0,7212514.0,,,
y1_d101_WTH_VAS,221.0,,,,,,,,False,,7246764.0,7247314.0,,,
y1_d101_WTH_VAS,222.0,,,,,,,,False,,7270414.0,7270964.0,,,
y1_d101_WTH_VAS,223.0,,,,,,,,False,,7294914.0,7295364.0,,,
y1_d101_WTH_VAS,224.0,,,,,,,,False,,7319314.0,7319814.0,,,
y1_d101_WTH_VAS,225.0,,,,,,,,False,,7352314.0,7352864.0,,,
y1_d101_WTH_VAS,248.0,,,,,,,,False,,8099464.0,8099914.0,,,
y1_d101_WTH_VAS,249.0,,,,,,,,False,,8118314.0,8118814.0,,,
y1_d101_WTH_VAS,251.0,,,,,,,,False,,8190264.0,8190714.0,,,
y1_d101_WTH_VAS,252.0,,,,,,,,False,,8208214.0,8208664.0,,,
y1_d101_WTH_VAS,253.0,,,,,,,,False,,8228814.0,8229364.0,,,
y1_d101_WTH_VAS,254.0,,,,,,,,False,,8246414.0,8246914.0,,,
y1_d101_WTH_VAS,290.0,,,,,,,,False,,9426914.0,9427414.0,,,
y1_d101_WTH_VAS,292.0,,,,,,,,False,,9494564.0,9495164.0,,,
y1_d101_WTH_VAS,294.0,,,,,,,,False,,9541014.0,9541564.0,,,
y1_d101_WTH_VAS,295.0,,,,,,,,False,,9561614.0,9562114.0,,,
y1_d102_WTH_VAS,16.0,,,,,,,,False,,294235.0,294685.0,,,
y1_d102_WTH_VAS,21.0,,,,,,,,False,,683902.0,,,,
y1_d102_WTH_VAS,47.0,,,,,,,,False,,1560402.0,1560902.0,,,
y1_d102_WTH_VAS,48.0,,,,,,,,False,,1578102.0,1578602.0,,,
y1_d102_WTH_VAS,49.0,,,,,,,,False,,1600452.0,1600952.0,,,
y1_d102_WTH_VAS,50.0,,,,,,,,False,,1631352.0,1631902.0,,,
y1_d102_WTH_VAS,51.0,,,,,,,,False,,1650152.0,1650702.0,,,
y1_d102_WTH_VAS,52.0,,,,,,,,False,,1670752.0,1671252.0,,,
y1_d102_WTH_VAS,53.0,,,,,,,,False,,1694652.0,1695152.0,,,
y1_d102_WTH_VAS,60.0,,,,,,,,False,,1959002.0,1959452.0,,,
y1_d102_WTH_VAS,61.0,,,,,,,,False,,1976002.0,1976452.0,,,
y1_d102_WTH_VAS,62.0,,,,,,,,False,,1998652.0,1999202.0,,,
y1_d102_WTH_VAS,65.0,,,,,,,,False,,2055702.0,2056202.0,,,
y1_d102_WTH_VAS,67.0,,,,,,,,False,,2142602.0,2143052.0,,,
y1_d102_WTH_VAS,69.0,,,,,,,,False,,2178252.0,2178802.0,,,
y1_d102_WTH_VAS,70.0,,,,,,,,False,,2196252.0,2196752.0,,,
y1_d102_WTH_VAS,71.0,,,,,,,,False,,2216052.0,2216552.0,,,
y1_d102_WTH_VAS,72.0,,,,,,,,False,,2236502.0,2237002.0,,,
y1_d102_WTH_VAS,85.0,,,,,,,,False,,2713002.0,2713552.0,,,
y1_d102_WTH_VAS,86.0,,,,,,,,False,,2730302.0,2730802.0,,,
y1_d102_WTH_VAS,104.0,,,,,,,,False,,3259840.0,3260290.0,,,
y1_d102_WTH_VAS,106.0,,,,,,,,False,,3315040.0,3315490.0,,,
y1_d102_WTH_VAS,120.0,,,,,,,,False,,3870627.0,3871127.0,,,
y1_d102_WTH_VAS,147.0,,,,,,,,False,,4478127.0,4478677.0,,,
y1_d102_WTH_VAS,162.0,,,,,,,,False,,4966427.0,4966877.0,,,
y1_d102_WTH_VAS,164.0,,2.95,1.0,1.95,62.87020594947398,61.95737517294342,52.177122721857586,True,10.272809657400526,5013677.0,5016327.0,5017327.0,5019277.0,40
y1_d102_WTH_VAS,220.0,,,,,,,,False,,6999677.0,7000177.0,,,
y1_d102_WTH_VAS,221.0,,,,,,,,False,,7014027.0,7014477.0,,,
y1_d102_WTH_VAS,222.0,,,,,,,,False,,7030027.0,7030527.0,,,
y1_d102_WTH_VAS,224.0,,,,,,,,False,,7072627.0,7073077.0,,,
y1_d102_WTH_VAS,250.0,,,,,,,,False,,7891777.0,7892227.0,,,
y1_d102_WTH_VAS,253.0,,,,,,,,False,,7983277.0,7983727.0,,,
y1_d102_WTH_VAS,280.0,,,,,,,,False,,8932727.0,8933227.0,,,
y1_d102_WTH_VAS,298.0,,,,,,,,False,,9457927.0,9458427.0,,,
y1_d102_WTH_VAS,299.0,,,,,,,,False,,9474577.0,9475077.0,,,
y1_d102_WTH_VAS,300.0,,,,,,,,False,,9492877.0,9493327.0,,,
y1_d102_WTH_VAS,302.0,,,,,,,,False,,9529777.0,9530227.0,,,
y1_d103_WTH_VAS,8.0,,,,,,,,False,,259185.0,259635.0,,,
y1_d103_WTH_VAS,10.0,,,,,,,,False,,298135.0,298635.0,,,
y1_d103_WTH_VAS,12.0,,,,,,,,False,,341885.0,342385.0,,,
y1_d103_WTH_VAS,14.0,"Out (inning-ending, verify)",1.9,0.65,1.25,77.86847117019043,77.05907502731287,70.52735039366911,True,2.5123427226876935,386935.0,387485.0,388135.0,389385.0,26
y1_d103_WTH_VAS,21.0,,,,,,,,False,,682785.0,683235.0,,,
y1_d103_WTH_VAS,22.0,,,,,,,,False,,700035.0,700485.0,,,
y1_d103_WTH_VAS,23.0,,,,,,,,False,,714835.0,715235.0,,,
y1_d103_WTH_VAS,24.0,,,,,,,,False,,732585.0,733035.0,,,
y1_d103_WTH_VAS,25.0,,,,,,,,False,,763285.0,763685.0,,,
y1_d103_WTH_VAS,26.0,,,,,,,,False,,783285.0,783785.0,,,
y1_d103_WTH_VAS,27.0,,,,,,,,False,,800935.0,801385.0,,,
y1_d103_WTH_VAS,33.0,,,,,,,,False,,1105435.0,1105935.0,,,
y1_d103_WTH_VAS,34.0,,,,,,,,False,,1126085.0,1126635.0,,,
y1_d103_WTH_VAS,35.0,,,,,,,,False,,1147135.0,1147635.0,,,
y1_d103_WTH_VAS,36.0,,,,,,,,False,,1179185.0,1179685.0,,,
y1_d103_WTH_VAS,37.0,,,,,,,,False,,1204235.0,1204785.0,,,
y1_d103_WTH_VAS,38.0,,,2.8,,,,,False,,1227535.0,1227985.0,1230785.0,,
y1_d103_WTH_VAS,68.0,,,,,,,,False,,2485435.0,2485885.0,,,
y1_d103_WTH_VAS,69.0,,,,,,,,False,,2504485.0,2505035.0,,,
y1_d103_WTH_VAS,71.0,,,,,,,,False,,2559385.0,2559835.0,,,
y1_d103_WTH_VAS,74.0,,,,,,,,False,,2621035.0,2621585.0,,,
y1_d103_WTH_VAS,75.0,,,,,,,,False,,2637435.0,2637985.0,,,
y1_d103_WTH_VAS,102.0,,,,,,,,False,,3479935.0,3480435.0,,,
y1_d103_WTH_VAS,103.0,,,,,,,,False,,3514885.0,3515335.0,,,
y1_d103_WTH_VAS,104.0,,,,,,,,False,,3561135.0,3561585.0,,,
y1_d103_WTH_VAS,105.0,,,,,,,,False,,3577935.0,3578385.0,,,
y1_d103_WTH_VAS,189.0,,,,,,,,False,,6081685.0,6082185.0,,,
y1_d103_WTH_VAS,191.0,,,,,,,,False,,6124035.0,6124485.0,,,
y1_d103_WTH_VAS,204.0,,,,,,,,False,,6504735.0,6505285.0,,,
y1_d103_WTH_VAS,205.0,,,,,,,,False,,6530235.0,6530735.0,,,
y1_d103_WTH_VAS,206.0,,,,,,,,False,,6552585.0,6553085.0,,,
y1_d103_WTH_VAS,207.0,,,,,,,,False,,6609585.0,6610035.0,,,
y1_d103_WTH_VAS,209.0,,,,,,,,False,,6780835.0,6781335.0,,,
y1_d103_WTH_VAS,224.0,,,,,,,,False,,7369785.0,7370285.0,,,
y1_d103_WTH_VAS,250.0,,,,,,,,False,,8170285.0,8170835.0,,,
y1_d103_WTH_VAS,251.0,,,,,,,,False,,8199235.0,8199735.0,,,
y1_d103_WTH_VAS,252.0,,,,,,,,False,,8214435.0,8214935.0,,,
y1_d103_WTH_VAS,253.0,,,,,,,,False,,8231435.0,8231985.0,,,
y1_d103_WTH_VAS,291.0,,,,,,,,False,,9584585.0,9585085.0,,,
y1_d103_WTH_VAS,292.0,,,,,,,,False,,9604185.0,9604685.0,,,
y1_d103_WTH_VAS,293.0,,,,,,,,False,,9624835.0,9625285.0,,,
y1_d103_WTH_VAS,294.0,,,,,,,,False,,9645285.0,9645835.0,,,
y1_d103_WTH_VAS,295.0,,,,,,,,False,,9674235.0,,,,
y1_d103_WTH_VAS,299.0,,,,,,,,False,,9820485.0,9820985.0,,,
y1_d103_WTH_VAS,300.0,,,,,,,,False,,9840485.0,9841035.0,,,
y1_d104.5_FSD_ARN,19.0,,,,,,,,False,,553151.0,553751.0,,,
y1_d104.5_FSD_ARN,20.0,,,,,,,,False,,572451.0,572901.0,,,
y1_d104.5_FSD_ARN,21.0,,,,,,,,False,,591951.0,592451.0,,,
y1_d104.5_FSD_ARN,22.0,,,,,,,,False,,611601.0,612101.0,,,
y1_d104.5_FSD_ARN,24.0,,,,,,,,False,,669301.0,669901.0,,,
y1_d104.5_FSD_ARN,26.0,,,,,,,,False,,704751.0,705351.0,,,
y1_d104.5_FSD_ARN,27.0,,,,,,,,False,,735851.0,736351.0,,,
y1_d104.5_FSD_ARN,30.0,,,,,,,,False,,814901.0,815501.0,,,
y1_d104.5_FSD_ARN,51.0,,,,,,,,False,,1479601.0,1480051.0,,,
y1_d104.5_FSD_ARN,70.0,,,,,,,,False,,2097851.0,2098301.0,,,
y1_d104.5_FSD_ARN,71.0,,,,,,,,False,,2117551.0,2118051.0,,,
y1_d104.5_FSD_ARN,73.0,,,,,,,,False,,2165301.0,2165751.0,,,
y1_d104.5_FSD_ARN,87.0,,,,,,,,False,,2662351.0,2662901.0,,,
y1_d104.5_FSD_ARN,88.0,,,,,,,,False,,2677701.0,2678201.0,,,
y1_d104.5_FSD_ARN,89.0,,,,,,,,False,,2694301.0,2694801.0,,,
y1_d104.5_FSD_ARN,92.0,,,,,,,,False,,2775851.0,2776351.0,,,
y1_d104.5_FSD_ARN,93.0,,,,,,,,False,,2795951.0,2796451.0,,,
y1_d104.5_FSD_ARN,94.0,,,,,,,,False,,2819051.0,2819551.0,,,
y1_d104.5_FSD_ARN,95.0,,,,,,,,False,,2850601.0,2851201.0,,,
y1_d104.5_FSD_ARN,97.0,"Out (inning-ending, verify)",2.0,0.7,1.3,78.60128839339384,77.64559106609451,69.99696399301749,True,6.209725320621338,2908151.0,2908601.0,2909301.0,2910601.0,27
y1_d104.5_FSD_ARN,100.0,,,,,,,,False,,3096651.0,3097101.0,,,
y1_d104.5_FSD_ARN,101.0,,,,,,,,False,,3115651.0,3116151.0,,,
y1_d104.5_FSD_ARN,103.0,,,,,,,,False,,3166251.0,3166701.0,,,
y1_d104.5_FSD_ARN,105.0,,,,,,,,False,,3235001.0,3235451.0,,,
y1_d104.5_FSD_ARN,106.0,,,,,,,,False,,3257401.0,3257901.0,,,
y1_d104.5_FSD_ARN,148.0,,,,,,,,False,,4656501.0,4657001.0,,,
y1_d104.5_FSD_ARN,149.0,,,,,,,,False,,4676451.0,4676951.0,,,
y1_d104.5_FSD_ARN,151.0,,,,,,,,False,,4722101.0,4722551.0,,,
y1_d104.5_FSD_ARN,183.0,,,,,,,,False,,5942201.0,5942651.0,,,
y1_d104.5_FSD_ARN,184.0,,,,,,,,False,,5956951.0,5957401.0,,,
y1_d104.5_FSD_ARN,185.0,,,,,,,,False,,5978451.0,5978901.0,,,
y1_d104.5_FSD_ARN,186.0,,,,,,,,False,,6000101.0,6000551.0,,,
y1_d104.5_FSD_ARN,187.0,,,,,,,,False,,6017001.0,6017451.0,,,
y1_d104.5_FSD_ARN,198.0,,,,,,,,False,,6501851.0,6502301.0,,,
y1_d104.5_FSD_ARN,199.0,,,,,,,,False,,6520351.0,6520801.0,,,
y1_d104.5_FSD_ARN,200.0,,,,,,,,False,,6538301.0,6538801.0,,,
y1_d104.5_FSD_ARN,207.0,,,,,,,,False,,6784101.0,6784601.0,,,
y1_d104.5_FSD_ARN,208.0,,,,,,,,False,,6799301.0,6799851.0,,,
y1_d104.5_FSD_ARN,209.0,,,,,,,,False,,6817301.0,6817851.0,,,
y1_d104.5_FSD_ARN,210.0,,,,,,,,False,,6834401.0,6835001.0,,,
y1_d104.5_FSD_ARN,225.0,,,,,,,,False,,7355701.0,7356201.0,,,
y1_d104.5_FSD_ARN,226.0,,,,,,,,False,,7371401.0,7371901.0,,,
y1_d104.5_FSD_ARN,228.0,,,,,,,,False,,7414401.0,7414901.0,,,
y1_d104.5_FSD_ARN,229.0,,,,,,,,False,,7446051.0,7446501.0,,,
y1_d104.5_FSD_ARN,230.0,,,,,,,,False,,7462901.0,7463401.0,,,
y1_d104.5_FSD_ARN,232.0,,,,,,,,False,,7519901.0,7520351.0,,,
y1_d104.5_FSD_ARN,233.0,,,,,,,,False,,7538901.0,7539351.0,,,
y1_d104_MSN_VAS,20.0,,,,,,,,False,,834304.0,834804.0,,,
y1_d104_MSN_VAS,29.0,,,,,,,,False,,1251917.0,1252467.0,,,
y1_d104_MSN_VAS,30.0,,1.65,0.6,1.05,80.44739372669652,79.59023153690696,72.67218410685784,True,6.693419069066631,1275767.0,1278517.0,1279117.0,1280167.0,22
y1_d104_MSN_VAS,37.0,,,,,,,,False,,1623267.0,1623817.0,,,
y1_d104_MSN_VAS,38.0,,,,,,,,False,,1647567.0,1648167.0,,,
y1_d104_MSN_VAS,39.0,,,,,,,,False,,1670667.0,1671167.0,,,
y1_d104_MSN_VAS,40.0,,,,,,,,False,,1691917.0,1692467.0,,,
y1_d104_MSN_VAS,47.0,,,,,,,,False,,1981117.0,1981617.0,,,
y1_d104_MSN_VAS,50.0,,,,,,,,False,,2050917.0,2051517.0,,,
y1_d104_MSN_VAS,61.0,,,,,,,,False,,2348167.0,2348717.0,,,
y1_d104_MSN_VAS,62.0,,,,,,,,False,,2370817.0,2371367.0,,,
y1_d104_MSN_VAS,63.0,,2.0,0.7,1.3,73.37900875563184,72.51790122390966,65.5099516696225,True,7.029016127388824,2400167.0,2400617.0,2401317.0,2402617.0,27
y1_d104_MSN_VAS,65.0,,,,,,,,False,,2465317.0,2465817.0,,,
y1_d104_MSN_VAS,67.0,,,,,,,,False,,2660767.0,2661267.0,,,
y1_d104_MSN_VAS,70.0,,,,,,,,False,,2758917.0,2759467.0,,,
y1_d104_MSN_VAS,71.0,,,,,,,,False,,2779367.0,2779917.0,,,
y1_d104_MSN_VAS,73.0,,,,,,,,False,,2836417.0,2836667.0,,,
y1_d104_MSN_VAS,78.0,,,,,,,,False,,3157216.0,3157766.0,,,
y1_d104_MSN_VAS,79.0,,,,,,,,False,,3176966.0,3177516.0,,,
y1_d104_MSN_VAS,81.0,,,,,,,,False,,3269416.0,3269966.0,,,
y1_d104_MSN_VAS,82.0,,,,,,,,False,,3293016.0,3297916.0,,,
y1_d104_MSN_VAS,83.0,,,,,,,,False,,3330866.0,3331366.0,,,
y1_d104_MSN_VAS,84.0,,,,,,,,False,,3356516.0,3357116.0,,,
y1_d104_MSN_VAS,87.0,,,,,,,,False,,3451916.0,3452516.0,,,
y1_d104_MSN_VAS,88.0,,,,,,,,False,,3485716.0,3486266.0,,,
y1_d104_MSN_VAS,104.0,,,,,,,,False,,4296316.0,4296816.0,,,
y1_d104_MSN_VAS,105.0,,,,,,,,False,,4316366.0,4316866.0,,,
y1_d104_MSN_VAS,106.0,,,,,,,,False,,4338216.0,4338766.0,,,
y1_d104_MSN_VAS,107.0,,,,,,,,False,,4374366.0,4374866.0,,,
y1_d104_MSN_VAS,109.0,,,,,,,,False,,4432866.0,4433416.0,,,
y1_d104_MSN_VAS,138.0,,,,,,,,False,,5619716.0,5620166.0,,,
y1_d104_MSN_VAS,139.0,,,,,,,,False,,5639966.0,5640516.0,,,
y1_d104_MSN_VAS,140.0,,,,,,,,False,,5659416.0,5659866.0,,,
y1_d104_MSN_VAS,141.0,,,,,,,,False,,5679816.0,5680366.0,,,
y1_d104_MSN_VAS,142.0,,,,,,,,False,,5707366.0,5707916.0,,,
y1_d104_MSN_VAS,148.0,,,,,,,,False,,6065366.0,6071516.0,,,
y1_d104_MSN_VAS,149.0,,,,,,,,False,,6099816.0,6100266.0,,,
y1_d104_MSN_VAS,152.0,,,,,,,,False,,6207566.0,6208016.0,,,
y1_d104_MSN_VAS,153.0,,,,,,,,False,,6226966.0,6227466.0,,,
y1_d104_MSN_VAS,154.0,,,,,,,,False,,6248916.0,6249366.0,,,
y1_d104_MSN_VAS,155.0,,,,,,,,False,,6271916.0,6272366.0,,,
y1_d104_MSN_VAS,156.0,,,,,,,,False,,6305466.0,6306016.0,,,
y1_d104_MSN_VAS,157.0,,,,,,,,False,,6325816.0,6326266.0,,,
y1_d104_MSN_VAS,158.0,,,,,,,,False,,6351516.0,6351966.0,,,
y1_d104_MSN_VAS,159.0,,,,,,,,False,,6370566.0,6371116.0,,,
y1_d104_MSN_VAS,161.0,,,,,,,,False,,6419916.0,6420466.0,,,
y1_d104_MSN_VAS,165.0,,,,,,,,False,,6567616.0,6568116.0,,,
y1_d104_MSN_VAS,166.0,,,,,,,,False,,6587416.0,6587866.0,,,
y1_d104_MSN_VAS,167.0,,,,,,,,False,,6611416.0,6611866.0,,,
y1_d104_MSN_VAS,168.0,,,,,,,,False,,6633466.0,6634016.0,,,
y1_d104_MSN_VAS,169.0,,,,,,,,False,,6658766.0,6659266.0,,,
y1_d104_MSN_VAS,170.0,,,,,,,,False,,6694366.0,6694866.0,,,
y1_d105.5_OER_ANI,6.0,,,,,,,,False,,125562.0,126112.0,,,
y1_d105.5_OER_ANI,29.0,,,,,,,,False,,959662.0,960162.0,,,
y1_d105.5_OER_ANI,31.0,,,,,,,,False,,1024562.0,1025062.0,,,
y1_d105.5_OER_ANI,98.0,,,,,,,,False,,3147312.0,3147762.0,,,
y1_d105.5_OER_ANI,99.0,,,,,,,,False,,3166262.0,3166712.0,,,
y1_d105.5_OER_ANI,100.0,,,,,,,,False,,3187462.0,3187962.0,,,
y1_d105.5_OER_ANI,103.0,,,,,,,,False,,3304512.0,3304962.0,,,
y1_d105.5_OER_ANI,109.0,,,,,,,,False,,3456062.0,3456562.0,,,
y1_d105.5_OER_ANI,110.0,,,,,,,,False,,3491462.0,3491962.0,,,
y1_d105.5_OER_ANI,117.0,,,,,,,,False,,3773712.0,3774262.0,,,
y1_d105.5_OER_ANI,118.0,,,,,,,,False,,3792662.0,3793212.0,,,
y1_d105.5_OER_ANI,129.0,,,,,,,,False,,4218762.0,4219312.0,,,
y1_d105.5_OER_ANI,131.0,,,,,,,,False,,4261212.0,4261712.0,,,
y1_d105.5_OER_ANI,164.0,,,,,,,,False,,5667112.0,5667612.0,,,
y1_d105.5_OER_ANI,165.0,,,,,,,,False,,5686362.0,5686862.0,,,
y1_d105.5_OER_ANI,166.0,Safe,1.9,0.65,1.25,73.30893677171987,72.59601211083594,66.90660458811497,True,2.8522352216455342,5706462.0,5706912.0,5707562.0,5708812.0,26
y1_d105.5_OER_ANI,173.0,,,,,,,,False,,5936862.0,5937362.0,,,
y1_d105.5_OER_ANI,174.0,,,,,,,,False,,5959262.0,5959762.0,,,
y1_d105_MSN_VAS,9.0,,1.8,0.65,1.15,81.2932532896839,80.56285210321037,74.54094332335848,True,1.5531966428135613,302701.0,303151.0,303801.0,304951.0,24
y1_d105_MSN_VAS,10.0,,,,,,,,False,,341901.0,342401.0,,,
y1_d105_MSN_VAS,11.0,,,,,,,,False,,361001.0,361451.0,,,
y1_d105_MSN_VAS,12.0,,,,,,,,False,,382151.0,382651.0,,,
y1_d105_MSN_VAS,13.0,,,,,,,,False,,418301.0,418801.0,,,
y1_d105_MSN_VAS,14.0,,,,,,,,False,,439751.0,440251.0,,,
y1_d105_MSN_VAS,15.0,,,,,,,,False,,462301.0,462901.0,,,
y1_d105_MSN_VAS,16.0,,,,,,,,False,,489451.0,490001.0,,,
y1_d105_MSN_VAS,29.0,,,,,,,,False,,838651.0,839151.0,,,
y1_d105_MSN_VAS,31.0,,,,,,,,False,,891851.0,892351.0,,,
y1_d105_MSN_VAS,32.0,,,,,,,,False,,907401.0,907851.0,,,
y1_d105_MSN_VAS,34.0,,,,,,,,False,,958551.0,959051.0,,,
y1_d105_MSN_VAS,35.0,,,,,,,,False,,979051.0,979551.0,,,
y1_d105_MSN_VAS,36.0,,,,,,,,False,,1025501.0,1026051.0,,,
y1_d105_MSN_VAS,37.0,,,,,,,,False,,1044951.0,1045551.0,,,
y1_d105_MSN_VAS,53.0,,,,,,,,False,,1588251.0,1588751.0,,,
y1_d105_MSN_VAS,54.0,,,,,,,,False,,1609851.0,1610401.0,,,
y1_d105_MSN_VAS,56.0,,,,,,,,False,,1655351.0,1655851.0,,,
y1_d105_MSN_VAS,57.0,,,,,,,,False,,1688001.0,1688501.0,,,
y1_d105_MSN_VAS,103.0,,,,,,,,False,,3138913.0,3139413.0,,,
y1_d105_MSN_VAS,108.0,,,,,,,,False,,3274413.0,3274863.0,,,
y1_d105_MSN_VAS,110.0,,,,,,,,False,,3323363.0,3323863.0,,,
y1_d105_MSN_VAS,113.0,,,,,,,,False,,3530063.0,3530563.0,,,
y1_d105_MSN_VAS,124.0,,,,,,,,False,,3920263.0,3920813.0,,,
y1_d105_MSN_VAS,145.0,,,,,,,,False,,4697263.0,4697763.0,,,
y1_d105_MSN_VAS,146.0,,,,,,,,False,,4716463.0,4717013.0,,,
y1_d105_MSN_VAS,149.0,,,,,,,,False,,4791213.0,4791713.0,,,
y1_d105_MSN_VAS,150.0,,,,,,,,False,,4815913.0,4816413.0,,,
y1_d105_MSN_VAS,154.0,,,,,,,,False,,4977213.0,4977713.0,,,
y1_d105_MSN_VAS,155.0,,,,,,,,False,,4999813.0,5000313.0,,,
y1_d105_MSN_VAS,159.0,,8.05,0.6,7.45,79.24422627269362,75.15720228446867,34.82086584209315,False,35.70988058006284,5162663.0,5163163.0,5163763.0,5171213.0,132
y1_d105_MSN_VAS,164.0,,,,,,,,False,,5469563.0,5470063.0,,,
y1_d105_MSN_VAS,166.0,,,,,,,,False,,5511863.0,5512363.0,,,
y1_d105_MSN_VAS,168.0,,,,,,,,False,,5560563.0,5561113.0,,,
y1_d105_MSN_VAS,169.0,,,,,,,,False,,5592563.0,5593113.0,,,
y1_d105_MSN_VAS,170.0,,,,,,,,False,,5609663.0,5610263.0,,,
y1_d105_MSN_VAS,171.0,,,,,,,,False,,5630863.0,5631413.0,,,
y1_d105_MSN_VAS,173.0,,,,,,,,False,,5700913.0,5701513.0,,,
y1_d105_MSN_VAS,180.0,,,,,,,,False,,5953163.0,5953663.0,,,
y1_d105_MSN_VAS,184.0,,,,,,,,False,,6199613.0,6200113.0,,,
y1_d105_MSN_VAS,185.0,,,,,,,,False,,6216063.0,6216563.0,,,
y1_d105_MSN_VAS,187.0,,,,,,,,False,,6270663.0,6271163.0,,,
y1_d105_MSN_VAS,188.0,,,,,,,,False,,6291913.0,6292363.0,,,
y1_d105_MSN_VAS,190.0,,,,,,,,False,,6352513.0,6353013.0,,,
y1_d105_MSN_VAS,239.0,,,,,,,,False,,7985013.0,7985513.0,,,
y1_d105_MSN_VAS,256.0,,,,,,,,False,,8537513.0,8537963.0,,,
y1_d105_MSN_VAS,257.0,,,,,,,,False,,8565263.0,8565763.0,,,
y1_d105_MSN_VAS,258.0,,,,,,,,False,,8589213.0,8589663.0,,,
y1_d105_MSN_VAS,259.0,,,,,,,,False,,8616263.0,8616763.0,,,
y1_d105_MSN_VAS,260.0,,,,,,,,False,,8651713.0,8652163.0,,,
y1_d105_MSN_VAS,261.0,,,,,,,,False,,8672363.0,8672813.0,,,
y1_d105_MSN_VAS,262.0,,,,,,,,False,,8697013.0,8697463.0,,,
y1_d105_MSN_VAS,264.0,,,,,,,,False,,8756363.0,8756813.0,,,
y1_d105_MSN_VAS,271.0,,,,,,,,False,,9054713.0,9055163.0,,,
y1_d105_OER_ANI,16.0,,,,,,,,False,,319344.0,319794.0,,,
y1_d105_OER_ANI,39.0,,,,,,,,False,,1083094.0,1083694.0,,,
y1_d105_OER_ANI,40.0,,,,,,,,False,,1110694.0,1111194.0,,,
y1_d105_OER_ANI,41.0,,,,,,,,False,,1132144.0,1132594.0,,,
y1_d105_OER_ANI,42.0,,,,,,,,False,,1155394.0,1155944.0,,,
y1_d105_OER_ANI,45.0,,,,,,,,False,,1244694.0,1245144.0,,,
y1_d105_OER_ANI,46.0,,,,,,,,False,,1281644.0,1282094.0,,,
y1_d105_OER_ANI,48.0,,,,,,,,False,,1346144.0,1346744.0,,,
y1_d105_OER_ANI,49.0,,,,,,,,False,,1367194.0,1367644.0,,,
y1_d105_OER_ANI,50.0,,,,,,,,False,,1388494.0,1388944.0,,,
y1_d105_OER_ANI,86.0,,,,,,,,False,,2772844.0,2773344.0,,,
y1_d105_OER_ANI,87.0,,,,,,,,False,,2794194.0,2794694.0,,,
y1_d105_OER_ANI,89.0,,,,,,,,False,,2867044.0,2867494.0,,,
y1_d105_OER_ANI,90.0,,,,,,,,False,,2889594.0,2890044.0,,,
y1_d105_OER_ANI,91.0,,,,,,,,False,,2912844.0,2913394.0,,,
y1_d105_OER_ANI,92.0,,,,,,,,False,,2938894.0,2939444.0,,,
y1_d105_OER_ANI,98.0,,,,,,,,False,,3191294.0,3191844.0,,,
y1_d105_OER_ANI,111.0,,,,,,,,False,,3505444.0,3505944.0,,,
y1_d105_OER_ANI,128.0,,,,,,,,False,,4023794.0,4024294.0,,,
y1_d105_OER_ANI,129.0,,,,,,,,False,,4045194.0,4045694.0,,,
y1_d105_OER_ANI,139.0,,,,,,,,False,,4422694.0,4423194.0,,,
y1_d105_OER_ANI,140.0,,,,,,,,False,,4439344.0,4439894.0,,,
y1_d105_OER_ANI,142.0,,,,,,,,False,,4472944.0,4473394.0,,,
y1_d105_OER_ANI,143.0,,,,,,,,False,,4491094.0,4491594.0,,,
y1_d105_OER_ANI,144.0,,,,,,,,False,,4510494.0,4510944.0,,,
y1_d105_OER_ANI,170.0,,,,,,,,False,,5314794.0,5315294.0,,,
y1_d105_OER_ANI,171.0,,,,,,,,False,,5336544.0,5337044.0,,,
y1_d105_OER_ANI,172.0,,,,,,,,False,,5359144.0,5359594.0,,,
y1_d105_OER_ANI,173.0,,,,,,,,False,,5386244.0,,,,
y1_d105_OER_ANI,181.0,,,,,,,,False,,5676494.0,5676944.0,,,
y1_d105_OER_ANI,182.0,,,,,,,,False,,5697644.0,5698144.0,,,
y1_d105_OER_ANI,183.0,,,,,,,,False,,5720844.0,5721344.0,,,
y1_d105_OER_ANI,184.0,,,,,,,,False,,5745694.0,5746244.0,,,
y1_d105_OER_ANI,194.0,,,,,,,,False,,6040194.0,6040644.0,,,
y1_d105_OER_ANI,195.0,,,,,,,,False,,6056244.0,6056694.0,,,
y1_d105_OER_ANI,196.0,,,,,,,,False,,6071644.0,6072244.0,,,
y1_d105_OER_ANI,197.0,,,,,,,,False,,6089794.0,6090244.0,,,
y1_d105_OER_ANI,206.0,,,,,,,,False,,6376844.0,6377394.0,,,
y1_d105_OER_ANI,207.0,,,,,,,,False,,6393394.0,6393844.0,,,
y1_d105_OER_ANI,208.0,,,,,,,,False,,6413894.0,6414444.0,,,
y1_d105_OER_ANI,211.0,,,,,,,,False,,6479544.0,6480044.0,,,
y1_d105_OER_ANI,228.0,,,,,,,,False,,7014394.0,7014844.0,,,
y1_d105_OER_ANI,229.0,,,,,,,,False,,7038094.0,7038544.0,,,
y1_d105_OER_ANI,230.0,,,,,,,,False,,7060694.0,7061244.0,,,
y1_d105_OER_ANI,268.0,,,,,,,,False,,8313544.0,8313994.0,,,
y1_d106.5_OER_ANI,24.0,,,,,,,,False,,659226.0,659776.0,,,
y1_d106.5_OER_ANI,26.0,,,,,,,,False,,712626.0,713076.0,,,
y1_d106.5_OER_ANI,27.0,,,,,,,,False,,733726.0,734176.0,,,
y1_d106.5_OER_ANI,29.0,,,,,,,,False,,784526.0,785026.0,,,
y1_d106.5_OER_ANI,33.0,,,,,,,,False,,904626.0,905076.0,,,
y1_d106.5_OER_ANI,73.0,,,,,,,,False,,2524726.0,2525176.0,,,
y1_d106.5_OER_ANI,76.0,,,,,,,,False,,2611226.0,2611776.0,,,
y1_d106.5_OER_ANI,124.0,,,,,,,,False,,4267826.0,4268276.0,,,
y1_d106.5_OER_ANI,125.0,,,,,,,,False,,4288476.0,4288926.0,,,
y1_d106.5_OER_ANI,126.0,,,,,,,,False,,4314026.0,4314526.0,,,
y1_d106.5_OER_ANI,128.0,,,,,,,,False,,4368926.0,4369426.0,,,
y1_d106.5_OER_ANI,129.0,,,,,,,,False,,4402926.0,4403426.0,,,
y1_d106.5_OER_ANI,145.0,,,,,,,,False,,4970476.0,4970976.0,,,
y1_d106.5_OER_ANI,152.0,,,,,,,,False,,5312176.0,5312626.0,,,
y1_d106.5_OER_ANI,153.0,,,,,,,,False,,5333876.0,5334426.0,,,
y1_d106.5_OER_ANI,154.0,,,,,,,,False,,5354876.0,5355376.0,,,
y1_d106.5_OER_ANI,155.0,,,,,,,,False,,5377326.0,,,,
y1_d106.5_OER_ANI,184.0,,,,,,,,False,,6462526.0,6463026.0,,,
y1_d106.5_OER_ANI,185.0,,,,,,,,False,,6479876.0,6480326.0,,,
y1_d106.5_OER_ANI,193.0,,,,,,,,False,,6818576.0,6819076.0,,,
y1_d106.5_OER_ANI,194.0,,,,,,,,False,,6848076.0,6848576.0,,,
y1_d106.5_OER_ANI,195.0,,,,,,,,False,,6873376.0,6873876.0,,,
y1_d106.5_OER_ANI,196.0,,,,,,,,False,,6901676.0,6902176.0,,,
y1_d106.5_OER_ANI,197.0,,,,,,,,False,,6927576.0,6928076.0,,,
y1_d106.5_OER_ANI,199.0,,,,,,,,False,,7004026.0,7004526.0,,,
y1_d106.5_OER_ANI,200.0,,,,,,,,False,,7026376.0,7026826.0,,,
y1_d106.5_OER_ANI,201.0,,,,,,,,False,,7047676.0,7048176.0,,,
y1_d106.5_OER_ANI,202.0,,,,,,,,False,,7070576.0,7071126.0,,,
y1_d106_MSN_VAS,17.0,,,,,,,,False,,451397.0,451847.0,,,
y1_d106_MSN_VAS,19.0,,,,,,,,False,,494647.0,495147.0,,,
y1_d106_MSN_VAS,21.0,,,,,,,,False,,538047.0,538547.0,,,
y1_d106_MSN_VAS,22.0,,,,,,,,False,,568947.0,569447.0,,,
y1_d106_MSN_VAS,36.0,,,,,,,,False,,1029897.0,1030347.0,,,
y1_d106_MSN_VAS,37.0,,,,,,,,False,,1047497.0,1047997.0,,,
y1_d106_MSN_VAS,90.0,,,,,,,,False,,2647283.0,2647783.0,,,
y1_d106_MSN_VAS,91.0,,,,,,,,False,,2664133.0,2664633.0,,,
y1_d106_MSN_VAS,95.0,,,,,,,,False,,2787383.0,2787883.0,,,
y1_d106_MSN_VAS,96.0,,,,,,,,False,,2817083.0,2817583.0,,,
y1_d106_MSN_VAS,97.0,,,,,,,,False,,2831933.0,2832383.0,,,
y1_d106_MSN_VAS,102.0,,,,,,,,False,,3073383.0,3073883.0,,,
y1_d106_MSN_VAS,103.0,,,,,,,,False,,3089283.0,3089733.0,,,
y1_d106_MSN_VAS,104.0,,,,,,,,False,,3109283.0,3109783.0,,,
y1_d106_MSN_VAS,105.0,,,,,,,,False,,3149133.0,3149583.0,,,
y1_d106_MSN_VAS,106.0,,,,,,,,False,,3169383.0,3169833.0,,,
y1_d106_MSN_VAS,136.0,,,,,,,,False,,4181442.0,4181942.0,,,
y1_d106_MSN_VAS,137.0,,,,,,,,False,,4203792.0,4204292.0,,,
y1_d106_MSN_VAS,138.0,,,,,,,,False,,4223442.0,4223942.0,,,
y1_d106_MSN_VAS,140.0,,,,,,,,False,,4273492.0,4274092.0,,,
y1_d106_MSN_VAS,143.0,,,,,,,,False,,4360192.0,,,,
y1_d106_MSN_VAS,169.0,,,,,,,,False,,5210992.0,5211542.0,,,
y1_d106_MSN_VAS,171.0,,,,,,,,False,,5256542.0,5257142.0,,,
y1_d106_MSN_VAS,172.0,,,,,,,,False,,5296142.0,5296592.0,,,
y1_d106_MSN_VAS,173.0,,,,,,,,False,,5319892.0,5320342.0,,,
y1_d106_MSN_VAS,175.0,,,,,,,,False,,5383242.0,5383742.0,,,
y1_d106_MSN_VAS,184.0,,,,,,,,False,,5765242.0,5765742.0,,,
y1_d106_MSN_VAS,185.0,,,,,,,,False,,5784542.0,5785092.0,,,
y1_d106_MSN_VAS,186.0,,,,,,,,False,,5806742.0,5807292.0,,,
y1_d106_MSN_VAS,187.0,,,,,,,,False,,5826092.0,5826592.0,,,
y1_d106_MSN_VAS,188.0,,,,,,,,False,,5857192.0,5857742.0,,,
y1_d106_MSN_VAS,189.0,,,,,,,,False,,5879842.0,5880292.0,,,
y1_d106_MSN_VAS,190.0,,,,,,,,False,,5899792.0,5900342.0,,,
y1_d106_MSN_VAS,191.0,,,,,,,,False,,5918892.0,5919342.0,,,
y1_d106_MSN_VAS,209.0,,,,,,,,False,,6632392.0,6632842.0,,,
y1_d106_MSN_VAS,210.0,,,,,,,,False,,6655092.0,6657942.0,,,
y1_d106_MSN_VAS,211.0,,,,,,,,False,,6692592.0,6693092.0,,,
y1_d106_MSN_VAS,212.0,,,,,,,,False,,6718292.0,6718792.0,,,
y1_d106_MSN_VAS,213.0,,,,,,,,False,,6742642.0,6743092.0,,,
y1_d106_MSN_VAS,214.0,,,,,,,,False,,6769942.0,6770442.0,,,
y1_d106_MSN_VAS,248.0,,,,,,,,False,,7819792.0,7820242.0,,,
y1_d106_MSN_VAS,250.0,,,,,,,,False,,7867242.0,7867692.0,,,
y1_d106_MSN_VAS,251.0,,,,,,,,False,,7893342.0,7893842.0,,,
y1_d106_MSN_VAS,271.0,,,,,,,,False,,8758792.0,8759292.0,,,
y1_d106_MSN_VAS,274.0,,,,,,,,False,,8854192.0,8854692.0,,,
y1_d106_MSN_VAS,276.0,,,,,,,,False,,8908892.0,8909392.0,,,
y1_d106_MSN_VAS,277.0,,,,,,,,False,,8939142.0,8939692.0,,,
y1_d106_MSN_VAS,278.0,"Out (inning-ending, verify)",1.9,0.65,1.25,78.0209193461163,76.98576772284542,68.61356252106687,True,5.169424833723579,8960642.0,8961142.0,8961792.0,8963042.0,26
y1_d106_MSN_VAS,295.0,,,,,,,,False,,9503042.0,9503592.0,,,
y1_d106_MSN_VAS,297.0,,,,,,,,False,,9538542.0,9539042.0,,,
y1_d106_MSN_VAS,299.0,,,,,,,,False,,9577592.0,9578142.0,,,
y1_d106_MSN_VAS,305.0,,1.95,0.7,1.25,77.965323517913,77.05369964774498,69.54762867673416,True,2.6139740024412714,9810442.0,9810942.0,9811642.0,9812892.0,26
y1_d106_MSN_VAS,310.0,,,,,,,,False,,10117392.0,10117892.0,,,
y1_d106_MSN_VAS,311.0,,,,,,,,False,,10139042.0,10139542.0,,,
y1_d106_OER_ANI,7.0,,,,,,,,False,,174355.0,174916.0,,,
y1_d106_OER_ANI,8.0,,,,,,,,False,,196135.0,196696.0,,,
y1_d106_OER_ANI,9.0,,,,,,,,False,,223525.0,224053.0,,,
y1_d106_OER_ANI,12.0,,7.392,0.594,6.798,75.63308723163814,72.17342144147534,39.634411259981015,True,10.44337858697167,295003.0,295564.0,296158.0,302956.0,163
y1_d106_OER_ANI,22.0,,,,,,,,False,,673216.0,673678.0,,,
y1_d106_OER_ANI,23.0,,,,,,,,False,,691663.0,692125.0,,,
y1_d106_OER_ANI,24.0,,,,,,,,False,,713146.0,713608.0,,,
y1_d106_OER_ANI,25.0,,,,,,,,False,,733903.0,734398.0,,,
y1_d106_OER_ANI,27.0,,,,,,,,False,,786901.0,787363.0,,,
y1_d106_OER_ANI,49.0,,,,,,,,False,,1415420.0,1415882.0,,,
y1_d106_OER_ANI,52.0,,,,,,,,False,,1482476.0,1482971.0,,,
y1_d106_OER_ANI,53.0,,,,,,,,False,,1517192.0,1517621.0,,,
y1_d106_OER_ANI,54.0,,,,,,,,False,,1535474.0,1535936.0,,,
y1_d106_OER_ANI,55.0,,,,,,,,False,,1557287.0,1557749.0,,,
y1_d106_OER_ANI,56.0,,,,,,,,False,,1581278.0,1581740.0,,,
y1_d106_OER_ANI,73.0,,,,,,,,False,,2174784.0,2175246.0,,,
y1_d106_OER_ANI,74.0,,,,,,,,False,,2194056.0,2194518.0,,,
y1_d106_OER_ANI,76.0,,,,,,,,False,,2235009.0,2235471.0,,,
y1_d106_OER_ANI,77.0,,,,,,,,False,,2259594.0,2260122.0,,,
y1_d106_OER_ANI,81.0,,,,,,,,False,,2366151.0,2366679.0,,,
y1_d106_OER_ANI,119.0,,,,,,,,False,,3537124.0,3537586.0,,,
y1_d106_OER_ANI,121.0,,,,,,,,False,,3602299.0,3602794.0,,,
y1_d106_OER_ANI,122.0,,,,,,,,False,,3622957.0,3623452.0,,,
y1_d106_OER_ANI,123.0,,,,,,,,False,,3647014.0,3647476.0,,,
y1_d106_OER_ANI,124.0,,,,,,,,False,,3669652.0,3670081.0,,,
y1_d106_OER_ANI,176.0,,,,,,,,False,,5482872.0,5483334.0,,,
y1_d106_OER_ANI,178.0,,,,,,,,False,,5531316.0,5531745.0,,,
y1_d106_OER_ANI,179.0,,,,,,,,False,,5552469.0,5552997.0,,,
y1_d106_OER_ANI,180.0,,,,,,,,False,,5575206.0,5575701.0,,,
y1_d106_OER_ANI,190.0,,,,,,,,False,,5811750.0,5812212.0,,,
y1_d106_OER_ANI,208.0,,,,,,,,False,,6378988.0,6379450.0,,,
y1_d106_OER_ANI,230.0,,,,,,,,False,,6959227.0,6959689.0,,,
y1_d106_OER_ANI,233.0,,,,,,,,False,,7047304.0,7047766.0,,,
y1_d106_OER_ANI,234.0,,,,,,,,False,,7071791.0,7072253.0,,,
y1_d106_OER_ANI,243.0,,,,,,,,False,,7355789.0,7356218.0,,,
y1_d106_OER_ANI,244.0,,,,,,,,False,,7369319.0,7369781.0,,,
y1_d106_OER_ANI,245.0,,,,,,,,False,,7386281.0,7386710.0,,,
y1_d106_OER_ANI,246.0,,,,,,,,False,,7403573.0,7404068.0,,,
y1_d106_OER_ANI,247.0,,,,,,,,False,,7430996.0,7431458.0,,,
y1_d106_OER_ANI,248.0,,,,,,,,False,,7446143.0,7446605.0,,,
y1_d106_OER_ANI,250.0,,,,,,,,False,,7486964.0,7487393.0,,,
y1_d106_OER_ANI,252.0,,,,,,,,False,,7531712.0,7532240.0,,,
y1_d107_OER_ANI,30.0,,,,,,,,False,,730135.0,730635.0,,,
y1_d107_OER_ANI,31.0,,,,,,,,False,,759785.0,760235.0,,,
y1_d107_OER_ANI,52.0,,,,,,,,False,,1462135.0,1462635.0,,,
y1_d107_OER_ANI,53.0,,,,,,,,False,,1479735.0,1480335.0,,,
y1_d107_OER_ANI,55.0,,,,,,,,False,,1513135.0,1513685.0,,,
y1_d107_OER_ANI,56.0,,,,,,,,False,,1597385.0,1597835.0,,,
y1_d107_OER_ANI,57.0,,,,,,,,False,,1615835.0,1616335.0,,,
y1_d107_OER_ANI,58.0,,,,,,,,False,,1638335.0,1638835.0,,,
y1_d107_OER_ANI,59.0,,,,,,,,False,,1674635.0,1675135.0,,,
y1_d107_OER_ANI,62.0,,,,,,,,False,,1773485.0,1773935.0,,,
y1_d107_OER_ANI,64.0,,,,,,,,False,,1832435.0,1832885.0,,,
y1_d107_OER_ANI,65.0,,,,,,,,False,,1886535.0,1887035.0,,,
y1_d107_OER_ANI,66.0,,,,,,,,False,,1905935.0,1906435.0,,,
y1_d107_OER_ANI,72.0,,,,,,,,False,,2087735.0,2088185.0,,,
y1_d107_OER_ANI,73.0,,,,,,,,False,,2107185.0,2107685.0,,,
y1_d107_OER_ANI,75.0,,,,,,,,False,,2149585.0,2150085.0,,,
y1_d107_OER_ANI,78.0,,,,,,,,False,,2227535.0,2228035.0,,,
y1_d107_OER_ANI,124.0,,,,,,,,False,,3639335.0,3639785.0,,,
y1_d107_OER_ANI,125.0,,,,,,,,False,,3659785.0,3660285.0,,,
y1_d107_OER_ANI,126.0,,,,,,,,False,,3685885.0,3686335.0,,,
y1_d107_OER_ANI,166.0,,,,,,,,False,,5030785.0,5031285.0,,,
y1_d107_OER_ANI,168.0,,,,,,,,False,,5077535.0,5078085.0,,,
y1_d107_OER_ANI,172.0,,,,,,,,False,,5160935.0,5161435.0,,,
y1_d107_OER_ANI,173.0,,,,,,,,False,,5181785.0,5182285.0,,,
y1_d107_OER_ANI,188.0,,,,,,,,False,,5653135.0,5653585.0,,,
y1_d107_OER_ANI,190.0,,,,,,,,False,,5691235.0,5691735.0,,,
y1_d107_OER_ANI,191.0,,,,,,,,False,,5723335.0,5723885.0,,,
y1_d107_OER_ANI,192.0,,,,,,,,False,,5751335.0,5751835.0,,,
y1_d107_OER_ANI,194.0,,,,,,,,False,,5792135.0,5792585.0,,,
y1_d107_OER_ANI,195.0,,,,,,,,False,,5809685.0,5810135.0,,,
y1_d107_OER_ANI,197.0,,,,,,,,False,,5862735.0,5863285.0,,,
y1_d107_OER_ANI,209.0,,,,,,,,False,,6325885.0,6326435.0,,,
y1_d107_OER_ANI,211.0,,,,,,,,False,,6361585.0,6362135.0,,,
y1_d107_OER_ANI,212.0,,,,,,,,False,,6384585.0,6385035.0,,,
y1_d107_OER_ANI,213.0,,,,,,,,False,,6415435.0,6415985.0,,,
y1_d107_OER_ANI,215.0,,,,,,,,False,,6457835.0,6458335.0,,,
y1_d107_OER_ANI,218.0,,,,,,,,False,,6528635.0,6529085.0,,,
y1_d107_OER_ANI,225.0,,,,,,,,False,,7047585.0,7048035.0,,,
y1_d107_OER_ANI,226.0,,,,,,,,False,,7063585.0,7064085.0,,,
y1_d107_OER_ANI,227.0,,,,,,,,False,,7083085.0,7083585.0,,,
y1_d107_OER_ANI,228.0,,,,,,,,False,,7103235.0,7103735.0,,,
y1_d107_OER_ANI,231.0,,,,,,,,False,,7190585.0,7191085.0,,,
y1_d107_OER_ANI,232.0,,,,,,,,False,,7209585.0,7210035.0,,,
y1_d107_OER_ANI,234.0,,,,,,,,False,,7258885.0,,,,
y1_d107_OER_ANI,266.0,,,,,,,,False,,8269635.0,8270135.0,,,
y1_d107_OER_ANI,267.0,,,,,,,,False,,8288685.0,8289185.0,,,
y1_d107_OER_ANI,268.0,,,,,,,,False,,8308585.0,8309085.0,,,
y1_d107_OER_ANI,269.0,,,,,,,,False,,8326635.0,8327135.0,,,
y1_d107_OER_ANI,270.0,,,,,,,,False,,8345835.0,8346335.0,,,
y1_d107_OER_ANI,312.0,,,,,,,,False,,9747335.0,9747835.0,,,
y1_d107_OER_ANI,313.0,,,,,,,,False,,9765835.0,9766335.0,,,
y1_d107_OER_ANI,314.0,,,,,,,,False,,9784185.0,9784685.0,,,
y1_d107_OER_ANI,315.0,,,,,,,,False,,9811735.0,9812235.0,,,
y1_d107_OER_ANI,316.0,,,,,,,,False,,9851935.0,9852485.0,,,
y1_d107_OER_ANI,317.0,,,,,,,,False,,9868235.0,9868735.0,,,
y1_d107_OER_ANI,318.0,,,,,,,,False,,9886485.0,9887035.0,,,
y1_d107_OER_ANI,319.0,,,,,,,,False,,9908335.0,9908885.0,,,
y1_d107_OER_ANI,322.0,,,,,,,,False,,10121285.0,10121835.0,,,
y1_d107_OER_ANI,323.0,,,,,,,,False,,10136185.0,10136735.0,,,
y1_d107_OER_ANI,326.0,,,,,,,,False,,10206485.0,10206985.0,,,
y1_d107_OER_ANI,327.0,,,,,,,,False,,10223585.0,10224035.0,,,
y1_d107_OER_ANI,328.0,,,,,,,,False,,10253235.0,10253785.0,,,
y1_d107_OER_ANI,329.0,,,,,,,,False,,10268785.0,10269235.0,,,
y1_d108_SPL_PHD,57.0,,,,,,,,False,,1568569.0,1569069.0,,,
y1_d108_SPL_PHD,61.0,,,,,,,,False,,1788319.0,1788769.0,,,
y1_d108_SPL_PHD,62.0,,,,,,,,False,,1804419.0,1804969.0,,,
y1_d108_SPL_PHD,63.0,,,,,,,,False,,1826619.0,1827069.0,,,
y1_d108_SPL_PHD,64.0,,,,,,,,False,,1846069.0,1846569.0,,,
y1_d108_SPL_PHD,69.0,,,,,,,,False,,2008169.0,2008669.0,,,
y1_d108_SPL_PHD,70.0,,,,,,,,False,,2029219.0,2029669.0,,,
y1_d108_SPL_PHD,71.0,,,,,,,,False,,2050019.0,2050519.0,,,
y1_d108_SPL_PHD,72.0,,,,,,,,False,,2070819.0,2071269.0,,,
y1_d108_SPL_PHD,133.0,,,,,,,,False,,3743669.0,3744119.0,,,
y1_d108_SPL_PHD,135.0,,,,,,,,False,,3800819.0,3801369.0,,,
y1_d108_SPL_PHD,140.0,,,,,,,,False,,3910569.0,3911069.0,,,
y1_d108_SPL_PHD,141.0,,,,,,,,False,,3930319.0,3930769.0,,,
y1_d108_SPL_PHD,143.0,,,0.65,,,,,False,,3969769.0,3970219.0,3970869.0,,
y1_d108_SPL_PHD,157.0,,,,,,,,False,,4352719.0,4353219.0,,,
y1_d108_SPL_PHD,205.0,,,,,,,,False,,5968319.0,5968769.0,,,
y1_d108_SPL_PHD,206.0,,,,,,,,False,,5983019.0,5983469.0,,,
y1_d108_SPL_PHD,222.0,,,,,,,,False,,6558519.0,6558969.0,,,
y1_d108_SPL_PHD,224.0,,,,,,,,False,,6634469.0,6634969.0,,,
y1_d108_SPL_PHD,229.0,,,,,,,,False,,6778119.0,6778569.0,,,
y1_d108_SPL_PHD,230.0,,,,,,,,False,,6813519.0,6813969.0,,,
y1_d108_SPL_PHD,231.0,,,,,,,,False,,6837169.0,6837619.0,,,
y1_d108_SPL_PHD,263.0,,,,,,,,False,,8153969.0,8154419.0,,,
y1_d108_SPL_PHD,264.0,,,,,,,,False,,8173319.0,8173769.0,,,
y1_d108_SPL_PHD,266.0,,,,,,,,False,,8225019.0,8225469.0,,,
y1_d108_SPL_PHD,268.0,,,,,,,,False,,8289019.0,8289569.0,,,
y1_d108_SPL_PHD,280.0,,,,,,,,False,,8760619.0,8761069.0,,,
y1_d108_SPL_PHD,283.0,,,,,,,,False,,8830719.0,8831219.0,,,
y1_d108_THF_ARN,5.0,,,,,,,,False,,172961.0,173461.0,,,
y1_d108_THF_ARN,7.0,,,,,,,,False,,215111.0,215611.0,,,
y1_d108_THF_ARN,10.0,,,,,,,,False,,291511.0,291961.0,,,
y1_d108_THF_ARN,37.0,,,,,,,,False,,1477961.0,1478411.0,,,
y1_d108_THF_ARN,49.0,,,,,,,,False,,1803861.0,1804311.0,,,
y1_d108_THF_ARN,50.0,,,,,,,,False,,1825461.0,1825911.0,,,
y1_d108_THF_ARN,51.0,,,,,,,,False,,1846111.0,1846611.0,,,
y1_d108_THF_ARN,52.0,,,,,,,,False,,1868061.0,1868561.0,,,
y1_d108_THF_ARN,92.0,,,,,,,,False,,3122311.0,3122811.0,,,
y1_d108_THF_ARN,94.0,,,,,,,,False,,3191011.0,3191461.0,,,
y1_d108_THF_ARN,95.0,,,,,,,,False,,3212211.0,3212711.0,,,
y1_d108_THF_ARN,119.0,,,,,,,,False,,3987411.0,3987911.0,,,
y1_d108_THF_ARN,120.0,,,,,,,,False,,4000511.0,4001061.0,,,
y1_d108_THF_ARN,121.0,,,,,,,,False,,4015161.0,4015611.0,,,
y1_d108_THF_ARN,122.0,,,,,,,,False,,4029811.0,4030311.0,,,
y1_d108_THF_ARN,128.0,,,,,,,,False,,4214661.0,4215211.0,,,
y1_d108_THF_ARN,129.0,,,,,,,,False,,4234561.0,4235111.0,,,
y1_d108_THF_ARN,130.0,,,,,,,,False,,4259911.0,4260411.0,,,
y1_d108_THF_ARN,131.0,,,,,,,,False,,4282461.0,4283011.0,,,
y1_d108_THF_ARN,132.0,,,,,,,,False,,4407961.0,4408461.0,,,
y1_d108_THF_ARN,133.0,,,,,,,,False,,4428511.0,4429011.0,,,
y1_d108_THF_ARN,134.0,,,,,,,,False,,4451511.0,4452061.0,,,
y1_d108_THF_ARN,149.0,,,,,,,,False,,4897611.0,4898111.0,,,
y1_d108_THF_ARN,150.0,,,,,,,,False,,4924711.0,4925261.0,,,
y1_d108_THF_ARN,152.0,,,,,,,,False,,4967961.0,4968461.0,,,
y1_d108_THF_ARN,153.0,,,,,,,,False,,5014611.0,5017111.0,,,
y1_d108_THF_ARN,154.0,,,,,,,,False,,5213611.0,5214311.0,,,
y1_d108_THF_ARN,155.0,,,,,,,,False,,5261811.0,5262361.0,,,
y1_d108_THF_ARN,157.0,,,,,,,,False,,5303461.0,5303961.0,,,
y1_d108_THF_ARN,159.0,,1.95,0.65,1.3,65.85456490815042,65.50800264174514,63.83476524717672,True,1.1559225768251766,5331511.0,5332011.0,5332661.0,5333961.0,27
y1_d108_THF_ARN,167.0,,,,,,,,False,,5487897.0,5488447.0,,,
y1_d108_THF_ARN,178.0,,,,,,,,False,,5854697.0,5855247.0,,,
y1_d108_THF_ARN,179.0,,,,,,,,False,,5874297.0,5874797.0,,,
y1_d108_THF_ARN,180.0,,,,,,,,False,,5895697.0,5896197.0,,,
y1_d108_THF_ARN,181.0,,,,,,,,False,,5917997.0,5918497.0,,,
y1_d108_THF_ARN,182.0,,,,,,,,False,,5937397.0,5937897.0,,,
y1_d108_THF_ARN,221.0,,,,,,,,False,,7602847.0,7603347.0,,,
y1_d108_THF_ARN,222.0,,,,,,,,False,,7638997.0,7639497.0,,,
y1_d108_THF_ARN,228.0,,,,,,,,False,,7724747.0,7725297.0,,,
y1_d108_THF_ARN,230.0,,,,,,,,False,,7821397.0,7821947.0,,,
y1_d108_THF_ARN,232.0,,,,,,,,False,,7862497.0,7862997.0,,,
y1_d108_THF_ARN,233.0,,,,,,,,False,,7882347.0,7882847.0,,,
y1_d108_THF_ARN,234.0,,,,,,,,False,,7902047.0,7904047.0,,,
y1_d108_THF_ARN,239.0,,,,,,,,False,,7976797.0,7977347.0,,,
y1_d108_THF_ARN,240.0,,,,,,,,False,,7990497.0,7990997.0,,,
y1_d108_THF_ARN,253.0,,,,,,,,False,,8467397.0,8467947.0,,,
y1_d108_THF_ARN,257.0,,,,,,,,False,,8536247.0,8538097.0,,,
y1_d108_THF_ARN,258.0,,,,,,,,False,,8587797.0,8588297.0,,,
y1_d108_THF_ARN,259.0,,,,,,,,False,,8612897.0,8613447.0,,,
y1_d108_THF_ARN,284.0,,,,,,,,False,,9648497.0,9648947.0,,,
y1_d108_THF_ARN,298.0,,,,,,,,False,,10069497.0,10069947.0,,,
y1_d108_THF_ARN,344.0,,,,,,,,False,,11532047.0,11532547.0,,,
y1_d108_THF_ARN,345.0,,,,,,,,False,,11549997.0,11550497.0,,,
y1_d108_THF_ARN,409.0,,,,,,,,False,,13707347.0,13707847.0,,,
y1_d108_THF_ARN,410.0,,,,,,,,False,,13724747.0,13725197.0,,,
y1_d108_THF_ARN,411.0,,,,,,,,False,,13751347.0,13751797.0,,,
y1_d109_SPL_PHD,31.0,,,,,,,,False,,899307.0,899907.0,,,
y1_d109_SPL_PHD,32.0,,,,,,,,False,,915457.0,915907.0,,,
y1_d109_SPL_PHD,34.0,,,,,,,,False,,957657.0,958157.0,,,
y1_d109_SPL_PHD,41.0,,,,,,,,False,,1232807.0,1233357.0,,,
y1_d109_SPL_PHD,42.0,,,,,,,,False,,1252607.0,1253057.0,,,
y1_d109_SPL_PHD,44.0,,,,,,,,False,,1316807.0,1317257.0,,,
y1_d109_SPL_PHD,45.0,,,,,,,,False,,1333657.0,1334157.0,,,
y1_d109_SPL_PHD,55.0,,,,,,,,False,,1683857.0,1684357.0,,,
y1_d109_SPL_PHD,56.0,,,,,,,,False,,1702207.0,1702757.0,,,
y1_d109_SPL_PHD,80.0,,,,,,,,False,,2391957.0,2392457.0,,,
y1_d109_SPL_PHD,102.0,,,,,,,,False,,3015557.0,3016007.0,,,
y1_d109_SPL_PHD,104.0,,,,,,,,False,,3058807.0,3059257.0,,,
y1_d109_SPL_PHD,138.0,,,,,,,,False,,4147707.0,4148207.0,,,
y1_d109_SPL_PHD,141.0,,,,,,,,False,,4236057.0,4236607.0,,,
y1_d109_SPL_PHD,143.0,,,,,,,,False,,4267057.0,4267557.0,,,
y1_d109_SPL_PHD,144.0,,,,,,,,False,,4284057.0,4284507.0,,,
y1_d109_SPL_PHD,145.0,,,,,,,,False,,4302857.0,4303357.0,,,
y1_d109_SPL_PHD,193.0,,,,,,,,False,,6260107.0,6260607.0,,,
y1_d109_SPL_PHD,194.0,,,,,,,,False,,6276957.0,6277557.0,,,
y1_d109_SPL_PHD,238.0,,,,,,,,False,,7841257.0,7841757.0,,,
y1_d109_SPL_PHD,239.0,,,,,,,,False,,7856107.0,7856557.0,,,
y1_d109_SPL_PHD,240.0,,,,,,,,False,,7874157.0,7874607.0,,,
y1_d109_SPL_PHD,241.0,,,,,,,,False,,7890357.0,7890807.0,,,
y1_d109_SPL_PHD,291.0,,,,,,,,False,,9627657.0,9628107.0,,,
y1_d109_SPL_PHD,292.0,,,,,,,,False,,9650657.0,9651107.0,,,
y1_d109_SPL_PHD,293.0,,,,,,,,False,,9672157.0,9672657.0,,,
y1_d109_SPL_PHD,295.0,,,,,,,,False,,9728357.0,9728857.0,,,
y1_d109_SPL_PHD,296.0,,,,,,,,False,,9754207.0,9754657.0,,,
y1_d109_SPL_PHD,297.0,,,,,,,,False,,9782207.0,,,,
y1_d110_SPL_PHD,6.0,,,,,,,,False,,107026.0,107476.0,,,
y1_d110_SPL_PHD,10.0,,,,,,,,False,,195326.0,195776.0,,,
y1_d110_SPL_PHD,12.0,,1.9,0.65,1.25,80.24160901585049,79.33918493633391,72.02721641964035,True,5.2378348805308415,236126.0,236576.0,237226.0,238476.0,26
y1_d110_SPL_PHD,16.0,,,,,,,,False,,355576.0,356026.0,,,
y1_d110_SPL_PHD,18.0,,,,,,,,False,,405926.0,406426.0,,,
y1_d110_SPL_PHD,19.0,,,,,,,,False,,424576.0,425026.0,,,
y1_d110_SPL_PHD,34.0,,,,,,,,False,,1042276.0,1042826.0,,,
y1_d110_SPL_PHD,35.0,,,,,,,,False,,1059476.0,1059926.0,,,
y1_d110_SPL_PHD,38.0,,,,,,,,False,,1126726.0,1127176.0,,,
y1_d110_SPL_PHD,40.0,,,,,,,,False,,1174976.0,1175376.0,,,
y1_d110_SPL_PHD,41.0,,,,,,,,False,,1210676.0,1211176.0,,,
y1_d110_SPL_PHD,44.0,,,,,,,,False,,1298976.0,1299426.0,,,
y1_d110_SPL_PHD,45.0,,,,,,,,False,,1327726.0,1328226.0,,,
y1_d110_SPL_PHD,58.0,,,,,,,,False,,1825276.0,1825776.0,,,
y1_d110_SPL_PHD,59.0,,1.9,0.65,1.25,76.48378981027707,75.64800665029438,69.05402299269107,True,5.314790937649855,1848026.0,1848576.0,1849226.0,1850476.0,26
y1_d110_SPL_PHD,62.0,,,,,,,,False,,1929476.0,1929876.0,,,
y1_d110_SPL_PHD,89.0,,,,,,,,False,,2775626.0,2776076.0,,,
y1_d110_SPL_PHD,91.0,,,,,,,,False,,2822176.0,2822676.0,,,
y1_d110_SPL_PHD,92.0,,,,,,,,False,,2845076.0,2845576.0,,,
y1_d110_SPL_PHD,93.0,,,,,,,,False,,2861126.0,2861576.0,,,
y1_d110_SPL_PHD,95.0,,,,,,,,False,,2898976.0,2899476.0,,,
y1_d110_SPL_PHD,96.0,,,,,,,,False,,2933076.0,2933576.0,,,
y1_d110_SPL_PHD,97.0,,,,,,,,False,,2953326.0,2953776.0,,,
y1_d110_SPL_PHD,98.0,,,,,,,,False,,2975426.0,2975826.0,,,
y1_d110_SPL_PHD,99.0,,,,,,,,False,,2998676.0,2999176.0,,,
y1_d110_SPL_PHD,109.0,,,,,,,,False,,3357826.0,3358276.0,,,
y1_d110_SPL_PHD,190.0,,,,,,,,False,,5912976.0,5913376.0,,,
y1_d110_SPL_PHD,192.0,,,,,,,,False,,5960426.0,5960976.0,,,
y1_d110_SPL_PHD,193.0,,,,,,,,False,,5983326.0,5983726.0,,,
y1_d110_SPL_PHD,194.0,,,,,,,,False,,6005626.0,6006126.0,,,
y1_d110_SPL_PHD,232.0,,,,,,,,False,,7554676.0,7555126.0,,,
y1_d110_SPL_PHD,233.0,,,,,,,,False,,7575926.0,7576376.0,,,
y1_d110_SPL_PHD,234.0,,,,,,,,False,,7597726.0,7598226.0,,,
y1_d110_SPL_PHD,236.0,,,,,,,,False,,7638676.0,7639226.0,,,
y1_d110_SPL_PHD,237.0,,,,,,,,False,,7673226.0,7673726.0,,,
y1_d110_SPL_PHD,239.0,,,,,,,,False,,7749226.0,7749726.0,,,
y1_d110_SPL_PHD,240.0,,,,,,,,False,,7770776.0,7771276.0,,,
y1_d110_SPL_PHD,242.0,,,,,,,,False,,7807426.0,7807926.0,,,
y1_d110_SPL_PHD,243.0,,,,,,,,False,,7830826.0,7831326.0,,,
y1_d110_SPL_PHD,265.0,,,,,,,,False,,8701826.0,8702326.0,,,
y1_d110_SPL_PHD,267.0,,,,,,,,False,,8766576.0,8767076.0,,,
y1_d110_SPL_PHD,269.0,,,,,,,,False,,8813826.0,8814276.0,,,
y1_d110_SPL_PHD,270.0,,,,,,,,False,,8836876.0,8837376.0,,,
y1_d110_SPL_PHD,272.0,,,,,,,,False,,8904826.0,8905326.0,,,
y1_d110_SPL_PHD,274.0,,,,,,,,False,,8971926.0,8972426.0,,,
y1_d110_SPL_PHD,275.0,,,,,,,,False,,9007026.0,9007576.0,,,
y1_d110_SPL_PHD,276.0,,,,,,,,False,,9027676.0,9028176.0,,,
y1_d110_SPL_PHD,277.0,,,,,,,,False,,9052626.0,9053126.0,,,
y1_d110_SPL_PHD,290.0,,,,,,,,False,,9485026.0,9485526.0,,,
y1_d110_SPL_PHD,291.0,,,,,,,,False,,9503776.0,9504226.0,,,
y1_d110_SPL_PHD,296.0,,,,,,,,False,,9772626.0,9773176.0,,,
y1_d110_SPL_PHD,297.0,,,,,,,,False,,9795176.0,9795626.0,,,
y1_d110_SPL_PHD,299.0,,,,,,,,False,,9845126.0,9845676.0,,,
y1_d110_SPL_PHD,300.0,,,,,,,,False,,9882926.0,,,,
y1_d110_THF_ARN,8.0,,,,,,,,False,,156927.0,157389.0,,,
y1_d110_THF_ARN,9.0,,,,,,,,False,,189498.0,189960.0,,,
y1_d110_THF_ARN,10.0,,,,,,,,False,,208902.0,209397.0,,,
y1_d110_THF_ARN,11.0,,,,,,,,False,,226359.0,226887.0,,,
y1_d110_THF_ARN,12.0,,1.98,0.693,1.287,74.77949168632942,73.98642898909,67.99291186204803,True,6.97341109258034,246753.0,247248.0,247941.0,249228.0,40
y1_d110_THF_ARN,13.0,,,,,,,,False,,273483.0,274011.0,,,
y1_d110_THF_ARN,22.0,,,,,,,,False,,493758.0,494319.0,,,
y1_d110_THF_ARN,25.0,,,,,,,,False,,547482.0,547977.0,,,
y1_d110_THF_ARN,28.0,,,,,,,,False,,621502.0,621997.0,,,
y1_d110_THF_ARN,29.0,,,,,,,,False,,639421.0,639916.0,,,
y1_d110_THF_ARN,30.0,,,,,,,,False,,657076.0,657571.0,,,
y1_d110_THF_ARN,45.0,,,,,,,,False,,1168312.0,1168807.0,,,
y1_d110_THF_ARN,46.0,,,,,,,,False,,1184713.0,1185208.0,,,
y1_d110_THF_ARN,47.0,,,,,,,,False,,1204513.0,1204975.0,,,
y1_d110_THF_ARN,48.0,,,,,,,,False,,1222201.0,1222663.0,,,
y1_d110_THF_ARN,53.0,,,,,,,,False,,1378786.0,1379281.0,,,
y1_d110_THF_ARN,54.0,,,,,,,,False,,1404328.0,1404790.0,,,
y1_d110_THF_ARN,74.0,,,,,,,,False,,2021066.0,2021561.0,,,
y1_d110_THF_ARN,95.0,,,,,,,,False,,2593913.0,2594408.0,,,
y1_d110_THF_ARN,96.0,,,,,,,,False,,2609424.0,2609919.0,,,
y1_d110_THF_ARN,97.0,,,,,,,,False,,2628894.0,2629389.0,,,
y1_d110_THF_ARN,98.0,,,,,,,,False,,2648496.0,2648991.0,,,
y1_d110_THF_ARN,99.0,,,,,,,,False,,2664831.0,2665326.0,,,
y1_d110_THF_ARN,100.0,,,,,,,,False,,2697435.0,2697996.0,,,
y1_d110_THF_ARN,102.0,,,,,,,,False,,2756043.0,2756505.0,,,
y1_d110_THF_ARN,103.0,,,,,,,,False,,2774853.0,,,,
y1_d110_THF_ARN,118.0,,,,,,,,False,,3255366.0,3255894.0,,,
y1_d110_THF_ARN,120.0,,,0.693,,,,,False,,3292788.0,3293283.0,3293976.0,,
y1_d110_THF_ARN,136.0,,,,,,,,False,,3864349.0,3864844.0,,,
y1_d110_THF_ARN,137.0,,,,,,,,False,,3880354.0,3880849.0,,,
y1_d110_THF_ARN,138.0,,,,,,,,False,,3897085.0,3897613.0,,,
y1_d110_THF_ARN,139.0,,,,,,,,False,,3912727.0,3913222.0,,,
y1_d110_THF_ARN,140.0,,,,,,,,False,,3931075.0,3931570.0,,,
y1_d110_THF_ARN,147.0,,,,,,,,False,,4124059.0,4124554.0,,,
y1_d110_THF_ARN,150.0,,,,,,,,False,,4186495.0,4187023.0,,,
y1_d110_THF_ARN,173.0,,,,,,,,False,,4936322.0,4936817.0,,,
y1_d110_THF_ARN,175.0,,,,,,,,False,,4989914.0,4990409.0,,,
y1_d110_THF_ARN,176.0,,,,,,,,False,,5006744.0,5007272.0,,,
y1_d110_THF_ARN,178.0,,,,,,,,False,,5058422.0,5058917.0,,,
y1_d110_THF_ARN,179.0,,,,,,,,False,,5074625.0,5075120.0,,,
y1_d110_THF_ARN,180.0,,,,,,,,False,,5090564.0,5091059.0,,,
y1_d110_THF_ARN,208.0,,,,,,,,False,,6185538.0,6186033.0,,,
y1_d110_THF_ARN,209.0,,,,,,,,False,,6203457.0,6204018.0,,,
y1_d110_THF_ARN,210.0,,,,,,,,False,,6224379.0,6224874.0,,,
y1_d110_THF_ARN,211.0,,,,,,,,False,,6264243.0,6264771.0,,,
y1_d110_THF_ARN,214.0,,,,,,,,False,,6363672.0,6364200.0,,,
y1_d110_THF_ARN,215.0,,,,,,,,False,,6384990.0,6385518.0,,,
y1_d110_THF_ARN,216.0,,,,,,,,False,,6408420.0,,,,
y1_d110_THF_ARN,225.0,,,,,,,,False,,6855538.0,6856033.0,,,
y1_d110_THF_ARN,226.0,,,,,,,,False,,6876625.0,6877054.0,,,
y1_d110_THF_ARN,227.0,,,,,,,,False,,6900385.0,6900847.0,,,
y1_d110_THF_ARN,228.0,,,,,,,,False,,6923089.0,6923551.0,,,
y1_d110_THF_ARN,229.0,,,,,,,,False,,6944803.0,6945265.0,,,
y1_d110_THF_ARN,254.0,,,,,,,,False,,7911506.0,7912001.0,,,
y1_d110_THF_ARN,255.0,,,,,,,,False,,7930250.0,7930778.0,,,
y1_d110_THF_ARN,256.0,,,,,,,,False,,7955627.0,7956122.0,,,
y1_d110_THF_ARN,258.0,,,,,,,,False,,8008064.0,8008526.0,,,
y1_d110_THF_ARN,259.0,,,,,,,,False,,8030438.0,8030966.0,,,
y1_d110_THF_ARN,260.0,,,,,,,,False,,8215964.0,8216426.0,,,
y1_d110_THF_ARN,261.0,,,,,,,,False,,8237414.0,8237909.0,,,
y1_d110_THF_ARN,262.0,,,,,,,,False,,8258930.0,8259392.0,,,
y1_d110_THF_ARN,291.0,,,,,,,,False,,9188739.0,9189201.0,,,
y1_d110_THF_ARN,319.0,,,,,,,,False,,10267708.0,10268170.0,,,
y1_d110_THF_ARN,320.0,,,,,,,,False,,10284670.0,10285198.0,,,
y1_d110_THF_ARN,322.0,,,,,,,,False,,10342849.0,10343377.0,,,
y1_d110_THF_ARN,323.0,,,,,,,,False,,10366345.0,10366807.0,,,
y1_d110_THF_ARN,328.0,,,,,,,,False,,10538374.0,10538935.0,,,
y1_d110_THF_ARN,329.0,,,,,,,,False,,10561111.0,10561639.0,,,
y1_d110_THF_ARN,330.0,,,,,,,,False,,10578865.0,10579360.0,,,
y1_d110_THF_ARN,331.0,,,,,,,,False,,10600909.0,10601371.0,,,
y1_d110_THF_ARN,332.0,,,,,,,,False,,10634075.0,10634537.0,,,
y1_d110_THF_ARN,333.0,,,,,,,,False,,10658858.0,10659320.0,,,
y1_d110_THF_ARN,342.0,,,,,,,,False,,11077793.0,11078321.0,,,
y1_d110_THF_ARN,343.0,,,,,,,,False,,11098286.0,11098748.0,,,
y1_d110_THF_ARN,344.0,,,,,,,,False,,11119010.0,11119472.0,,,
y1_d110_THF_ARN,348.0,,,,,,,,False,,11221013.0,11221475.0,,,
y1_d111_XGM_PHD,7.0,,,,,,,,False,,189738.0,190338.0,,,
y1_d111_XGM_PHD,49.0,,,,,,,,False,,1548288.0,1548788.0,,,
y1_d111_XGM_PHD,51.0,,,,,,,,False,,1602038.0,1602538.0,,,
y1_d111_XGM_PHD,52.0,,,,,,,,False,,1617788.0,1618288.0,,,
y1_d111_XGM_PHD,53.0,,,,,,,,False,,1640188.0,1640688.0,,,
y1_d111_XGM_PHD,56.0,,,,,,,,False,,1748488.0,1749038.0,,,
y1_d111_XGM_PHD,57.0,,,,,,,,False,,1765838.0,1766338.0,,,
y1_d111_XGM_PHD,58.0,,,,,,,,False,,1780588.0,1781088.0,,,
y1_d111_XGM_PHD,59.0,,,,,,,,False,,1799738.0,1800288.0,,,
y1_d111_XGM_PHD,60.0,,,,,,,,False,,1818288.0,1818738.0,,,
y1_d111_XGM_PHD,92.0,,,,,,,,False,,2843488.0,2843988.0,,,
y1_d111_XGM_PHD,139.0,,,,,,,,False,,4461688.0,4462138.0,,,
y1_d111_XGM_PHD,140.0,,,,,,,,False,,4478638.0,4479088.0,,,
y1_d111_XGM_PHD,153.0,,,,,,,,False,,4881338.0,4881788.0,,,
y1_d111_XGM_PHD,155.0,Safe,1.85,0.65,1.2,79.58532326270127,78.74590884983068,71.9693154481631,True,7.179482137769703,4941938.0,4942388.0,4943038.0,4944238.0,25
y1_d111_XGM_PHD,166.0,,,,,,,,False,,5320888.0,5321388.0,,,
y1_d111_XGM_PHD,167.0,,,,,,,,False,,5346788.0,5347238.0,,,
y1_d111_XGM_PHD,176.0,,,,,,,,False,,5688088.0,5688588.0,,,
y1_d111_XGM_PHD,177.0,,,,,,,,False,,5705238.0,5705738.0,,,
y1_d111_XGM_PHD,178.0,,,,,,,,False,,5732888.0,5733338.0,,,
y1_d111_XGM_PHD,179.0,,,,,,,,False,,5748988.0,5749488.0,,,
y1_d111_XGM_PHD,180.0,,,,,,,,False,,5766588.0,5767138.0,,,
y1_d111_XGM_PHD,181.0,,,,,,,,False,,5784338.0,5784888.0,,,
y1_d111_XGM_PHD,182.0,,,,,,,,False,,5808738.0,5809188.0,,,
y1_d111_XGM_PHD,183.0,,,,,,,,False,,5828138.0,5828588.0,,,
y1_d111_XGM_PHD,215.0,,,,,,,,False,,6896638.0,6897088.0,,,
y1_d111_XGM_PHD,224.0,,,,,,,,False,,7168088.0,7168638.0,,,
y1_d111_XGM_PHD,225.0,,,,,,,,False,,7185388.0,7185888.0,,,
y1_d111_XGM_PHD,227.0,,,,,,,,False,,7279238.0,7279688.0,,,
y1_d111_XGM_PHD,230.0,,,,,,,,False,,7361938.0,7362388.0,,,
y1_d111_XGM_PHD,231.0,,,,,,,,False,,7379638.0,7380138.0,,,
y1_d111_XGM_PHD,232.0,,,,,,,,False,,7397488.0,7397988.0,,,
y1_d111_XGM_PHD,233.0,,,,,,,,False,,7419088.0,7419588.0,,,
y1_d111_XGM_PHD,234.0,,,,,,,,False,,7443188.0,7443688.0,,,
y1_d112_JPB_ANI,5.0,,,,,,,,False,,169647.0,170097.0,,,
y1_d112_JPB_ANI,7.0,,,,,,,,False,,223497.0,223997.0,,,
y1_d112_JPB_ANI,8.0,,,,,,,,False,,242097.0,242597.0,,,
y1_d112_JPB_ANI,11.0,,,,,,,,False,,301597.0,302097.0,,,
y1_d112_JPB_ANI,37.0,,,,,,,,False,,1106147.0,1106647.0,,,
y1_d112_JPB_ANI,45.0,,,,,,,,False,,1421047.0,1421497.0,,,
y1_d112_JPB_ANI,46.0,,,,,,,,False,,1440897.0,1441347.0,,,
y1_d112_JPB_ANI,47.0,,,,,,,,False,,1462097.0,1462597.0,,,
y1_d112_JPB_ANI,49.0,,,,,,,,False,,1521397.0,1521847.0,,,
y1_d112_JPB_ANI,72.0,,,,,,,,False,,2322297.0,2322797.0,,,
y1_d112_JPB_ANI,114.0,,,,,,,,False,,3690997.0,3691497.0,,,
y1_d112_JPB_ANI,115.0,,,,,,,,False,,3706747.0,3707247.0,,,
y1_d112_JPB_ANI,117.0,,,,,,,,False,,3760897.0,3761397.0,,,
y1_d112_JPB_ANI,122.0,,,,,,,,False,,3878147.0,3878847.0,,,
y1_d112_JPB_ANI,124.0,,,,,,,,False,,3939647.0,3940297.0,,,
y1_d112_JPB_ANI,135.0,,,,,,,,False,,4383447.0,4383897.0,,,
y1_d112_JPB_ANI,136.0,,,,,,,,False,,4404397.0,4404947.0,,,
y1_d112_JPB_ANI,162.0,,,,,,,,False,,5395197.0,5395647.0,,,
y1_d112_JPB_ANI,163.0,,,,,,,,False,,5416147.0,5416597.0,,,
y1_d112_JPB_ANI,165.0,,,,,,,,False,,5463397.0,5463847.0,,,
y1_d112_JPB_ANI,166.0,,,,,,,,False,,5489747.0,5490197.0,,,
y1_d112_JPB_ANI,181.0,,,,,,,,False,,6088547.0,6089097.0,,,
y1_d112_JPB_ANI,189.0,,,,,,,,False,,7138047.0,7138497.0,,,
y1_d112_JPB_ANI,191.0,,,,,,,,False,,7196297.0,7196747.0,,,
y1_d112_JPB_ANI,214.0,,,,,,,,False,,7970497.0,7970947.0,,,
y1_d112_JPB_ANI,215.0,,,,,,,,False,,7993997.0,7994497.0,,,
y1_d112_JPB_ANI,222.0,,,,,,,,False,,8244597.0,8245047.0,,,
y1_d112_JPB_ANI,223.0,Safe,1.95,0.65,1.3,75.69498677269283,75.01199709495938,69.70850313266433,True,0.4737454692400191,8265597.0,8266047.0,8266697.0,8267997.0,27
y1_d112_JPB_ANI,227.0,,,,,,,,False,,8453297.0,8453797.0,,,
y1_d112_JPB_ANI,230.0,,,,,,,,False,,8521297.0,8521797.0,,,
y1_d112_JPB_ANI,233.0,,,,,,,,False,,8613447.0,8613897.0,,,
y1_d112_JPB_ANI,234.0,,,,,,,,False,,8631497.0,8631947.0,,,
y1_d112_JPB_ANI,235.0,,,,,,,,False,,8653247.0,8653697.0,,,
y1_d112_JPB_ANI,236.0,,,,,,,,False,,8673347.0,8673797.0,,,
y1_d112_JPB_ANI,238.0,,,,,,,,False,,8724747.0,8725247.0,,,
y1_d112_JPB_ANI,247.0,,,,,,,,False,,9129247.0,9129797.0,,,
y1_d112_JPB_ANI,249.0,,,,,,,,False,,9176047.0,9176547.0,,,
y1_d112_JPB_ANI,250.0,,,,,,,,False,,9196997.0,9197497.0,,,
y1_d112_JPB_ANI,251.0,Safe,,,,,,,False,,9229147.0,9229647.0,,,
y1_d112_XGM_PHD,5.0,,,,,,,,False,,155426.0,155876.0,,,
y1_d112_XGM_PHD,21.0,,,,,,,,False,,565976.0,566476.0,,,
y1_d112_XGM_PHD,22.0,,,,,,,,False,,581576.0,582026.0,,,
y1_d112_XGM_PHD,69.0,,,,,,,,False,,1991276.0,1991776.0,,,
y1_d112_XGM_PHD,71.0,,,,,,,,False,,2037876.0,2038376.0,,,
y1_d112_XGM_PHD,80.0,,,,,,,,False,,2279426.0,2279876.0,,,
y1_d112_XGM_PHD,95.0,,,,,,,,False,,2775426.0,2775876.0,,,
y1_d112_XGM_PHD,96.0,,,,,,,,False,,2792426.0,2792976.0,,,
y1_d112_XGM_PHD,101.0,,,,,,,,False,,2883476.0,2883976.0,,,
y1_d112_XGM_PHD,103.0,,,,,,,,False,,2909726.0,2910276.0,,,
y1_d112_XGM_PHD,110.0,,,,,,,,False,,3201126.0,3201576.0,,,
y1_d112_XGM_PHD,128.0,,,,,,,,False,,3684026.0,3684576.0,,,
y1_d112_XGM_PHD,132.0,,,,,,,,False,,3821926.0,3822426.0,,,
y1_d112_XGM_PHD,133.0,,,,,,,,False,,3849626.0,3850126.0,,,
y1_d112_XGM_PHD,162.0,,,,,,,,False,,4732626.0,4733226.0,,,
y1_d112_XGM_PHD,163.0,,,,,,,,False,,4748626.0,4749126.0,,,
y1_d112_XGM_PHD,164.0,,,,,,,,False,,4766176.0,4766626.0,,,
y1_d112_XGM_PHD,165.0,,,,,,,,False,,4789726.0,4790226.0,,,
y1_d112_XGM_PHD,211.0,,,,,,,,False,,6456176.0,6456626.0,,,
y1_d112_XGM_PHD,229.0,,,,,,,,False,,6956326.0,6956776.0,,,
y1_d112_XGM_PHD,231.0,,,,,,,,False,,7003476.0,7003976.0,,,
y1_d112_XGM_PHD,256.0,,,,,,,,False,,7817076.0,7817576.0,,,
y1_d112_XGM_PHD,257.0,,,,,,,,False,,7833326.0,7833776.0,,,
y1_d112_XGM_PHD,260.0,,,,,,,,False,,8017876.0,8018326.0,,,
y1_d112_XGM_PHD,261.0,,,,,,,,False,,8035026.0,8035626.0,,,
y1_d112_XGM_PHD,262.0,,,,,,,,False,,8052376.0,8052826.0,,,
y1_d112_XGM_PHD,282.0,,,,,,,,False,,8965676.0,8966176.0,,,
y1_d112_XGM_PHD,284.0,,,,,,,,False,,9020676.0,9021176.0,,,
y1_d112_XGM_PHD,286.0,,,,,,,,False,,9056226.0,9056676.0,,,
y1_d112_XGM_PHD,290.0,,,,,,,,False,,9163726.0,9164176.0,,,
y1_d112_XGM_PHD,316.0,,,,,,,,False,,9939476.0,9939976.0,,,
y1_d112_XGM_PHD,321.0,,,,,,,,False,,10135876.0,10136376.0,,,
y1_d112_XGM_PHD,323.0,,,,,,,,False,,10191826.0,10192326.0,,,
y1_d112_XGM_PHD,353.0,Safe,,,,,,,False,,11430576.0,11431126.0,,,
y1_d112_XGM_PHD,405.0,,,,,,,,False,,13507726.0,13508226.0,,,
y1_d112_XGM_PHD,415.0,,,,,,,,False,,13978876.0,13979376.0,,,
y1_d112_XGM_PHD,416.0,,,,,,,,False,,13998126.0,13998576.0,,,
y1_d113_JPB_ANI,7.0,,,,,,,,False,,172333.0,172828.0,,,
y1_d113_JPB_ANI,8.0,,,,,,,,False,,190219.0,190747.0,,,
y1_d113_JPB_ANI,9.0,,,,,,,,False,,207973.0,208435.0,,,
y1_d113_JPB_ANI,11.0,,,,,,,,False,,266185.0,266680.0,,,
y1_d113_JPB_ANI,29.0,,,,,,,,False,,770360.0,770822.0,,,
y1_d113_JPB_ANI,37.0,,,,,,,,False,,1030202.0,1030763.0,,,
y1_d113_JPB_ANI,38.0,,,,,,,,False,,1046570.0,1047098.0,,,
y1_d113_JPB_ANI,41.0,,,,,,,,False,,1103825.0,1104386.0,,,
y1_d113_JPB_ANI,42.0,,,,,,,,False,,1123955.0,1124450.0,,,
y1_d113_JPB_ANI,43.0,,,,,,,,False,,1145801.0,1146296.0,,,
y1_d113_JPB_ANI,69.0,,,,,,,,False,,1924140.0,1924602.0,,,
y1_d113_JPB_ANI,71.0,,,,,,,,False,,1961892.0,1962387.0,,,
y1_d113_JPB_ANI,72.0,,,,,,,,False,,1984002.0,1984464.0,,,
y1_d113_JPB_ANI,108.0,,,,,,,,False,,3177514.0,3177976.0,,,
y1_d113_JPB_ANI,126.0,,,,,,,,False,,3868172.0,3868634.0,,,
y1_d113_JPB_ANI,127.0,,,,,,,,False,,3887675.0,3888137.0,,,
y1_d113_JPB_ANI,128.0,,,,,,,,False,,3910478.0,3910940.0,,,
y1_d113_JPB_ANI,129.0,,,,,,,,False,,3938066.0,3938528.0,,,
y1_d113_JPB_ANI,131.0,,,,,,,,False,,4000601.0,4001063.0,,,
y1_d113_JPB_ANI,132.0,,,,,,,,False,,4021061.0,4021523.0,,,
y1_d113_JPB_ANI,140.0,,,,,,,,False,,4335353.0,4335848.0,,,
y1_d113_JPB_ANI,141.0,,,,,,,,False,,4352777.0,4353272.0,,,
y1_d113_JPB_ANI,144.0,,,,,,,,False,,4408283.0,4408778.0,,,
y1_d113_JPB_ANI,145.0,,,,,,,,False,,4429832.0,4430393.0,,,
y1_d113_JPB_ANI,147.0,,,,,,,,False,,4497614.0,4498076.0,,,
y1_d113_JPB_ANI,149.0,,,,,,,,False,,4537742.0,4538270.0,,,
y1_d113_JPB_ANI,152.0,,,,,,,,False,,4611695.0,4612157.0,,,
y1_d113_JPB_ANI,153.0,,,,,,,,False,,4631693.0,4632155.0,,,
y1_d113_JPB_ANI,154.0,,,,,,,,False,,4656939.0,4657467.0,,,
y1_d113_JPB_ANI,169.0,,,,,,,,False,,5274996.0,5275458.0,,,
y1_d113_JPB_ANI,208.0,Safe,,,,,,,False,,6783428.0,6783923.0,,,
y1_d113_JPB_ANI,210.0,,,,,,,,False,,6869327.0,6869822.0,,,
y1_d113_JPB_ANI,225.0,,,,,,,,False,,7355978.0,7356473.0,,,
y1_d113_JPB_ANI,226.0,,,,,,,,False,,7378913.0,7379474.0,,,
y1_d113_JPB_ANI,227.0,,,,,,,,False,,7402079.0,7402541.0,,,
y1_d113_JPB_ANI,228.0,,,,,,,,False,,7422143.0,7422638.0,,,
y1_d113_JPB_ANI,241.0,,,,,,,,False,,7937340.0,7937802.0,,,
y1_d113_JPB_ANI,269.0,,,,,,,,False,,8916748.0,8917177.0,,,
y1_d113_JPB_ANI,270.0,,,,,,,,False,,8936779.0,8937208.0,,,
y1_d113_JPB_ANI,271.0,,,,,,,,False,,8962816.0,8963311.0,,,
y1_d113_JPB_ANI,272.0,,,,,,,,False,,8987005.0,8987467.0,,,
y1_d113_JPB_ANI,273.0,,,,,,,,False,,9026077.0,9026473.0,,,
y1_d113_JPB_ANI,274.0,,,,,,,,False,,9050068.0,9050497.0,,,
y1_d113_JPB_ANI,275.0,,,,,,,,False,,9069043.0,9069538.0,,,
y1_d113_JPB_ANI,278.0,,,,,,,,False,,9144547.0,9144976.0,,,
y1_d113_JPB_ANI,279.0,,,,,,,,False,,9178867.0,9179395.0,,,
y1_d113_JPB_ANI,280.0,,,,,,,,False,,9201142.0,9201637.0,,,
y1_d113_JPB_ANI,281.0,,,,,,,,False,,9220546.0,9220975.0,,,
y1_d113_JPB_ANI,290.0,Safe,,,,,,,False,,9563020.0,9563482.0,,,
y1_d113_JPB_ANI,304.0,,,,,,,,False,,10000898.0,10001327.0,,,
y1_d113_JPB_ANI,305.0,,,,,,,,False,,10021523.0,10021952.0,,,
y1_d113_JPB_ANI,306.0,,,,,,,,False,,10044689.0,10045184.0,,,
y1_d113_JPB_ANI,307.0,,,,,,,,False,,10068977.0,10069439.0,,,
y1_d113_JPB_ANI,309.0,,,,,,,,False,,10124219.0,10124648.0,,,
y1_d113_JPB_ANI,310.0,,,,,,,,False,,10208765.0,10209194.0,,,
y1_d113_JPB_ANI,312.0,,,,,,,,False,,10248629.0,10249157.0,,,
y1_d113_JPB_ANI,313.0,,,,,,,,False,,10270244.0,10270739.0,,,
y1_d113_XGM_PHD,9.0,,,,,,,,False,,220858.0,221320.0,,,
y1_d113_XGM_PHD,10.0,,,,,,,,False,,238084.0,238645.0,,,
y1_d113_XGM_PHD,17.0,,,,,,,,False,,526042.0,526504.0,,,
y1_d113_XGM_PHD,20.0,,,,,,,,False,,592900.0,593395.0,,,
y1_d113_XGM_PHD,21.0,,,,,,,,False,,614020.0,614548.0,,,
y1_d113_XGM_PHD,22.0,,,,,,,,False,,643490.0,643952.0,,,
y1_d113_XGM_PHD,23.0,,,,,,,,False,,682595.0,683123.0,,,
y1_d113_XGM_PHD,24.0,,,,,,,,False,,706817.0,707345.0,,,
y1_d113_XGM_PHD,25.0,,,,,,,,False,,734768.0,735263.0,,,
y1_d113_XGM_PHD,26.0,,,,,,,,False,,759947.0,760475.0,,,
y1_d113_XGM_PHD,27.0,,,,,,,,False,,786380.0,786875.0,,,
y1_d113_XGM_PHD,46.0,,,,,,,,False,,1402754.0,1403282.0,,,
y1_d113_XGM_PHD,54.0,,,,,,,,False,,1560989.0,1561451.0,,,
y1_d113_XGM_PHD,55.0,,,,,,,,False,,1577852.0,1578380.0,,,
y1_d113_XGM_PHD,56.0,,,,,,,,False,,1594847.0,1595408.0,,,
y1_d113_XGM_PHD,58.0,,,,,,,,False,,1635372.0,1635834.0,,,
y1_d113_XGM_PHD,87.0,,,,,,,,False,,2660221.0,2660683.0,,,
y1_d113_XGM_PHD,93.0,,,,,,,,False,,2880001.0,2880496.0,,,
y1_d113_XGM_PHD,94.0,,,,,,,,False,,2897557.0,2898052.0,,,
y1_d113_XGM_PHD,95.0,,,,,,,,False,,2916697.0,2917192.0,,,
y1_d113_XGM_PHD,97.0,,,,,,,,False,,2961511.0,2962072.0,,,
y1_d113_XGM_PHD,128.0,,,,,,,,False,,3933593.0,3934088.0,,,
y1_d113_XGM_PHD,130.0,,,,,,,,False,,3998306.0,3998801.0,,,
y1_d113_XGM_PHD,133.0,,,,,,,,False,,4103609.0,4104104.0,,,
y1_d113_XGM_PHD,139.0,,,,,,,,False,,4361900.0,4362395.0,,,
y1_d113_XGM_PHD,140.0,,,,,,,,False,,4381667.0,4382129.0,,,
y1_d113_XGM_PHD,141.0,,,,,,,,False,,4400609.0,4401104.0,,,
y1_d113_XGM_PHD,146.0,,,,,,,,False,,4484297.0,4484858.0,,,
y1_d113_XGM_PHD,147.0,,,,,,,,False,,4514492.0,4514987.0,,,
y1_d113_XGM_PHD,148.0,,,,,,,,False,,4531652.0,4532147.0,,,
y1_d113_XGM_PHD,149.0,,,,,,,,False,,4551320.0,4551782.0,,,
y1_d113_XGM_PHD,150.0,,,,,,,,False,,4571120.0,4571582.0,,,
y1_d113_XGM_PHD,151.0,,,,,,,,False,,4593857.0,4594319.0,,,
y1_d113_XGM_PHD,164.0,,,,,,,,False,,5068761.0,5069223.0,,,
y1_d113_XGM_PHD,165.0,,,,,,,,False,,5088429.0,5093643.0,,,
y1_d113_XGM_PHD,167.0,,,,,,,,False,,5160072.0,5160567.0,,,
y1_d113_XGM_PHD,168.0,,,,,,,,False,,5185878.0,5186340.0,,,
y1_d113_XGM_PHD,169.0,,,,,,,,False,,5234454.0,5234982.0,,,
y1_d113_XGM_PHD,189.0,,,,,,,,False,,5894389.0,5894851.0,,,
y1_d113_XGM_PHD,191.0,,,,,,,,False,,5937355.0,5937817.0,,,
y1_d113_XGM_PHD,193.0,,,,,,,,False,,5979100.0,5979661.0,,,
y1_d113_XGM_PHD,197.0,,,,,,,,False,,6230362.0,6230824.0,,,
y1_d113_XGM_PHD,209.0,,,,,,,,False,,6650783.0,6651278.0,,,
y1_d113_XGM_PHD,211.0,,1.881,0.693,1.188,80.84959134456398,79.90587226620683,72.16086198754108,True,7.452515602941429,6698996.0,6699458.0,6700151.0,6701339.0,37
y1_d113_XGM_PHD,212.0,,,,,,,,False,,6742721.0,6743249.0,,,
y1_d113_XGM_PHD,233.0,,,,,,,,False,,7620588.0,7621050.0,,,
y1_d113_XGM_PHD,234.0,,,,,,,,False,,7639695.0,7640157.0,,,
y1_d113_XGM_PHD,245.0,,,,,,,,False,,8012331.0,8012859.0,,,
y1_d113_XGM_PHD,246.0,,,,,,,,False,,8030184.0,8030712.0,,,
y1_d114_JPB_ANI,99.0,,,,,,,,False,,3086681.0,3087181.0,,,
y1_d114_JPB_ANI,100.0,,,,,,,,False,,3107231.0,3107681.0,,,
y1_d114_JPB_ANI,173.0,,,,,,,,False,,5636831.0,5637331.0,,,
y1_d114_JPB_ANI,177.0,,,,,,,,False,,5787131.0,5787631.0,,,
y1_d114_JPB_ANI,178.0,,,,,,,,False,,5810781.0,5811331.0,,,
y1_d114_JPB_ANI,179.0,,,,,,,,False,,5849381.0,5849881.0,,,
y1_d114_JPB_ANI,182.0,,,,,,,,False,,5925231.0,5925731.0,,,
y1_d114_JPB_ANI,183.0,,,,,,,,False,,5963931.0,5964481.0,,,
y1_d114_JPB_ANI,184.0,,,,,,,,False,,5986881.0,5987331.0,,,
y1_d114_JPB_ANI,185.0,,,,,,,,False,,6015631.0,6016131.0,,,
y1_d114_JPB_ANI,202.0,,,,,,,,False,,6646731.0,6647231.0,,,
y1_d114_JPB_ANI,204.0,,,,,,,,False,,6690281.0,6690831.0,,,
y1_d114_JPB_ANI,206.0,,,,,,,,False,,6742481.0,6742981.0,,,
y1_d114_JPB_ANI,207.0,,,,,,,,False,,6776781.0,6777281.0,,,
y1_d114_JPB_ANI,210.0,,,,,,,,False,,6977581.0,6978081.0,,,
y1_d114_JPB_ANI,211.0,,,,,,,,False,,7002281.0,7002831.0,,,
y1_d114_JPB_ANI,214.0,,,,,,,,False,,7070081.0,7070531.0,,,
y1_d114_JPB_ANI,215.0,,,,,,,,False,,7092181.0,7092631.0,,,
y1_d114_JPB_ANI,240.0,,,,,,,,False,,7901831.0,7902331.0,,,
y1_d114_JPB_ANI,241.0,,,,,,,,False,,7927181.0,7927731.0,,,
y1_d114_JPB_ANI,242.0,,,,,,,,False,,7968631.0,7969081.0,,,
y1_d114_JPB_ANI,243.0,,,,,,,,False,,7989431.0,7989931.0,,,
y1_d114_JPB_ANI,244.0,,,,,,,,False,,8010681.0,8011181.0,,,
y1_d114_JPB_ANI,246.0,,,,,,,,False,,8060531.0,8061031.0,,,
y1_d114_XGM_PHD,3.0,,,,,,,,False,,73423.0,73873.0,,,
y1_d114_XGM_PHD,11.0,,,,,,,,False,,225823.0,226323.0,,,
y1_d114_XGM_PHD,18.0,,,,,,,,False,,485223.0,485673.0,,,
y1_d114_XGM_PHD,20.0,,,,,,,,False,,538923.0,539373.0,,,
y1_d114_XGM_PHD,22.0,,,,,,,,False,,602723.0,603223.0,,,
y1_d114_XGM_PHD,23.0,,,,,,,,False,,620923.0,621373.0,,,
y1_d114_XGM_PHD,24.0,,,,,,,,False,,639723.0,640273.0,,,
y1_d114_XGM_PHD,27.0,,,,,,,,False,,727673.0,728123.0,,,
y1_d114_XGM_PHD,28.0,,,,,,,,False,,747273.0,747723.0,,,
y1_d114_XGM_PHD,52.0,,,,,,,,False,,1461923.0,1462373.0,,,
y1_d114_XGM_PHD,55.0,,,,,,,,False,,1520073.0,1520573.0,,,
y1_d114_XGM_PHD,56.0,,,,,,,,False,,1538923.0,,,,
y1_d114_XGM_PHD,62.0,,,,,,,,False,,1684623.0,1685073.0,,,
y1_d114_XGM_PHD,63.0,,,,,,,,False,,1717423.0,1717873.0,,,
y1_d114_XGM_PHD,65.0,,,,,,,,False,,1757673.0,1758173.0,,,
y1_d114_XGM_PHD,146.0,,,,,,,,False,,4288023.0,4288523.0,,,
y1_d114_XGM_PHD,148.0,Safe,5.1,0.6,4.5,78.42353350851165,75.20857128356032,22.668573353769638,False,22.344467354432467,4324673.0,4325123.0,4325723.0,4330223.0,91
y1_d114_XGM_PHD,167.0,,,,,,,,False,,4886323.0,4886823.0,,,
y1_d114_XGM_PHD,190.0,,,,,,,,False,,5710923.0,5711423.0,,,
y1_d114_XGM_PHD,191.0,,,,,,,,False,,5727273.0,5727773.0,,,
y1_d114_XGM_PHD,192.0,,,,,,,,False,,5744273.0,5744773.0,,,
y1_d114_XGM_PHD,195.0,,,,,,,,False,,5810123.0,5810673.0,,,
y1_d114_XGM_PHD,196.0,,,,,,,,False,,5840073.0,5840523.0,,,
y1_d114_XGM_PHD,197.0,,,,,,,,False,,5854173.0,5854723.0,,,
y1_d114_XGM_PHD,198.0,,,,,,,,False,,5870073.0,5870623.0,,,
y1_d114_XGM_PHD,199.0,,,,,,,,False,,5892223.0,5892673.0,,,
y1_d114_XGM_PHD,200.0,,,,,,,,False,,5911773.0,5912273.0,,,
y1_d114_XGM_PHD,201.0,,,,,,,,False,,5929023.0,5929573.0,,,
y1_d114_XGM_PHD,202.0,,,,,,,,False,,5954273.0,5954723.0,,,
y1_d114_XGM_PHD,203.0,,,,,,,,False,,5975773.0,5976323.0,,,
y1_d114_XGM_PHD,233.0,,,,,,,,False,,7021473.0,7022023.0,,,
y1_d114_XGM_PHD,249.0,,,,,,,,False,,7621173.0,7621623.0,,,
y1_d114_XGM_PHD,251.0,,,,,,,,False,,7673623.0,7674123.0,,,
y1_d114_XGM_PHD,252.0,,,,,,,,False,,7702423.0,7702923.0,,,
y1_d114_XGM_PHD,258.0,,,,,,,,False,,7947073.0,7947573.0,,,
y1_d114_XGM_PHD,259.0,,,,,,,,False,,7963723.0,7964223.0,,,
y1_d114_XGM_PHD,262.0,,,,,,,,False,,8037823.0,8038273.0,,,
y1_d114_XGM_PHD,263.0,,,,,,,,False,,8058323.0,8058823.0,,,
y1_d114_XGM_PHD,264.0,,,,,,,,False,,8090923.0,8091423.0,,,
y1_d114_XGM_PHD,265.0,,,,,,,,False,,8129773.0,8130273.0,,,
y1_d114_XGM_PHD,266.0,,,,,,,,False,,8153923.0,8154423.0,,,
y1_d114_XGM_PHD,267.0,,,,,,,,False,,8191423.0,8191923.0,,,
y1_d114_XGM_PHD,270.0,,,,,,,,False,,8276123.0,8276623.0,,,
y1_d114_XGM_PHD,271.0,,,,,,,,False,,8300673.0,8301223.0,,,
y1_d114_XGM_PHD,295.0,,,,,,,,False,,9201923.0,9202373.0,,,
y1_d114_XGM_PHD,297.0,,,,,,,,False,,9245173.0,9245623.0,,,
y1_d114_XGM_PHD,298.0,,,,,,,,False,,9274223.0,9274673.0,,,
y1_d114_XGM_PHD,300.0,,,,,,,,False,,9314423.0,9322573.0,,,
y1_d114_XGM_PHD,305.0,,,,,,,,False,,9458323.0,9458873.0,,,
y1_d114_XGM_PHD,309.0,,,,,,,,False,,9661973.0,9662423.0,,,
y1_d114_XGM_PHD,310.0,,,,,,,,False,,9678273.0,9678773.0,,,
y1_d114_XGM_PHD,315.0,,,,,,,,False,,9843273.0,9843773.0,,,
y1_d114_XGM_PHD,316.0,,,,,,,,False,,9872823.0,9873323.0,,,
y1_d114_XGM_PHD,317.0,,,,,,,,False,,9906373.0,9906923.0,,,
y1_d114_XGM_PHD,318.0,,,,,,,,False,,9934273.0,9934773.0,,,
y1_d114_XGM_PHD,320.0,,,,,,,,False,,9995973.0,9996523.0,,,
y1_d114_XGM_PHD,322.0,,,,,,,,False,,10063673.0,10064173.0,,,
y1_d114_XGM_PHD,323.0,,,,,,,,False,,10133573.0,10134073.0,,,
y1_d114_XGM_PHD,325.0,,,,,,,,False,,10185123.0,,,,
y1_d114_XGM_PHD,342.0,,,,,,,,False,,11020623.0,11021073.0,,,
y1_d114_XGM_PHD,348.0,,,,,,,,False,,11328173.0,11328623.0,,,
y1_d114_XGM_PHD,352.0,,2.0,0.65,1.35,75.40643426092939,74.60232661816994,65.12524811033309,True,1.3381492982472636,11412773.0,11413273.0,11413923.0,11415273.0,28
y1_d114_XGM_PHD,353.0,,,,,,,,False,,11449323.0,11449773.0,,,
y1_d114_XGM_PHD,354.0,,,,,,,,False,,11468873.0,11469323.0,,,
y1_d114_XGM_PHD,355.0,,,,,,,,False,,11502073.0,11502573.0,,,
y1_d114_XGM_PHD,358.0,,,,,,,,False,,11578623.0,11579123.0,,,
y1_d114_XGM_PHD,359.0,Safe,7.2,0.65,6.55,129.46829066687513,72.48803948575656,20.69532321025492,False,40.25050770221357,11600123.0,11600673.0,11601323.0,11607873.0,132
y1_d114_XGM_PHD,362.0,,,,,,,,False,,11723923.0,11724423.0,,,
y1_d114_XGM_PHD,367.0,,,,,,,,False,,11942123.0,11942573.0,,,
y1_d115_BXH_VAS,32.0,,,,,,,,False,,864272.0,864722.0,,,
y1_d115_BXH_VAS,34.0,,,,,,,,False,,904072.0,904572.0,,,
y1_d115_BXH_VAS,35.0,,,,,,,,False,,930572.0,931072.0,,,
y1_d115_BXH_VAS,36.0,,,,,,,,False,,950972.0,951472.0,,,
y1_d115_BXH_VAS,41.0,,,,,,,,False,,1171622.0,1172072.0,,,
y1_d115_BXH_VAS,42.0,,,,,,,,False,,1190572.0,1191022.0,,,
y1_d115_BXH_VAS,73.0,,,,,,,,False,,2207422.0,2207872.0,,,
y1_d115_BXH_VAS,74.0,,,,,,,,False,,2225172.0,2225672.0,,,
y1_d115_BXH_VAS,85.0,,,,,,,,False,,2597222.0,2597722.0,,,
y1_d115_BXH_VAS,86.0,,,,,,,,False,,2619922.0,2620372.0,,,
y1_d115_BXH_VAS,87.0,,,,,,,,False,,2643522.0,2644022.0,,,
y1_d115_BXH_VAS,107.0,,,,,,,,False,,3318572.0,3319122.0,,,
y1_d115_BXH_VAS,109.0,,,,,,,,False,,3367222.0,3367772.0,,,
y1_d115_BXH_VAS,110.0,,,,,,,,False,,3393072.0,3393572.0,,,
y1_d115_BXH_VAS,130.0,,,,,,,,False,,4025622.0,4026122.0,,,
y1_d115_BXH_VAS,131.0,,,,,,,,False,,4046022.0,4046522.0,,,
y1_d115_BXH_VAS,133.0,,,,,,,,False,,4119472.0,4119922.0,,,
y1_d115_BXH_VAS,134.0,,,,,,,,False,,4140622.0,4141122.0,,,
y1_d115_BXH_VAS,135.0,,,,,,,,False,,4167722.0,4168222.0,,,
y1_d115_BXH_VAS,136.0,,,,,,,,False,,4199772.0,4200222.0,,,
y1_d115_BXH_VAS,138.0,,,,,,,,False,,4254272.0,4254722.0,,,
y1_d115_BXH_VAS,139.0,,,,,,,,False,,4275622.0,4276022.0,,,
y1_d115_BXH_VAS,145.0,,,,,,,,False,,4531722.0,4532222.0,,,
y1_d115_BXH_VAS,146.0,,,,,,,,False,,4549722.0,4550222.0,,,
y1_d115_BXH_VAS,147.0,,,,,,,,False,,4568222.0,4568772.0,,,
y1_d115_BXH_VAS,148.0,,,,,,,,False,,4585922.0,4586422.0,,,
y1_d115_BXH_VAS,168.0,,,,,,,,False,,5230022.0,5230572.0,,,
y1_d115_BXH_VAS,169.0,,,,,,,,False,,5254822.0,5255322.0,,,
y1_d115_BXH_VAS,171.0,,,,,,,,False,,5311972.0,5315422.0,,,
y1_d115_BXH_VAS,183.0,,,,,,,,False,,5829372.0,,,,
y1_d115_BXH_VAS,218.0,,,,,,,,False,,7005472.0,7005972.0,,,
y1_d115_BXH_VAS,219.0,,,,,,,,False,,7020672.0,7021122.0,,,
y1_d115_BXH_VAS,220.0,,,,,,,,False,,7038472.0,7038972.0,,,
y1_d115_BXH_VAS,237.0,,,,,,,,False,,7575522.0,7576022.0,,,
y1_d115_BXH_VAS,238.0,,,,,,,,False,,7594972.0,7595472.0,,,
y1_d115_BXH_VAS,239.0,,,,,,,,False,,7617022.0,7617472.0,,,
y1_d115_BXH_VAS,248.0,,,,,,,,False,,7928272.0,7929172.0,,,
y1_d115_BXH_VAS,249.0,,,,,,,,False,,7947472.0,7948272.0,,,
y1_d115_BXH_VAS,250.0,,,,,,,,False,,7961922.0,7962722.0,,,
y1_d115_BXH_VAS,251.0,,,,,,,,False,,7976122.0,7976972.0,,,
y1_d115_BXH_VAS,267.0,,,,,,,,False,,8426372.0,8426922.0,,,
y1_d115_BXH_VAS,280.0,,,,,,,,False,,8824022.0,8824522.0,,,
y1_d115_BXH_VAS,282.0,,,,,,,,False,,8882072.0,8882572.0,,,
y1_d115_BXH_VAS,292.0,,,,,,,,False,,9234922.0,9235722.0,,,
y1_d115_BXH_VAS,293.0,,,,,,,,False,,9246122.0,9246822.0,,,
y1_d115_BXH_VAS,294.0,,,,,,,,False,,9256822.0,9257472.0,,,
y1_d115_BXH_VAS,295.0,,,,,,,,False,,9268372.0,9269072.0,,,
y1_d115_BXH_VAS,296.0,,,,,,,,False,,9279872.0,9280572.0,,,
y1_d115_JPB_ANI,3.0,,,,,,,,False,,123077.0,123539.0,,,
y1_d115_JPB_ANI,6.0,Safe,1.848,0.627,1.221,75.54763458581826,74.78883445611167,68.9222982913615,True,8.396797256395493,184886.0,185381.0,186008.0,187229.0,38
y1_d115_JPB_ANI,14.0,,,,,,,,False,,473934.0,474429.0,,,
y1_d115_JPB_ANI,19.0,,1.947,0.726,1.221,77.89869129010675,77.10801021128069,70.57446717653984,True,2.4628056951037616,677247.0,677709.0,678435.0,679656.0,38
y1_d115_JPB_ANI,23.0,,,,,,,,False,,784530.0,785025.0,,,
y1_d115_JPB_ANI,39.0,,,,,,,,False,,1378959.0,1379421.0,,,
y1_d115_JPB_ANI,57.0,,,,,,,,False,,1971607.0,1972168.0,,,
y1_d115_JPB_ANI,77.0,,,,,,,,False,,2800040.0,2800535.0,,,
y1_d115_JPB_ANI,78.0,,,,,,,,False,,2816969.0,2817464.0,,,
y1_d115_JPB_ANI,79.0,,,,,,,,False,,2837099.0,2837561.0,,,
y1_d115_JPB_ANI,80.0,,,,,,,,False,,2856503.0,2856965.0,,,
y1_d115_JPB_ANI,82.0,,,,,,,,False,,2902835.0,2903330.0,,,
y1_d115_JPB_ANI,84.0,,,,,,,,False,,2964083.0,2964545.0,,,
y1_d115_JPB_ANI,85.0,,,,,,,,False,,2982629.0,2983190.0,,,
y1_d115_JPB_ANI,87.0,,,,,,,,False,,3052424.0,3052886.0,,,
y1_d115_JPB_ANI,88.0,,,,,,,,False,,3071696.0,3072191.0,,,
y1_d115_JPB_ANI,89.0,,,,,,,,False,,3092255.0,3092717.0,,,
y1_d115_JPB_ANI,131.0,,,,,,,,False,,4394469.0,4394964.0,,,
y1_d115_JPB_ANI,133.0,,,,,,,,False,,4441033.0,4441495.0,,,
y1_d115_JPB_ANI,149.0,,,,,,,,False,,5025562.0,5026090.0,,,
y1_d115_JPB_ANI,188.0,,,,,,,,False,,6312563.0,6313124.0,,,
y1_d115_JPB_ANI,192.0,,,,,,,,False,,6394997.0,6395558.0,,,
y1_d115_JPB_ANI,216.0,,,,,,,,False,,7254681.0,7255143.0,,,
y1_d115_JPB_ANI,218.0,,,,,,,,False,,7291443.0,7291938.0,,,
y1_d115_JPB_ANI,225.0,,,,,,,,False,,7607584.0,7608046.0,,,
y1_d115_JPB_ANI,226.0,,,,,,,,False,,7627153.0,7627615.0,,,
y1_d115_JPB_ANI,227.0,,,,,,,,False,,7649593.0,7650088.0,,,
y1_d115_JPB_ANI,228.0,,,,,,,,False,,7673881.0,7674343.0,,,
y1_d115_JPB_ANI,265.0,,,,,,,,False,,8795486.0,8795948.0,,,
y1_d115_JPB_ANI,266.0,,,,,,,,False,,8816870.0,8817299.0,,,
y1_d115_JPB_ANI,267.0,,,,,,,,False,,8838914.0,8839409.0,,,
y1_d115_JPB_ANI,268.0,,,,,,,,False,,8861816.0,,,,
y1_d115_JPB_ANI,280.0,,,,,,,,False,,9236168.0,9236630.0,,,
y1_d115_JPB_ANI,281.0,,,,,,,,False,,9251150.0,9251612.0,,,
y1_d115_JPB_ANI,282.0,,,,,,,,False,,9271049.0,9271577.0,,,
y1_d115_JPB_ANI,285.0,,,,,,,,False,,9332528.0,9333056.0,,,
y1_d115_JPB_ANI,287.0,,,,,,,,False,,9421662.0,9422124.0,,,
y1_d115_JPB_ANI,332.0,,,,,,,,False,,10811689.0,10812217.0,,,
y1_d115_JPB_ANI,333.0,,,,,,,,False,,11039554.0,11040016.0,,,
y1_d115_JPB_ANI,336.0,,,,,,,,False,,11116609.0,11117071.0,,,
y1_d115_JPB_ANI,337.0,,,,,,,,False,,11130370.0,11130832.0,,,
y1_d115_JPB_ANI,341.0,,,,,,,,False,,11221780.0,11222275.0,,,
y1_d115_JPB_ANI,343.0,,,,,,,,False,,11265637.0,11266132.0,,,
y1_d115_JPB_ANI,346.0,,,,,,,,False,,11344375.0,11344837.0,,,
y1_d115_JPB_ANI,356.0,,,,,,,,False,,11724767.0,11725229.0,,,
y1_d115_JPB_ANI,357.0,,,,,,,,False,,11739650.0,11740112.0,,,
y1_d115_JPB_ANI,359.0,,,,,,,,False,,11786510.0,11787038.0,,,
y1_d115_JPB_ANI,361.0,,,,,,,,False,,11834426.0,11834921.0,,,
y1_d115_JPB_ANI,365.0,,,,,,,,False,,11951807.0,11952302.0,,,
y1_d115_JPB_ANI,366.0,,,,,,,,False,,11980451.0,11980946.0,,,
y1_d115_JPB_ANI,367.0,,,,,,,,False,,12013319.0,12013781.0,,,
y1_d115_JPB_ANI,368.0,,,,,,,,False,,12029984.0,12030479.0,,,
y1_d115_JPB_ANI,369.0,,,,,,,,False,,12050048.0,12050543.0,,,
y1_d116.5_KTT_ARN,24.0,,,,,,,,False,,735493.0,735993.0,,,
y1_d116.5_KTT_ARN,25.0,,,,,,,,False,,757893.0,758443.0,,,
y1_d116.5_KTT_ARN,28.0,,,,,,,,False,,818743.0,819243.0,,,
y1_d116.5_KTT_ARN,61.0,,,,,,,,False,,2027143.0,2027643.0,,,
y1_d116.5_KTT_ARN,62.0,,,,,,,,False,,2044743.0,2045293.0,,,
y1_d116.5_KTT_ARN,63.0,,,,,,,,False,,2077943.0,2078443.0,,,
y1_d116.5_KTT_ARN,64.0,,,,,,,,False,,2116043.0,2116593.0,,,
y1_d116.5_KTT_ARN,65.0,,,,,,,,False,,2141943.0,2142593.0,,,
y1_d116.5_KTT_ARN,66.0,,,,,,,,False,,2187393.0,2187943.0,,,
y1_d116.5_KTT_ARN,122.0,,,,,,,,False,,4332993.0,4333443.0,,,
y1_d116.5_KTT_ARN,123.0,,,,,,,,False,,4355093.0,4355593.0,,,
y1_d116.5_KTT_ARN,124.0,,,,,,,,False,,4378543.0,4379043.0,,,
y1_d116.5_KTT_ARN,126.0,,,,,,,,False,,4447143.0,4447643.0,,,
y1_d116.5_KTT_ARN,127.0,,,,,,,,False,,4465793.0,4466293.0,,,
y1_d116.5_KTT_ARN,128.0,,,,,,,,False,,4491343.0,4491893.0,,,
y1_d116.5_KTT_ARN,129.0,,,,,,,,False,,4513143.0,4513593.0,,,
y1_d116.5_KTT_ARN,130.0,,,,,,,,False,,4535843.0,4536343.0,,,
y1_d116.5_KTT_ARN,131.0,,,,,,,,False,,4563393.0,4563893.0,,,
y1_d116_BXH_VAS,61.0,,,,,,,,False,,1909413.0,1909963.0,,,
y1_d116_BXH_VAS,78.0,,,,,,,,False,,2500213.0,2500713.0,,,
y1_d116_BXH_VAS,111.0,,,,,,,,False,,3653213.0,3653663.0,,,
y1_d116_BXH_VAS,113.0,,,,,,,,False,,3705813.0,3706263.0,,,
y1_d116_BXH_VAS,115.0,,,,,,,,False,,3761963.0,3762413.0,,,
y1_d116_BXH_VAS,116.0,,,,,,,,False,,3799913.0,3800363.0,,,
y1_d116_BXH_VAS,117.0,,,,,,,,False,,3822463.0,3822913.0,,,
y1_d116_BXH_VAS,119.0,,,,,,,,False,,3873763.0,3874213.0,,,
y1_d116_BXH_VAS,121.0,,,,,,,,False,,3933263.0,3933713.0,,,
y1_d116_BXH_VAS,218.0,,,,,,,,False,,6986713.0,6987163.0,,,
y1_d116_BXH_VAS,219.0,,,,,,,,False,,7004513.0,7004963.0,,,
y1_d116_BXH_VAS,220.0,,,,,,,,False,,7021363.0,7021863.0,,,
y1_d116_BXH_VAS,221.0,,,,,,,,False,,7038863.0,7039313.0,,,
y1_d116_BXH_VAS,223.0,,,,,,,,False,,7092713.0,7093163.0,,,
y1_d116_BXH_VAS,224.0,,,,,,,,False,,7113313.0,7113763.0,,,
y1_d116_BXH_VAS,225.0,,,,,,,,False,,7136063.0,7136563.0,,,
y1_d116_BXH_VAS,226.0,,,,,,,,False,,7169713.0,7170163.0,,,
y1_d116_BXH_VAS,227.0,,,,,,,,False,,7183913.0,7184363.0,,,
y1_d116_BXH_VAS,228.0,,,,,,,,False,,7202263.0,7202713.0,,,
y1_d116_BXH_VAS,230.0,,,,,,,,False,,7264913.0,7265463.0,,,
y1_d116_BXH_VAS,231.0,,,,,,,,False,,7281163.0,7281613.0,,,
y1_d116_BXH_VAS,249.0,,,,,,,,False,,7909963.0,7910463.0,,,
y1_d116_BXH_VAS,289.0,,,,,,,,False,,9203813.0,9204263.0,,,
y1_d116_BXH_VAS,290.0,,,,,,,,False,,9221713.0,9222163.0,,,
y1_d116_BXH_VAS,291.0,,,,,,,,False,,9243113.0,9243613.0,,,
y1_d116_BXH_VAS,292.0,,,,,,,,False,,9265013.0,9265513.0,,,
y1_d116_BXH_VAS,293.0,,,,,,,,False,,9286513.0,9286963.0,,,
y1_d116_BXH_VAS,294.0,,,,,,,,False,,9308513.0,9308963.0,,,
y1_d116_KTT_ARN,10.0,,,,,,,,False,,227411.0,227861.0,,,
y1_d116_KTT_ARN,11.0,,,,,,,,False,,241761.0,242261.0,,,
y1_d116_KTT_ARN,12.0,,,,,,,,False,,259361.0,259861.0,,,
y1_d116_KTT_ARN,13.0,,,,,,,,False,,285961.0,286411.0,,,
y1_d116_KTT_ARN,31.0,,,,,,,,False,,822461.0,822961.0,,,
y1_d116_KTT_ARN,32.0,,,,,,,,False,,838761.0,839311.0,,,
y1_d116_KTT_ARN,33.0,,,,,,,,False,,857311.0,857761.0,,,
y1_d116_KTT_ARN,34.0,,,,,,,,False,,878411.0,878861.0,,,
y1_d116_KTT_ARN,35.0,,,,,,,,False,,901211.0,901711.0,,,
y1_d116_KTT_ARN,36.0,,,,,,,,False,,925111.0,925611.0,,,
y1_d116_KTT_ARN,45.0,,,,,,,,False,,1259961.0,1260411.0,,,
y1_d116_KTT_ARN,47.0,,,,,,,,False,,1318611.0,1319111.0,,,
y1_d116_KTT_ARN,49.0,,,,,,,,False,,1366361.0,1366911.0,,,
y1_d116_KTT_ARN,51.0,,,,,,,,False,,1411361.0,1411811.0,,,
y1_d116_KTT_ARN,54.0,,,,,,,,False,,1485961.0,1486461.0,,,
y1_d116_KTT_ARN,55.0,,,,,,,,False,,1504761.0,1505261.0,,,
y1_d116_KTT_ARN,56.0,,,,,,,,False,,1524411.0,1524961.0,,,
y1_d116_KTT_ARN,63.0,,,,,,,,False,,1799611.0,1800061.0,,,
y1_d116_KTT_ARN,64.0,,,,,,,,False,,1817561.0,1818011.0,,,
y1_d116_KTT_ARN,65.0,,,,,,,,False,,1838611.0,1839111.0,,,
y1_d116_KTT_ARN,66.0,,,,,,,,False,,1863911.0,1864361.0,,,
y1_d116_KTT_ARN,68.0,,,,,,,,False,,1910611.0,1911061.0,,,
y1_d116_KTT_ARN,69.0,,,,,,,,False,,1939711.0,1940211.0,,,
y1_d116_KTT_ARN,71.0,,,,,,,,False,,2008261.0,2008811.0,,,
y1_d116_KTT_ARN,72.0,,,,,,,,False,,2033511.0,2034011.0,,,
y1_d116_KTT_ARN,93.0,,,,,,,,False,,2648361.0,2648811.0,,,
y1_d116_KTT_ARN,96.0,,,,,,,,False,,2760111.0,2760561.0,,,
y1_d116_KTT_ARN,97.0,,,,,,,,False,,2778661.0,2779161.0,,,
y1_d116_KTT_ARN,98.0,,,,,,,,False,,2796961.0,2797511.0,,,
y1_d116_KTT_ARN,100.0,,,,,,,,False,,2866411.0,2866961.0,,,
y1_d116_KTT_ARN,101.0,"Out (inning-ending, verify)",2.5,1.25,1.25,76.43422112359136,75.6335733113708,69.12682825051623,True,2.4468141409707584,2887161.0,2887611.0,2888861.0,2890111.0,26
y1_d116_KTT_ARN,112.0,,,,,,,,False,,3202661.0,3203161.0,,,
y1_d116_KTT_ARN,113.0,,,,,,,,False,,3217911.0,3218411.0,,,
y1_d116_KTT_ARN,115.0,,,,,,,,False,,3283811.0,3284311.0,,,
y1_d116_KTT_ARN,116.0,,,,,,,,False,,3306661.0,3307111.0,,,
y1_d116_KTT_ARN,117.0,,,,,,,,False,,3325261.0,3325811.0,,,
y1_d116_KTT_ARN,129.0,,,,,,,,False,,3735211.0,3735761.0,,,
y1_d116_KTT_ARN,130.0,,,,,,,,False,,3755711.0,3756161.0,,,
y1_d116_KTT_ARN,132.0,,,,,,,,False,,3805161.0,3805661.0,,,
y1_d116_KTT_ARN,133.0,,,,,,,,False,,3830311.0,3830761.0,,,
y1_d116_KTT_ARN,143.0,,,,,,,,False,,4322161.0,4322611.0,,,
y1_d116_KTT_ARN,144.0,,,,,,,,False,,4341811.0,4342261.0,,,
y1_d116_KTT_ARN,145.0,,,,,,,,False,,4364961.0,4365411.0,,,
y1_d116_KTT_ARN,222.0,,,1.35,,,,,False,,6735911.0,6736411.0,6737761.0,,
y1_d116_KTT_ARN,224.0,,,,,,,,False,,6806361.0,6806861.0,,,
y1_d116_KTT_ARN,226.0,,,,,,,,False,,6845711.0,6846261.0,,,
y1_d116_KTT_ARN,229.0,,,,,,,,False,,6903861.0,6904361.0,,,
y1_d117_BXH_VAS,42.0,,,,,,,,False,,1215289.0,1215739.0,,,
y1_d117_BXH_VAS,49.0,,,,,,,,False,,1487989.0,1488439.0,,,
y1_d117_BXH_VAS,50.0,,,0.8,,,,,False,,1504139.0,1504589.0,1505389.0,,
y1_d117_BXH_VAS,52.0,,1.8,0.65,1.15,83.76341684045465,82.9156687715597,75.77998286404313,True,4.152868557126722,1526439.0,1526889.0,1527539.0,1528689.0,24
y1_d117_BXH_VAS,65.0,,,,,,,,False,,2146639.0,2147089.0,,,
y1_d117_BXH_VAS,66.0,,,,,,,,False,,2190889.0,2191339.0,,,
y1_d117_BXH_VAS,67.0,,,,,,,,False,,2227789.0,2228339.0,,,
y1_d117_BXH_VAS,68.0,,,,,,,,False,,2248839.0,2249339.0,,,
y1_d117_BXH_VAS,69.0,,,,,,,,False,,2269589.0,2270089.0,,,
y1_d117_BXH_VAS,70.0,,,,,,,,False,,2292239.0,2292739.0,,,
y1_d117_BXH_VAS,99.0,,,,,,,,False,,3321539.0,3321989.0,,,
y1_d117_BXH_VAS,102.0,,,,,,,,False,,3434689.0,3435139.0,,,
y1_d117_BXH_VAS,103.0,,,,,,,,False,,3455289.0,3455789.0,,,
y1_d117_BXH_VAS,112.0,,,,,,,,False,,3721389.0,3721939.0,,,
y1_d117_BXH_VAS,113.0,,,,,,,,False,,3739689.0,3740239.0,,,
y1_d117_BXH_VAS,155.0,,,,,,,,False,,5097639.0,5098139.0,,,
y1_d117_BXH_VAS,157.0,,,,,,,,False,,5160489.0,5160989.0,,,
y1_d117_BXH_VAS,160.0,,,,,,,,False,,5232289.0,5232739.0,,,
y1_d117_BXH_VAS,161.0,,,,,,,,False,,5247289.0,5247789.0,,,
y1_d117_BXH_VAS,171.0,,,,,,,,False,,5650439.0,5650939.0,,,
y1_d117_BXH_VAS,172.0,,,,,,,,False,,5671639.0,5672089.0,,,
y1_d117_BXH_VAS,174.0,,,,,,,,False,,5714839.0,5715339.0,,,
y1_d117_BXH_VAS,179.0,,,,,,,,False,,5999489.0,5999989.0,,,
y1_d117_BXH_VAS,181.0,,,,,,,,False,,6051539.0,6052039.0,,,
y1_d117_BXH_VAS,184.0,,,,,,,,False,,6101539.0,6102039.0,,,
y1_d117_BXH_VAS,187.0,,,,,,,,False,,6184739.0,6185189.0,,,
y1_d117_BXH_VAS,188.0,,,,,,,,False,,6202439.0,6202939.0,,,
y1_d117_BXH_VAS,191.0,,,,,,,,False,,6320139.0,6320589.0,,,
y1_d117_BXH_VAS,192.0,,,,,,,,False,,6336289.0,,,,
y1_d117_BXH_VAS,209.0,,,,,,,,False,,7025539.0,7026039.0,,,
y1_d117_BXH_VAS,211.0,,,,,,,,False,,7076089.0,7076589.0,,,
y1_d117_BXH_VAS,212.0,,,,,,,,False,,7100239.0,7100739.0,,,
y1_d117_BXH_VAS,213.0,,,,,,,,False,,7122089.0,7122589.0,,,
y1_d117_BXH_VAS,239.0,,,,,,,,False,,8109539.0,8109989.0,,,
y1_d117_BXH_VAS,240.0,,,,,,,,False,,8134189.0,8134639.0,,,
y1_d117_BXH_VAS,242.0,,,,,,,,False,,8229239.0,8229689.0,,,
y1_d117_BXH_VAS,243.0,,,,,,,,False,,8265289.0,8265789.0,,,
y1_d117_BXH_VAS,244.0,,,,,,,,False,,8292089.0,8292539.0,,,
y1_d117_BXH_VAS,272.0,,,,,,,,False,,9151739.0,9152239.0,,,
y1_d117_BXH_VAS,274.0,,,,,,,,False,,9191189.0,9191739.0,,,
y1_d117_BXH_VAS,294.0,,,,,,,,False,,9906139.0,9906739.0,,,
y1_d117_BXH_VAS,295.0,,,,,,,,False,,9923889.0,9924439.0,,,
y1_d117_BXH_VAS,296.0,,,,,,,,False,,9940989.0,,,,
y1_d117_BXH_VAS,326.0,,,,,,,,False,,11042339.0,11042789.0,,,
y1_d118_MKS_ARN,13.0,,,,,,,,False,,458607.0,459057.0,,,
y1_d118_MKS_ARN,16.0,,,,,,,,False,,550907.0,551407.0,,,
y1_d118_MKS_ARN,17.0,,,,,,,,False,,568707.0,569207.0,,,
y1_d118_MKS_ARN,18.0,,,,,,,,False,,590707.0,591257.0,,,
y1_d118_MKS_ARN,19.0,,,,,,,,False,,608807.0,609257.0,,,
y1_d118_MKS_ARN,20.0,,,,,,,,False,,629207.0,629707.0,,,
y1_d118_MKS_ARN,26.0,,,,,,,,False,,829107.0,829657.0,,,
y1_d118_MKS_ARN,27.0,,,,,,,,False,,849157.0,849657.0,,,
y1_d118_MKS_ARN,28.0,,,,,,,,False,,871057.0,871607.0,,,
y1_d118_MKS_ARN,30.0,Safe,1.85,0.7,1.15,81.17598509859306,80.44802737710592,74.72068009891042,True,5.023277429404576,922957.0,923407.0,924107.0,925257.0,24
y1_d118_MKS_ARN,45.0,,1.9,0.7,1.2,77.31866249738624,76.59351746588933,70.88434365868986,True,10.20560520594474,1534107.0,1534657.0,1535357.0,1536557.0,25
y1_d118_MKS_ARN,46.0,,,,,,,,False,,1582207.0,1582757.0,,,
y1_d118_MKS_ARN,53.0,,,,,,,,False,,1878657.0,1879107.0,,,
y1_d118_MKS_ARN,54.0,,,,,,,,False,,1898457.0,1898957.0,,,
y1_d118_MKS_ARN,56.0,,,,,,,,False,,1958607.0,1959057.0,,,
y1_d118_MKS_ARN,63.0,"Out (inning-ending, verify)",1.9,0.8,1.1,83.27113117131438,82.514120919714,76.32825465473886,True,4.369601884908553,2145857.0,2146357.0,2147157.0,2148257.0,23
y1_d118_MKS_ARN,85.0,,,,,,,,False,,2933307.0,2933807.0,,,
y1_d118_MKS_ARN,86.0,,,,,,,,False,,2961757.0,2962207.0,,,
y1_d118_MKS_ARN,87.0,,,,,,,,False,,2989557.0,2990057.0,,,
y1_d118_MKS_ARN,88.0,,,,,,,,False,,3023157.0,3023607.0,,,
y1_d118_MKS_ARN,89.0,,,,,,,,False,,3058157.0,3058657.0,,,
y1_d118_MKS_ARN,95.0,,,,,,,,False,,3326407.0,3326907.0,,,
y1_d118_MKS_ARN,108.0,,,,,,,,False,,3726007.0,3726557.0,,,
y1_d118_MKS_ARN,109.0,,,,,,,,False,,3744957.0,3745507.0,,,
y1_d118_MKS_ARN,111.0,,,,,,,,False,,3797207.0,3797707.0,,,
y1_d118_MKS_ARN,115.0,,,,,,,,False,,3911257.0,3911807.0,,,
y1_d118_MKS_ARN,116.0,,,,,,,,False,,3929757.0,3930207.0,,,
y1_d118_MKS_ARN,117.0,,,,,,,,False,,3948607.0,3949157.0,,,
y1_d118_MKS_ARN,133.0,,,,,,,,False,,4529507.0,4529957.0,,,
y1_d118_MKS_ARN,134.0,,,,,,,,False,,4551657.0,4552157.0,,,
y1_d118_MKS_ARN,135.0,,,,,,,,False,,4574157.0,4574657.0,,,
y1_d118_MKS_ARN,178.0,,,,,,,,False,,6166657.0,6167207.0,,,
y1_d118_MKS_ARN,179.0,,,,,,,,False,,6190407.0,6190957.0,,,
y1_d118_MKS_ARN,181.0,,,,,,,,False,,6244207.0,6244707.0,,,
y1_d118_MKS_ARN,182.0,,,,,,,,False,,6303307.0,6303857.0,,,
y1_d118_MKS_ARN,185.0,,,,,,,,False,,6384907.0,6385357.0,,,
y1_d118_MKS_ARN,186.0,,,,,,,,False,,6400757.0,6401257.0,,,
y1_d118_MKS_ARN,187.0,,,,,,,,False,,6432657.0,6433107.0,,,
y1_d118_MKS_ARN,189.0,,,,,,,,False,,6504307.0,6504857.0,,,
y1_d118_MKS_ARN,190.0,,,,,,,,False,,6523357.0,6523807.0,,,
y1_d118_MKS_ARN,192.0,,,,,,,,False,,6575807.0,6576357.0,,,
y1_d118_MKS_ARN,193.0,,,,,,,,False,,6601957.0,6602507.0,,,
y1_d118_MKS_ARN,194.0,,,,,,,,False,,6624607.0,6625157.0,,,
y1_d118_MKS_ARN,195.0,,,,,,,,False,,6665307.0,6665757.0,,,
y1_d118_MKS_ARN,196.0,,,,,,,,False,,6698157.0,6698607.0,,,
y1_d118_MKS_ARN,197.0,,,,,,,,False,,6721307.0,6721857.0,,,
y1_d118_MKS_ARN,198.0,,,,,,,,False,,6739757.0,6740207.0,,,
y1_d118_MKS_ARN,211.0,,,,,,,,False,,7247757.0,7248207.0,,,
y1_d118_MKS_ARN,212.0,,,,,,,,False,,7271007.0,7271507.0,,,
y1_d118_MKS_ARN,213.0,,,,,,,,False,,7297157.0,7297657.0,,,
y1_d118_MKS_ARN,214.0,,,,,,,,False,,7335307.0,7335857.0,,,
y1_d118_MKS_ARN,215.0,,,,,,,,False,,7367607.0,7368057.0,,,
y1_d118_MKS_ARN,216.0,,,,,,,,False,,7395207.0,7395757.0,,,
y1_d118_MKS_ARN,228.0,,,,,,,,False,,7788107.0,7788657.0,,,
y1_d118_MKS_ARN,229.0,,,,,,,,False,,7809307.0,7809807.0,,,
y1_d118_MKS_ARN,230.0,,,0.75,,,,,False,,7842957.0,7843457.0,7844207.0,,
y1_d118_MKS_ARN,247.0,,,,,,,,False,,8471807.0,8475757.0,,,
y1_d118_MKS_ARN,249.0,,,,,,,,False,,8547557.0,8548107.0,,,
y1_d118_MKS_ARN,265.0,,,,,,,,False,,9342907.0,9343557.0,,,
y1_d118_MKS_ARN,266.0,,,,,,,,False,,9357507.0,9358007.0,,,
y1_d118_MKS_ARN,267.0,,,,,,,,False,,9375107.0,9375557.0,,,
y1_d118_MKS_ARN,268.0,,,,,,,,False,,9391857.0,9392357.0,,,
y1_d118_MKS_ARN,270.0,,,,,,,,False,,9428507.0,9429157.0,,,
y1_d118_MKS_ARN,271.0,,,,,,,,False,,9459357.0,9459857.0,,,
y1_d118_MKS_ARN,272.0,,,,,,,,False,,9475757.0,9476207.0,,,
y1_d118_MKS_ARN,273.0,,,,,,,,False,,9493907.0,9494507.0,,,
y1_d118_MKS_ARN,274.0,,,,,,,,False,,9511407.0,9511907.0,,,
y1_d118_MKS_ARN,275.0,,,,,,,,False,,9528607.0,9529107.0,,,
y1_d118_MKS_ARN,304.0,,,,,,,,False,,10367307.0,10367807.0,,,
y1_d118_MKS_ARN,305.0,,,,,,,,False,,10385607.0,10386107.0,,,
y1_d119_MKS_ARN,10.0,,,,,,,,False,,274928.0,275378.0,,,
y1_d119_MKS_ARN,13.0,,,,,,,,False,,345828.0,346328.0,,,
y1_d119_MKS_ARN,15.0,,,,,,,,False,,399478.0,400028.0,,,
y1_d119_MKS_ARN,17.0,,,,,,,,False,,447628.0,448178.0,,,
y1_d119_MKS_ARN,80.0,,,,,,,,False,,2502628.0,2503078.0,,,
y1_d119_MKS_ARN,81.0,,,,,,,,False,,2521328.0,2521828.0,,,
y1_d119_MKS_ARN,83.0,,,,,,,,False,,2563628.0,2564128.0,,,
y1_d119_MKS_ARN,85.0,,,,,,,,False,,2603278.0,2603728.0,,,
y1_d119_MKS_ARN,87.0,,,,,,,,False,,2673928.0,2674378.0,,,
y1_d119_MKS_ARN,88.0,,,,,,,,False,,2694828.0,2695328.0,,,
y1_d119_MKS_ARN,104.0,,,,,,,,False,,3143678.0,3144178.0,,,
y1_d119_MKS_ARN,106.0,,,,,,,,False,,3188978.0,3189428.0,,,
y1_d119_MKS_ARN,107.0,,,,,,,,False,,3211378.0,3211878.0,,,
y1_d119_MKS_ARN,108.0,,,,,,,,False,,3251928.0,3252428.0,,,
y1_d119_MKS_ARN,109.0,,,,,,,,False,,3272828.0,3273328.0,,,
y1_d119_MKS_ARN,111.0,,,,,,,,False,,3317928.0,3318478.0,,,
y1_d119_MKS_ARN,113.0,,,,,,,,False,,3378678.0,3379178.0,,,
y1_d119_MKS_ARN,117.0,,,,,,,,False,,3482578.0,3483078.0,,,
y1_d119_MKS_ARN,118.0,,,,,,,,False,,3504628.0,3505178.0,,,
y1_d119_MKS_ARN,120.0,,,,,,,,False,,3547128.0,3547628.0,,,
y1_d119_MKS_ARN,121.0,,,,,,,,False,,3579328.0,3579878.0,,,
y1_d119_MKS_ARN,129.0,,,,,,,,False,,4006778.0,4007278.0,,,
y1_d119_MKS_ARN,131.0,,,,,,,,False,,4041578.0,4042028.0,,,
y1_d119_MKS_ARN,132.0,,,,,,,,False,,4062178.0,4062678.0,,,
y1_d119_MKS_ARN,133.0,,,,,,,,False,,4085978.0,4086428.0,,,
y1_d119_MKS_ARN,134.0,,,,,,,,False,,4105328.0,4105778.0,,,
y1_d119_MKS_ARN,174.0,,,,,,,,False,,5424178.0,5424678.0,,,
y1_d119_MKS_ARN,204.0,,,,,,,,False,,6513728.0,6514278.0,,,
y1_d119_MKS_ARN,206.0,,,,,,,,False,,6566028.0,6566578.0,,,
y1_d119_MKS_ARN,207.0,,,,,,,,False,,6587628.0,6588078.0,,,
y1_d119_MKS_ARN,208.0,,,,,,,,False,,6610978.0,6611478.0,,,
y1_d119_MKS_ARN,209.0,,,,,,,,False,,6644978.0,6645528.0,,,
y1_d119_MKS_ARN,210.0,,,,,,,,False,,6664428.0,6669378.0,,,
y1_d119_MKS_ARN,211.0,,,,,,,,False,,6702228.0,6702678.0,,,
y1_d119_MKS_ARN,212.0,,,,,,,,False,,6726728.0,6727178.0,,,
y1_d119_MKS_ARN,214.0,,,,,,,,False,,6788928.0,6789478.0,,,
y1_d119_MKS_ARN,221.0,,,,,,,,False,,7109828.0,7110278.0,,,
y1_d119_MKS_ARN,222.0,,,,,,,,False,,7127278.0,7127778.0,,,
y1_d119_MKS_ARN,223.0,,,,,,,,False,,7146178.0,7146628.0,,,
y1_d119_MKS_ARN,224.0,,,,,,,,False,,7164478.0,7164928.0,,,
y1_d119_MKS_ARN,225.0,,,,,,,,False,,7183778.0,7184228.0,,,
y1_d119_MKS_ARN,239.0,,,,,,,,False,,7786378.0,7786928.0,,,
y1_d119_MKS_ARN,241.0,,,,,,,,False,,7836128.0,7836628.0,,,
y1_d119_MKS_ARN,243.0,,,,,,,,False,,7888778.0,7889328.0,,,
y1_d119_MKS_ARN,244.0,,,,,,,,False,,7917228.0,7917728.0,,,
y1_d119_MKS_ARN,245.0,,,,,,,,False,,7941528.0,7941978.0,,,
y1_d119_MKS_ARN,246.0,,,,,,,,False,,7963928.0,7964478.0,,,
y1_d119_MKS_ARN,247.0,,,,,,,,False,,7995178.0,7995728.0,,,
y1_d119_MKS_ARN,248.0,,,,,,,,False,,8010928.0,8011378.0,,,
y1_d119_MKS_ARN,249.0,,,,,,,,False,,8033478.0,8033978.0,,,
y1_d119_MKS_ARN,250.0,,,,,,,,False,,8052578.0,8053028.0,,,
y1_d119_MKS_ARN,261.0,,,,,,,,False,,8532528.0,8533078.0,,,
y1_d119_MKS_ARN,262.0,,,,,,,,False,,8555828.0,8556378.0,,,
y1_d119_MKS_ARN,277.0,,,,,,,,False,,9124328.0,9124778.0,,,
y1_d119_MKS_ARN,278.0,,,,,,,,False,,9140928.0,9141428.0,,,
y1_d119_MKS_ARN,279.0,,,,,,,,False,,9164478.0,9164928.0,,,
y1_d119_MKS_ARN,280.0,,,,,,,,False,,9180228.0,9180728.0,,,
y1_d119_MKS_ARN,283.0,,,,,,,,False,,9277328.0,9277828.0,,,
y1_d119_MKS_ARN,284.0,,,,,,,,False,,9300728.0,9301178.0,,,
y1_d119_MKS_ARN,285.0,,,,,,,,False,,9319678.0,9320178.0,,,
y1_d119_MKS_ARN,286.0,,,,,,,,False,,9340878.0,9341378.0,,,
y1_d119_MKS_ARN,287.0,,,,,,,,False,,9376428.0,9376928.0,,,
y1_d119_MKS_ARN,288.0,,,,,,,,False,,9401628.0,9402078.0,,,
y1_d119_MKS_ARN,289.0,,,,,,,,False,,9423428.0,9423928.0,,,
y1_d119_MKS_ARN,290.0,,,0.4,,,,,False,,9444628.0,9448478.0,9448878.0,,
y1_d120_MKS_ARN,3.0,,,,,,,,False,,65613.0,66108.0,,,
y1_d120_MKS_ARN,15.0,,,,,,,,False,,352450.0,352912.0,,,
y1_d120_MKS_ARN,16.0,,,,,,,,False,,368785.0,369247.0,,,
y1_d120_MKS_ARN,17.0,,,,,,,,False,,386539.0,387067.0,,,
y1_d120_MKS_ARN,18.0,,,,,,,,False,,407329.0,407791.0,,,
y1_d120_MKS_ARN,19.0,,,,,,,,False,,428383.0,428845.0,,,
y1_d120_MKS_ARN,28.0,,,,,,,,False,,705583.0,706111.0,,,
y1_d120_MKS_ARN,29.0,,,,,,,,False,,726109.0,726670.0,,,
y1_d120_MKS_ARN,32.0,,,,,,,,False,,781516.0,782077.0,,,
y1_d120_MKS_ARN,34.0,,,,,,,,False,,868702.0,869230.0,,,
y1_d120_MKS_ARN,35.0,,,,,,,,False,,888733.0,889261.0,,,
y1_d120_MKS_ARN,37.0,,,,,,,,False,,924142.0,924637.0,,,
y1_d120_MKS_ARN,39.0,,,,,,,,False,,966085.0,966646.0,,,
y1_d120_MKS_ARN,42.0,,,,,,,,False,,1033933.0,1034494.0,,,
y1_d120_MKS_ARN,44.0,,,,,,,,False,,1087723.0,1088251.0,,,
y1_d120_MKS_ARN,46.0,,,,,,,,False,,1139731.0,1140259.0,,,
y1_d120_MKS_ARN,49.0,,,,,,,,False,,1242296.0,1242824.0,,,
y1_d120_MKS_ARN,63.0,,,,,,,,False,,1667468.0,1667930.0,,,
y1_d120_MKS_ARN,64.0,,,,,,,,False,,1686278.0,1686806.0,,,
y1_d120_MKS_ARN,78.0,,,0.693,,,,,False,,2238600.0,2239095.0,2239788.0,,
y1_d120_MKS_ARN,79.0,,,,,,,,False,,2275065.0,2275527.0,,,
y1_d120_MKS_ARN,102.0,,,,,,,,False,,3008127.0,3008622.0,,,
y1_d120_MKS_ARN,104.0,,,,,,,,False,,3073203.0,3073731.0,,,
y1_d120_MKS_ARN,105.0,,,,,,,,False,,3103200.0,3103695.0,,,
y1_d120_MKS_ARN,106.0,,2.013,0.759,1.254,76.17454048018493,75.41524276271291,69.63600081269337,True,2.657053634291339,3134814.0,3135309.0,3136068.0,3137322.0,39
y1_d120_MKS_ARN,120.0,,,,,,,,False,,3522895.0,3523390.0,,,
y1_d120_MKS_ARN,122.0,,,,,,,,False,,3559789.0,3560350.0,,,
y1_d120_MKS_ARN,123.0,,,,,,,,False,,3583714.0,3584275.0,,,
y1_d120_MKS_ARN,124.0,,,,,,,,False,,3609355.0,3609850.0,,,
y1_d120_MKS_ARN,139.0,,,,,,,,False,,4074622.0,4075117.0,,,
y1_d120_MKS_ARN,141.0,,3.465,2.475,0.99,72.58991329829352,72.13722832708339,68.5379473475635,True,14.516157893290963,4117126.0,4117621.0,4120096.0,4121086.0,31
y1_d120_MKS_ARN,144.0,,,,,,,,False,,4308560.0,4309121.0,,,
y1_d120_MKS_ARN,145.0,,,,,,,,False,,4331429.0,4331924.0,,,
y1_d120_MKS_ARN,146.0,,,,,,,,False,,4349810.0,4350305.0,,,
y1_d120_MKS_ARN,147.0,,,,,,,,False,,4384691.0,4385219.0,,,
y1_d120_MKS_ARN,149.0,,,,,,,,False,,4445840.0,4446335.0,,,
y1_d120_MKS_ARN,151.0,,,,,,,,False,,4481084.0,4481612.0,,,
y1_d120_MKS_ARN,152.0,,,,,,,,False,,4499696.0,4500257.0,,,
y1_d120_MKS_ARN,153.0,,,,,,,,False,,4519562.0,4520156.0,,,
y1_d120_MKS_ARN,188.0,,,,,,,,False,,5549625.0,5550186.0,,,
y1_d120_MKS_ARN,189.0,,,,,,,,False,,5564772.0,5565267.0,,,
y1_d120_MKS_ARN,191.0,,,,,,,,False,,5606121.0,5606616.0,,,
y1_d120_MKS_ARN,199.0,,,,,,,,False,,5887611.0,5888172.0,,,
y1_d120_MKS_ARN,200.0,,,,,,,,False,,5909094.0,5909622.0,,,
y1_d120_MKS_ARN,244.0,,,,,,,,False,,7332749.0,7333211.0,,,
y1_d120_MKS_ARN,257.0,,,,,,,,False,,7707101.0,7707563.0,,,
y1_d120_MKS_ARN,269.0,,,,,,,,False,,8088317.0,8088878.0,,,
y1_d120_MKS_ARN,270.0,,,,,,,,False,,8107226.0,8107688.0,,,
y1_d120_MKS_ARN,273.0,,,,,,,,False,,8274042.0,8274603.0,,,
y1_d120_MKS_ARN,278.0,,,,,,,,False,,8664861.0,8665323.0,,,
y1_d120_MKS_ARN,279.0,,,,,,,,False,,8686872.0,8687367.0,,,
y1_d120_MKS_ARN,280.0,,,,,,,,False,,8704923.0,8705385.0,,,
y1_d120_MKS_ARN,296.0,,,,,,,,False,,9268201.0,9268696.0,,,
y1_d120_MKS_ARN,299.0,,,,,,,,False,,9359380.0,9359842.0,,,
y1_d120_MKS_ARN,303.0,,,,,,,,False,,9422212.0,9422674.0,,,
y1_d120_MKS_ARN,304.0,,,,,,,,False,,9441220.0,9441649.0,,,
y1_d120_MKS_ARN,327.0,,,,,,,,False,,10240052.0,10240514.0,,,
y1_d120_MKS_ARN,328.0,,,,,,,,False,,10257443.0,10257938.0,,,
y1_d120_MKS_ARN,330.0,,,,,,,,False,,10301366.0,10301861.0,,,
y1_d120_MKS_ARN,333.0,,,,,,,,False,,10386869.0,10387430.0,,,
y1_d120_MKS_ARN,335.0,,,,,,,,False,,10426073.0,10426535.0,,,
y1_d120_MKS_ARN,336.0,,,,,,,,False,,10448381.0,10448843.0,,,
y1_d120_MKS_ARN,337.0,,,,,,,,False,,10468709.0,10469237.0,,,
y1_d120_MKS_ARN,338.0,,,,,,,,False,,10507418.0,10507946.0,,,
y1_d120_MKS_ARN,339.0,,,,,,,,False,,10525667.0,10526195.0,,,
y1_d120_MKS_ARN,340.0,,,,,,,,False,,10546028.0,10551308.0,,,
y1_d121_IOL_VAS,27.0,,,,,,,,False,,733569.0,734069.0,,,
y1_d121_IOL_VAS,29.0,,,,,,,,False,,794169.0,794719.0,,,
y1_d121_IOL_VAS,30.0,,,,,,,,False,,812819.0,813319.0,,,
y1_d121_IOL_VAS,34.0,,,,,,,,False,,903019.0,903519.0,,,
y1_d121_IOL_VAS,35.0,,,,,,,,False,,922069.0,922619.0,,,
y1_d121_IOL_VAS,36.0,,,,,,,,False,,948269.0,948769.0,,,
y1_d121_IOL_VAS,45.0,,,,,,,,False,,1350119.0,1350569.0,,,
y1_d121_IOL_VAS,46.0,,,,,,,,False,,1369719.0,1370219.0,,,
y1_d121_IOL_VAS,86.0,,,,,,,,False,,2550269.0,2550719.0,,,
y1_d121_IOL_VAS,87.0,,,,,,,,False,,2563169.0,2563669.0,,,
y1_d121_IOL_VAS,89.0,,,,,,,,False,,2596469.0,2596969.0,,,
y1_d121_IOL_VAS,99.0,,,,,,,,False,,2937369.0,2937819.0,,,
y1_d121_IOL_VAS,100.0,,,,,,,,False,,2955269.0,2955719.0,,,
y1_d121_IOL_VAS,101.0,,,,,,,,False,,2976619.0,2977069.0,,,
y1_d121_IOL_VAS,102.0,,6.65,0.65,6.0,77.9954574642824,73.86132535999243,16.733558357414495,False,18.257256720092634,2999169.0,2999669.0,3000319.0,3006319.0,121
y1_d121_IOL_VAS,109.0,,,,,,,,False,,3336869.0,3337319.0,,,
y1_d121_IOL_VAS,110.0,,,,,,,,False,,3353019.0,3353569.0,,,
y1_d121_IOL_VAS,170.0,,,,,,,,False,,5303719.0,5304219.0,,,
y1_d121_IOL_VAS,171.0,,,,,,,,False,,5321569.0,5322069.0,,,
y1_d121_IOL_VAS,172.0,,,,,,,,False,,5345769.0,5346269.0,,,
y1_d121_IOL_VAS,173.0,,,,,,,,False,,5365169.0,5365669.0,,,
y1_d121_IOL_VAS,177.0,,,,,,,,False,,5675719.0,5676219.0,,,
y1_d121_IOL_VAS,178.0,,,,,,,,False,,5694019.0,5694569.0,,,
y1_d121_IOL_VAS,179.0,,,,,,,,False,,5719119.0,5719669.0,,,
y1_d121_IOL_VAS,180.0,,,,,,,,False,,5739769.0,5740269.0,,,
y1_d121_IOL_VAS,182.0,,,,,,,,False,,5805919.0,5806419.0,,,
y1_d121_IOL_VAS,183.0,,,,,,,,False,,5826319.0,5826869.0,,,
y1_d121_IOL_VAS,185.0,,,,,,,,False,,5877769.0,5878269.0,,,
y1_d121_IOL_VAS,186.0,,,,,,,,False,,5907769.0,5908319.0,,,
y1_d121_IOL_VAS,187.0,,,,,,,,False,,5932719.0,5933319.0,,,
y1_d121_IOL_VAS,189.0,,,,,,,,False,,5997019.0,5997569.0,,,
y1_d121_IOL_VAS,190.0,,,,,,,,False,,6023219.0,6023769.0,,,
y1_d121_IOL_VAS,236.0,,,,,,,,False,,7735719.0,7736219.0,,,
y1_d121_IOL_VAS,238.0,,,,,,,,False,,7779419.0,7779869.0,,,
y1_d121_IOL_VAS,240.0,,,,,,,,False,,7826069.0,7826569.0,,,
y1_d121_IOL_VAS,241.0,,1.9,0.6,1.3,78.23666196008875,77.36557509750062,70.40190730973791,True,1.2447073230316148,7844869.0,7845369.0,7845969.0,7847269.0,27
y1_d121_IOL_VAS,243.0,,,,,,,,False,,7910919.0,7911369.0,,,
y1_d121_IOL_VAS,244.0,,,,,,,,False,,7934019.0,7934469.0,,,
y1_d122_IOL_VAS,27.0,,,,,,,,False,,810563.0,811013.0,,,
y1_d122_IOL_VAS,28.0,,,,,,,,False,,833963.0,834463.0,,,
y1_d122_IOL_VAS,29.0,,,,,,,,False,,857763.0,858263.0,,,
y1_d122_IOL_VAS,30.0,,1.85,0.6,1.25,76.19657542299701,75.3807042659385,68.80264932245376,True,3.957056710714128,881513.0,881963.0,882563.0,883813.0,26
y1_d122_IOL_VAS,31.0,,,,,,,,False,,912413.0,912913.0,,,
y1_d122_IOL_VAS,42.0,,,,,,,,False,,1280013.0,1280463.0,,,
y1_d122_IOL_VAS,75.0,,,,,,,,False,,2322413.0,2322863.0,,,
y1_d122_IOL_VAS,77.0,,,,,,,,False,,2357263.0,2357713.0,,,
y1_d122_IOL_VAS,78.0,,1.95,0.65,1.3,74.66742857884694,73.89532027645015,67.83547764702293,True,1.699773991040049,2380663.0,2381163.0,2381813.0,2383113.0,27
y1_d122_IOL_VAS,80.0,,,,,,,,False,,2441363.0,2441863.0,,,
y1_d122_IOL_VAS,84.0,,,,,,,,False,,2580463.0,2580963.0,,,
y1_d122_IOL_VAS,85.0,,,,,,,,False,,2603613.0,2604063.0,,,
y1_d122_IOL_VAS,97.0,,,,,,,,False,,3152013.0,3152613.0,,,
y1_d122_IOL_VAS,98.0,,,,,,,,False,,3170413.0,3170963.0,,,
y1_d122_IOL_VAS,99.0,,,,,,,,False,,3197213.0,3197663.0,,,
y1_d122_IOL_VAS,100.0,,,,,,,,False,,3227763.0,3228263.0,,,
y1_d122_IOL_VAS,101.0,,,,,,,,False,,3253063.0,3253563.0,,,
y1_d122_IOL_VAS,102.0,,,,,,,,False,,3271363.0,3271813.0,,,
y1_d122_IOL_VAS,103.0,,,,,,,,False,,3296363.0,3296813.0,,,
y1_d122_IOL_VAS,125.0,,,,,,,,False,,4035663.0,4036113.0,,,
y1_d122_IOL_VAS,126.0,,,,,,,,False,,4054113.0,4054613.0,,,
y1_d122_IOL_VAS,127.0,,,,,,,,False,,4076013.0,4076563.0,,,
y1_d122_IOL_VAS,136.0,,,,,,,,False,,4410713.0,4411163.0,,,
y1_d122_IOL_VAS,137.0,,,,,,,,False,,4432013.0,4432513.0,,,
y1_d122_IOL_VAS,138.0,,,,,,,,False,,4451613.0,4452163.0,,,
y1_d122_IOL_VAS,151.0,,,,,,,,False,,4869313.0,4869763.0,,,
y1_d122_IOL_VAS,157.0,,,,,,,,False,,5123663.0,5124113.0,,,
y1_d122_IOL_VAS,159.0,,,,,,,,False,,5180913.0,5181463.0,,,
y1_d122_IOL_VAS,160.0,,,,,,,,False,,5205913.0,5206413.0,,,
y1_d122_IOL_VAS,161.0,,,,,,,,False,,5229113.0,5229613.0,,,
y1_d122_IOL_VAS,162.0,,,,,,,,False,,5252013.0,5252463.0,,,
y1_d122_IOL_VAS,209.0,,,,,,,,False,,6762813.0,6763263.0,,,
y1_d122_IOL_VAS,210.0,,,,,,,,False,,6782063.0,6782613.0,,,
y1_d122_IOL_VAS,211.0,,,,,,,,False,,6812663.0,6813163.0,,,
y1_d122_IOL_VAS,223.0,,,,,,,,False,,7209363.0,7209913.0,,,
y1_d122_IOL_VAS,224.0,,,,,,,,False,,7224413.0,7224863.0,,,
y1_d122_IOL_VAS,225.0,,,,,,,,False,,7249363.0,7249863.0,,,
y1_d122_IOL_VAS,245.0,,,,,,,,False,,7943513.0,7944063.0,,,
y1_d122_IOL_VAS,247.0,,,,,,,,False,,7990613.0,7991163.0,,,
y1_d122_IOL_VAS,250.0,,,,,,,,False,,8057913.0,8060513.0,,,
y1_d122_IOL_VAS,252.0,,,,,,,,False,,8254063.0,8254613.0,,,
y1_d122_IOL_VAS,345.0,,,,,,,,False,,11529613.0,11530063.0,,,
y1_d122_IOL_VAS,346.0,,,,,,,,False,,11551113.0,11551563.0,,,
y1_d122_IOL_VAS,347.0,,,,,,,,False,,11607563.0,11608013.0,,,
y1_d122_IOL_VAS,348.0,,,,,,,,False,,11635113.0,11635563.0,,,
y1_d122_IOL_VAS,349.0,,,,,,,,False,,11658863.0,11659313.0,,,
y1_d122_IOL_VAS,363.0,,,,,,,,False,,12194663.0,12195163.0,,,
y1_d122_IOL_VAS,365.0,,,,,,,,False,,12272413.0,12272963.0,,,
y1_d122_IOL_VAS,366.0,,,,,,,,False,,12294313.0,12294863.0,,,
y1_d122_IOL_VAS,369.0,,,,,,,,False,,12362163.0,12362763.0,,,
y1_d122_IOL_VAS,371.0,,,,,,,,False,,12404563.0,12405063.0,,,
y1_d122_IOL_VAS,373.0,,,,,,,,False,,12632063.0,12632513.0,,,
y1_d122_IOL_VAS,374.0,,,,,,,,False,,12651763.0,12652213.0,,,
y1_d122_IOL_VAS,375.0,,,,,,,,False,,12676013.0,12676463.0,,,
y1_d122_MSE_ANI,6.0,,,,,,,,False,,129138.0,129638.0,,,
y1_d122_MSE_ANI,15.0,,,,,,,,False,,438888.0,439338.0,,,
y1_d122_MSE_ANI,17.0,,,,,,,,False,,498588.0,499088.0,,,
y1_d122_MSE_ANI,19.0,,,,,,,,False,,593038.0,593588.0,,,
y1_d122_MSE_ANI,20.0,,,,,,,,False,,616788.0,617338.0,,,
y1_d122_MSE_ANI,21.0,,,,,,,,False,,649988.0,650538.0,,,
y1_d122_MSE_ANI,22.0,,,,,,,,False,,672838.0,673338.0,,,
y1_d122_MSE_ANI,23.0,,,,,,,,False,,697038.0,697538.0,,,
y1_d122_MSE_ANI,24.0,,,,,,,,False,,723788.0,724288.0,,,
y1_d122_MSE_ANI,41.0,,,,,,,,False,,1441838.0,1442288.0,,,
y1_d122_MSE_ANI,42.0,,,,,,,,False,,1466288.0,1466738.0,,,
y1_d122_MSE_ANI,45.0,,,,,,,,False,,1557588.0,1558038.0,,,
y1_d122_MSE_ANI,46.0,,,,,,,,False,,1587938.0,1588388.0,,,
y1_d122_MSE_ANI,57.0,,,,,,,,False,,1988988.0,1989488.0,,,
y1_d122_MSE_ANI,71.0,,,,,,,,False,,2377788.0,2378238.0,,,
y1_d122_MSE_ANI,72.0,,,,,,,,False,,2400088.0,2400588.0,,,
y1_d122_MSE_ANI,96.0,,,,,,,,False,,3204238.0,3204688.0,,,
y1_d122_MSE_ANI,101.0,,,,,,,,False,,3375688.0,3376188.0,,,
y1_d122_MSE_ANI,102.0,,,,,,,,False,,3396588.0,3397138.0,,,
y1_d122_MSE_ANI,109.0,,,,,,,,False,,3701988.0,3702488.0,,,
y1_d122_MSE_ANI,110.0,,,,,,,,False,,3726238.0,3726688.0,,,
y1_d122_MSE_ANI,111.0,,,,,,,,False,,3746738.0,3747188.0,,,
y1_d122_MSE_ANI,113.0,Safe,1.9,0.7,1.2,79.37701565326391,78.60672641949134,72.29613648930712,True,0.5543692786913208,3789588.0,3790038.0,3790738.0,3791938.0,25
y1_d122_MSE_ANI,122.0,,,,,,,,False,,4101838.0,4102288.0,,,
y1_d122_MSE_ANI,218.0,,,,,,,,False,,7339038.0,7339538.0,,,
y1_d122_MSE_ANI,228.0,,,,,,,,False,,7921388.0,7921838.0,,,
y1_d122_MSE_ANI,231.0,,,,,,,,False,,7988788.0,7989238.0,,,
y1_d122_MSE_ANI,234.0,,,,,,,,False,,8061188.0,8061738.0,,,
y1_d122_MSE_ANI,235.0,,,,,,,,False,,8087838.0,8088338.0,,,
y1_d122_MSE_ANI,269.0,,,,,,,,False,,9478038.0,9478538.0,,,
y1_d122_MSE_ANI,270.0,,,,,,,,False,,9496188.0,9496788.0,,,
y1_d122_MSE_ANI,275.0,,,,,,,,False,,9607888.0,9608388.0,,,
y1_d122_MSE_ANI,276.0,,,,,,,,False,,9628238.0,9628788.0,,,
y1_d122_MSE_ANI,293.0,,,,,,,,False,,10342138.0,10342588.0,,,
y1_d122_MSE_ANI,294.0,,,,,,,,False,,10363038.0,10363538.0,,,
y1_d122_MSE_ANI,295.0,,,,,,,,False,,10392438.0,10392888.0,,,
y1_d122_MSE_ANI,296.0,,,,,,,,False,,10419338.0,10419838.0,,,
y1_d122_MSE_ANI,306.0,,,,,,,,False,,10803838.0,10804338.0,,,
y1_d122_MSE_ANI,327.0,,,,,,,,False,,11503988.0,11504488.0,,,
y1_d122_MSE_ANI,329.0,,,,,,,,False,,11721338.0,11721888.0,,,
y1_d122_MSE_ANI,332.0,,,,,,,,False,,11874138.0,11874638.0,,,
y1_d122_MSE_ANI,333.0,,,,,,,,False,,11895088.0,11895588.0,,,
y1_d122_MSE_ANI,334.0,,,,,,,,False,,11915138.0,11915638.0,,,
y1_d123_IOL_VAS,14.0,,,,,,,,False,,518883.0,519433.0,,,
y1_d123_IOL_VAS,15.0,,,,,,,,False,,538483.0,538983.0,,,
y1_d123_IOL_VAS,17.0,,,,,,,,False,,579733.0,580283.0,,,
y1_d123_IOL_VAS,18.0,,,,,,,,False,,595933.0,596433.0,,,
y1_d123_IOL_VAS,43.0,,,,,,,,False,,1356133.0,1356633.0,,,
y1_d123_IOL_VAS,47.0,,,,,,,,False,,1431583.0,1432083.0,,,
y1_d123_IOL_VAS,51.0,,,,,,,,False,,1547633.0,1548133.0,,,
y1_d123_IOL_VAS,52.0,,,,,,,,False,,1572533.0,1573133.0,,,
y1_d123_IOL_VAS,72.0,,,,,,,,False,,2322833.0,2323333.0,,,
y1_d123_IOL_VAS,73.0,,,,,,,,False,,2344883.0,2345433.0,,,
y1_d123_IOL_VAS,74.0,,,,,,,,False,,2371583.0,2372033.0,,,
y1_d123_IOL_VAS,77.0,,,,,,,,False,,2478933.0,2479483.0,,,
y1_d123_IOL_VAS,78.0,,,,,,,,False,,2499983.0,2500433.0,,,
y1_d123_IOL_VAS,79.0,,,,,,,,False,,2527233.0,2527783.0,,,
y1_d123_IOL_VAS,82.0,,,,,,,,False,,2619233.0,2619733.0,,,
y1_d123_IOL_VAS,83.0,,,,,,,,False,,2643733.0,2644283.0,,,
y1_d123_IOL_VAS,87.0,,,,,,,,False,,2893283.0,2893733.0,,,
y1_d123_IOL_VAS,89.0,,,,,,,,False,,2926683.0,2927183.0,,,
y1_d123_IOL_VAS,92.0,,,,,,,,False,,3036083.0,3036533.0,,,
y1_d123_IOL_VAS,95.0,,,,,,,,False,,3139583.0,3140033.0,,,
y1_d123_IOL_VAS,96.0,,,,,,,,False,,3156883.0,3157333.0,,,
y1_d123_IOL_VAS,97.0,,,,,,,,False,,3249183.0,3249633.0,,,
y1_d123_IOL_VAS,98.0,,,0.65,,,,,False,,3267533.0,3267983.0,3268633.0,,
y1_d123_IOL_VAS,125.0,,,,,,,,False,,4189133.0,4189583.0,,,
y1_d123_IOL_VAS,134.0,,,,,,,,False,,4523733.0,4524183.0,,,
y1_d123_IOL_VAS,135.0,,,,,,,,False,,4540633.0,4541083.0,,,
y1_d123_IOL_VAS,170.0,,,,,,,,False,,5601033.0,5601533.0,,,
y1_d123_IOL_VAS,171.0,,,,,,,,False,,5618383.0,5618833.0,,,
y1_d123_IOL_VAS,172.0,,,,,,,,False,,5638283.0,5638783.0,,,
y1_d123_IOL_VAS,174.0,,,,,,,,False,,5693433.0,5693933.0,,,
y1_d123_IOL_VAS,176.0,,,,,,,,False,,5750383.0,5750883.0,,,
y1_d123_IOL_VAS,177.0,,,,,,,,False,,5767733.0,5768233.0,,,
y1_d123_IOL_VAS,178.0,,,,,,,,False,,5789133.0,5789683.0,,,
y1_d123_IOL_VAS,184.0,,,,,,,,False,,6046783.0,6047233.0,,,
y1_d123_IOL_VAS,185.0,,,,,,,,False,,6086933.0,6087433.0,,,
y1_d123_IOL_VAS,186.0,,,,,,,,False,,6103883.0,6104383.0,,,
y1_d123_IOL_VAS,209.0,,,,,,,,False,,6807483.0,6808033.0,,,
y1_d123_IOL_VAS,223.0,,,,,,,,False,,7277233.0,7277733.0,,,
y1_d123_IOL_VAS,224.0,,,,,,,,False,,7299333.0,7299883.0,,,
y1_d123_IOL_VAS,225.0,,,,,,,,False,,7325333.0,7325833.0,,,
y1_d123_IOL_VAS,226.0,,,,,,,,False,,7347483.0,7347983.0,,,
y1_d123_IOL_VAS,228.0,,,,,,,,False,,7412733.0,7413183.0,,,
y1_d123_IOL_VAS,229.0,,,,,,,,False,,7435533.0,7435983.0,,,
y1_d123_IOL_VAS,230.0,,,,,,,,False,,7458483.0,7458983.0,,,
y1_d123_IOL_VAS,239.0,,,,,,,,False,,7862233.0,7862683.0,,,
y1_d123_IOL_VAS,240.0,,,,,,,,False,,7880233.0,7880733.0,,,
y1_d123_IOL_VAS,246.0,,,,,,,,False,,8044283.0,8044733.0,,,
y1_d123_IOL_VAS,247.0,,,,,,,,False,,8082283.0,8082733.0,,,
y1_d123_IOL_VAS,248.0,,,,,,,,False,,8100933.0,8101383.0,,,
y1_d123_IOL_VAS,249.0,,,,,,,,False,,8125433.0,8125933.0,,,
y1_d123_IOL_VAS,250.0,,,,,,,,False,,8147833.0,8148333.0,,,
y1_d123_IOL_VAS,251.0,,,,,,,,False,,8169183.0,8169633.0,,,
y1_d123_IOL_VAS,295.0,,,,,,,,False,,9734533.0,9734983.0,,,
y1_d123_IOL_VAS,296.0,,,,,,,,False,,9759033.0,9759483.0,,,
y1_d123_IOL_VAS,297.0,,,,,,,,False,,9781133.0,9781633.0,,,
y1_d123_IOL_VAS,298.0,,,,,,,,False,,9822383.0,9822833.0,,,
y1_d123_IOL_VAS,299.0,,,,,,,,False,,9844783.0,9845283.0,,,
y1_d123_IOL_VAS,300.0,,,,,,,,False,,9867283.0,9867783.0,,,
y1_d123_MSE_ANI,15.0,,,,,,,,False,,514895.0,515495.0,,,
y1_d123_MSE_ANI,17.0,,,,,,,,False,,561795.0,562245.0,,,
y1_d123_MSE_ANI,18.0,,,,,,,,False,,585945.0,586495.0,,,
y1_d123_MSE_ANI,19.0,,,,,,,,False,,636545.0,637045.0,,,
y1_d123_MSE_ANI,51.0,,,,,,,,False,,1811095.0,1811545.0,,,
y1_d123_MSE_ANI,52.0,,,,,,,,False,,1829645.0,1830095.0,,,
y1_d123_MSE_ANI,53.0,,,,,,,,False,,1869395.0,1869845.0,,,
y1_d123_MSE_ANI,54.0,,,,,,,,False,,1892645.0,1893095.0,,,
y1_d123_MSE_ANI,55.0,,,,,,,,False,,1911295.0,1911795.0,,,
y1_d123_MSE_ANI,128.0,,,,,,,,False,,4308045.0,4308545.0,,,
y1_d123_MSE_ANI,129.0,,,,,,,,False,,4332945.0,4333445.0,,,
y1_d123_MSE_ANI,132.0,Safe,,,,,,,False,,4431945.0,4432495.0,,,
y1_d123_MSE_ANI,175.0,,,,,,,,False,,6210545.0,6211045.0,,,
y1_d123_MSE_ANI,179.0,,,,,,,,False,,6321395.0,6321945.0,,,
y1_d123_MSE_ANI,196.0,,,,,,,,False,,7027445.0,7027895.0,,,
y1_d123_MSE_ANI,201.0,,,,,,,,False,,7171545.0,7171995.0,,,
y1_d123_MSE_ANI,203.0,,,,,,,,False,,7216495.0,7216995.0,,,
y1_d123_MSE_ANI,209.0,,,,,,,,False,,7560145.0,7560645.0,,,
y1_d123_MSE_ANI,211.0,,,,,,,,False,,7617345.0,7617845.0,,,
y1_d123_MSE_ANI,212.0,,,,,,,,False,,7807695.0,7808195.0,,,
y1_d123_MSE_ANI,213.0,,,,,,,,False,,7834545.0,7835095.0,,,
y1_d123_MSE_ANI,223.0,,,,,,,,False,,8239245.0,8239745.0,,,
y1_d123_MSE_ANI,234.0,,,,,,,,False,,8569345.0,8569795.0,,,
y1_d123_MSE_ANI,240.0,,,,,,,,False,,8851395.0,8851845.0,,,
y1_d123_MSE_ANI,241.0,,,,,,,,False,,8874445.0,8874895.0,,,
y1_d123_MSE_ANI,243.0,,,,,,,,False,,8926595.0,8927145.0,,,
y1_d123_MSE_ANI,244.0,,,,,,,,False,,8948645.0,8949095.0,,,
y1_d123_MSE_ANI,245.0,,,,,,,,False,,8969095.0,8969595.0,,,
y1_d123_MSE_ANI,248.0,,,,,,,,False,,9193245.0,9193695.0,,,
y1_d123_MSE_ANI,249.0,,,,,,,,False,,9212395.0,9212845.0,,,
y1_d123_MSE_ANI,250.0,,,,,,,,False,,9234695.0,9235145.0,,,
y1_d123_MSE_ANI,251.0,,,,,,,,False,,9253645.0,9254195.0,,,
y1_d123_MSE_ANI,252.0,,,,,,,,False,,9276345.0,9276795.0,,,
y1_d123_MSE_ANI,304.0,,,,,,,,False,,11136845.0,11137345.0,,,
y1_d123_MSE_ANI,313.0,,,,,,,,False,,11448195.0,11448695.0,,,
y1_d123_MSE_ANI,314.0,,,,,,,,False,,11469595.0,11470095.0,,,
y1_d123_MSE_ANI,315.0,,,,,,,,False,,11492945.0,11493445.0,,,
y1_d123_MSE_ANI,317.0,,,,,,,,False,,11539695.0,11540195.0,,,
y1_d123_MSE_ANI,319.0,,,,,,,,False,,11601295.0,11601795.0,,,
y1_d124_MSE_ANI,24.0,,,,,,,,False,,793362.0,793857.0,,,
y1_d124_MSE_ANI,25.0,,,,,,,,False,,814845.0,815307.0,,,
y1_d124_MSE_ANI,26.0,,,,,,,,False,,836691.0,837153.0,,,
y1_d124_MSE_ANI,28.0,,1.749,0.693,1.056,81.31361574037219,80.56124143326524,74.3710965871073,True,5.722768263083155,895530.0,897081.0,897774.0,898830.0,33
y1_d124_MSE_ANI,29.0,,,,,,,,False,,948231.0,948693.0,,,
y1_d124_MSE_ANI,42.0,,,,,,,,False,,1389277.0,1389739.0,,,
y1_d124_MSE_ANI,50.0,,,,,,,,False,,1656874.0,1657369.0,,,
y1_d124_MSE_ANI,69.0,,,,,,,,False,,2373932.0,2374394.0,,,
y1_d124_MSE_ANI,70.0,,,,,,,,False,,2396834.0,2397296.0,,,
y1_d124_MSE_ANI,72.0,,,,,,,,False,,2454056.0,2454518.0,,,
y1_d124_MSE_ANI,75.0,,,,,,,,False,,2529362.0,2529857.0,,,
y1_d124_MSE_ANI,76.0,,,,,,,,False,,2557610.0,2558072.0,,,
y1_d124_MSE_ANI,118.0,,,,,,,,False,,4086534.0,4087029.0,,,
y1_d124_MSE_ANI,119.0,,,,,,,,False,,4116564.0,4117026.0,,,
y1_d124_MSE_ANI,120.0,,,,,,,,False,,4141645.0,4142107.0,,,
y1_d124_MSE_ANI,121.0,,,,,,,,False,,4168243.0,4168771.0,,,
y1_d124_MSE_ANI,123.0,,,,,,,,False,,4226785.0,4227247.0,,,
y1_d124_MSE_ANI,141.0,,,,,,,,False,,4809598.0,4810060.0,,,
y1_d124_MSE_ANI,142.0,,,,,,,,False,,4834414.0,4834876.0,,,
y1_d124_MSE_ANI,154.0,,,,,,,,False,,5231900.0,5235695.0,,,
y1_d124_MSE_ANI,155.0,,,,,,,,False,,5266154.0,5266649.0,,,
y1_d124_MSE_ANI,157.0,,,,,,,,False,,5321957.0,5322452.0,,,
y1_d124_MSE_ANI,158.0,,,,,,,,False,,5352680.0,5353142.0,,,
y1_d124_MSE_ANI,169.0,,,,,,,,False,,5868008.0,5868536.0,,,
y1_d124_MSE_ANI,172.0,,,,,,,,False,,5923943.0,5924438.0,,,
y1_d124_MSE_ANI,180.0,,,,,,,,False,,6284304.0,6284766.0,,,
y1_d124_MSE_ANI,182.0,,,,,,,,False,,6360732.0,6361194.0,,,
y1_d124_MSE_ANI,183.0,,,,,,,,False,,6382347.0,6382842.0,,,
y1_d124_MSE_ANI,187.0,,,,,,,,False,,6600774.0,6601269.0,,,
y1_d124_MSE_ANI,188.0,,,,,,,,False,,6624699.0,6625227.0,,,
y1_d124_MSE_ANI,207.0,,,,,,,,False,,7242955.0,7243483.0,,,
y1_d124_MSE_ANI,208.0,,,,,,,,False,,7263844.0,7264339.0,,,
y1_d124_MSE_ANI,216.0,,,,,,,,False,,7710235.0,7710730.0,,,
y1_d124_MSE_ANI,219.0,,,,,,,,False,,7794484.0,7795045.0,,,
y1_d124_MSE_ANI,220.0,,,,,,,,False,,7831048.0,7831543.0,,,
y1_d124_MSE_ANI,221.0,,,,,,,,False,,7852465.0,7852993.0,,,
y1_d124_MSE_ANI,223.0,,,,,,,,False,,7903483.0,7904011.0,,,
y1_d124_MSE_ANI,242.0,,,,,,,,False,,8661725.0,8662220.0,,,
y1_d124_MSE_ANI,264.0,,,,,,,,False,,9636381.0,9636843.0,,,
y1_d124_MSE_ANI,267.0,,,,,,,,False,,9719508.0,9720003.0,,,
y1_d124_MSE_ANI,277.0,,,,,,,,False,,10123032.0,10123494.0,,,
y1_d124_MSE_ANI,278.0,,,,,,,,False,,10146133.0,10146694.0,,,
y1_d124_MSE_ANI,280.0,,,,,,,,False,,10278232.0,10278727.0,,,
y1_d124_MSE_ANI,332.0,,,,,,,,False,,12216984.0,12217479.0,,,
y1_d124_MSE_ANI,333.0,,,,,,,,False,,12240216.0,12240711.0,,,
y1_d124_MSE_ANI,335.0,,,,,,,,False,,12320142.0,12320637.0,,,
y1_d124_MSE_ANI,337.0,,,,,,,,False,,12363273.0,12363735.0,,,
y1_d124_MSE_ANI,338.0,,,,,,,,False,,12387759.0,12388254.0,,,
y1_d124_MSE_ANI,341.0,,,,,,,,False,,12467256.0,12467718.0,,,
y1_d124_MSE_ANI,342.0,,,,,,,,False,,12489795.0,12490290.0,,,
y1_d124_MSE_ANI,343.0,,,,,,,,False,,12522630.0,12523059.0,,,
y1_d124_MSE_ANI,345.0,,,,,,,,False,,12570645.0,12571107.0,,,
y1_d124_MSE_ANI,346.0,,,,,,,,False,,12592293.0,12592755.0,,,
y1_d124_MSE_ANI,347.0,,,,,,,,False,,12623610.0,12624105.0,,,
y1_d124_MSE_ANI,349.0,,,,,,,,False,,12677961.0,12678456.0,,,
y1_d124_VAS_PHD,11.0,,,,,,,,False,,261106.0,261556.0,,,
y1_d124_VAS_PHD,52.0,,,,,,,,False,,1593706.0,1594156.0,,,
y1_d124_VAS_PHD,54.0,,,,,,,,False,,1654856.0,1655306.0,,,
y1_d124_VAS_PHD,55.0,,,,,,,,False,,1670256.0,1670756.0,,,
y1_d124_VAS_PHD,69.0,Safe,1.9,0.7,1.2,77.44820285768664,76.65818866297185,70.18599736049873,True,5.35672232881019,2273106.0,2273606.0,2274306.0,2275506.0,25
y1_d124_VAS_PHD,82.0,,,,,,,,False,,2698956.0,2699456.0,,,
y1_d124_VAS_PHD,83.0,,,,,,,,False,,2720756.0,2721256.0,,,
y1_d124_VAS_PHD,87.0,,,,,,,,False,,2805756.0,2806206.0,,,
y1_d124_VAS_PHD,88.0,,,,,,,,False,,2830406.0,2830856.0,,,
y1_d124_VAS_PHD,91.0,,,,,,,,False,,2904556.0,2905006.0,,,
y1_d124_VAS_PHD,92.0,,,,,,,,False,,2929106.0,2929556.0,,,
y1_d124_VAS_PHD,93.0,,1.9,0.7,1.2,80.4335861712576,79.55367308543443,72.26928988557923,True,2.85928162109859,2950006.0,2950506.0,2951206.0,2952406.0,25
y1_d124_VAS_PHD,94.0,,,,,,,,False,,2983106.0,2983706.0,,,
y1_d124_VAS_PHD,95.0,,,,,,,,False,,3003506.0,3004006.0,,,
y1_d124_VAS_PHD,129.0,,,,,,,,False,,4188456.0,4189006.0,,,
y1_d124_VAS_PHD,133.0,,,,,,,,False,,4256106.0,4256606.0,,,
y1_d124_VAS_PHD,135.0,,,,,,,,False,,4302556.0,4303056.0,,,
y1_d124_VAS_PHD,138.0,,,,,,,,False,,4390406.0,4390956.0,,,
y1_d124_VAS_PHD,139.0,,,,,,,,False,,4409056.0,4409606.0,,,
y1_d124_VAS_PHD,141.0,,,,,,,,False,,4469056.0,4470906.0,,,
y1_d124_VAS_PHD,142.0,,,,,,,,False,,4503856.0,4504356.0,,,
y1_d124_VAS_PHD,143.0,,,,,,,,False,,4530006.0,4530556.0,,,
y1_d124_VAS_PHD,161.0,,,,,,,,False,,5116606.0,5117106.0,,,
y1_d124_VAS_PHD,183.0,,,,,,,,False,,5909306.0,5909806.0,,,
y1_d124_VAS_PHD,185.0,,,,,,,,False,,5943306.0,5943856.0,,,
y1_d124_VAS_PHD,186.0,,,,,,,,False,,5971706.0,5972206.0,,,
y1_d124_VAS_PHD,187.0,,,,,,,,False,,5989356.0,5989856.0,,,
y1_d124_VAS_PHD,190.0,,,,,,,,False,,6083606.0,6084106.0,,,
y1_d124_VAS_PHD,191.0,,,,,,,,False,,6101006.0,6101606.0,,,
y1_d124_VAS_PHD,193.0,Safe,1.85,0.65,1.2,76.88058534268657,76.0890221791435,69.52116453295321,True,3.6343552092562423,6144456.0,6144956.0,6145606.0,6146806.0,25
y1_d124_VAS_PHD,234.0,,,,,,,,False,,7627556.0,7628056.0,,,
y1_d124_VAS_PHD,235.0,,,,,,,,False,,7647006.0,7647506.0,,,
y1_d124_VAS_PHD,236.0,,,,,,,,False,,7667756.0,7668256.0,,,
y1_d124_VAS_PHD,237.0,,,,,,,,False,,7686306.0,7686806.0,,,
y1_d124_VAS_PHD,241.0,,,,,,,,False,,7826606.0,7827106.0,,,
y1_d124_VAS_PHD,242.0,,,,,,,,False,,7846206.0,7846756.0,,,
y1_d125_MEX_ANI,6.0,,,,,,,,False,,213936.0,214436.0,,,
y1_d125_MEX_ANI,7.0,,,,,,,,False,,235036.0,235486.0,,,
y1_d125_MEX_ANI,9.0,,,,,,,,False,,280286.0,280786.0,,,
y1_d125_MEX_ANI,12.0,,,,,,,,False,,346636.0,347086.0,,,
y1_d125_MEX_ANI,13.0,,,,,,,,False,,369836.0,370386.0,,,
y1_d125_MEX_ANI,30.0,,,,,,,,False,,833736.0,834236.0,,,
y1_d125_MEX_ANI,34.0,,,,,,,,False,,925136.0,925686.0,,,
y1_d125_MEX_ANI,35.0,,,,,,,,False,,947936.0,948436.0,,,
y1_d125_MEX_ANI,37.0,,,,,,,,False,,1000636.0,1001186.0,,,
y1_d125_MEX_ANI,75.0,,,,,,,,False,,2284636.0,2285136.0,,,
y1_d125_MEX_ANI,76.0,,,,,,,,False,,2305936.0,2306436.0,,,
y1_d125_MEX_ANI,77.0,,,,,,,,False,,2329486.0,2330036.0,,,
y1_d125_MEX_ANI,78.0,,,,,,,,False,,2356386.0,2356936.0,,,
y1_d125_MEX_ANI,79.0,,,,,,,,False,,2387136.0,2387686.0,,,
y1_d125_MEX_ANI,80.0,,,,,,,,False,,2414736.0,2415236.0,,,
y1_d125_MEX_ANI,81.0,,,,,,,,False,,2443536.0,2444036.0,,,
y1_d125_MEX_ANI,82.0,,,,,,,,False,,2482636.0,2483186.0,,,
y1_d125_MEX_ANI,83.0,,,,,,,,False,,2502936.0,2503386.0,,,
y1_d125_MEX_ANI,84.0,,,,,,,,False,,2527336.0,2527836.0,,,
y1_d125_MEX_ANI,85.0,,,,,,,,False,,2551636.0,2552086.0,,,
y1_d125_MEX_ANI,86.0,,,,,,,,False,,2577186.0,2577636.0,,,
y1_d125_MEX_ANI,88.0,,,,,,,,False,,2630536.0,2631036.0,,,
y1_d125_MEX_ANI,93.0,,,,,,,,False,,2875336.0,2875836.0,,,
y1_d125_MEX_ANI,94.0,,,,,,,,False,,2895736.0,2896336.0,,,
y1_d125_MEX_ANI,96.0,,,,,,,,False,,2927936.0,2928486.0,,,
y1_d125_MEX_ANI,116.0,,,,,,,,False,,3547386.0,3547836.0,,,
y1_d125_MEX_ANI,118.0,,,,,,,,False,,3613886.0,3614486.0,,,
y1_d125_MEX_ANI,119.0,,,,,,,,False,,3634036.0,3634536.0,,,
y1_d125_MEX_ANI,120.0,,,,,,,,False,,3660986.0,3661536.0,,,
y1_d125_MEX_ANI,122.0,,,,,,,,False,,3730936.0,3731436.0,,,
y1_d125_MEX_ANI,129.0,,,,,,,,False,,4059136.0,4059586.0,,,
y1_d125_MEX_ANI,131.0,,,,,,,,False,,4114436.0,4114936.0,,,
y1_d125_MEX_ANI,133.0,,,,,,,,False,,4165436.0,4165886.0,,,
y1_d125_MEX_ANI,134.0,,,,,,,,False,,4187436.0,4187936.0,,,
y1_d125_MEX_ANI,138.0,,,,,,,,False,,4369986.0,4370486.0,,,
y1_d125_MEX_ANI,139.0,,,,,,,,False,,4404236.0,4404736.0,,,
y1_d125_MEX_ANI,140.0,,,,,,,,False,,4429986.0,4430486.0,,,
y1_d125_MEX_ANI,148.0,Safe,1.9,0.7,1.2,78.98216500101263,78.30385081286435,72.91483349934416,True,2.877451384553981,4714836.0,4715286.0,4715986.0,4717186.0,25
y1_d125_MEX_ANI,181.0,,,,,,,,False,,5747836.0,5748336.0,,,
y1_d125_MEX_ANI,183.0,,,,,,,,False,,5796136.0,5796636.0,,,
y1_d125_MEX_ANI,184.0,,,,,,,,False,,5818686.0,5819136.0,,,
y1_d125_MEX_ANI,210.0,,,,,,,,False,,6741736.0,6742186.0,,,
y1_d125_MEX_ANI,212.0,,,,,,,,False,,6790836.0,6791286.0,,,
y1_d125_MEX_ANI,214.0,,,,,,,,False,,6848786.0,6849286.0,,,
y1_d125_MEX_ANI,216.0,,,,,,,,False,,6905586.0,6906036.0,,,
y1_d125_MEX_ANI,226.0,,,,,,,,False,,7291336.0,7291936.0,,,
y1_d125_MEX_ANI,260.0,,,,,,,,False,,8594386.0,8594836.0,,,
y1_d125_MEX_ANI,261.0,,,,,,,,False,,8613486.0,8614036.0,,,
y1_d125_MEX_ANI,277.0,,,,,,,,False,,9116336.0,9116786.0,,,
y1_d125_MEX_ANI,278.0,,,,,,,,False,,9135886.0,9136336.0,,,
y1_d125_MEX_ANI,279.0,,,,,,,,False,,9157686.0,9158236.0,,,
y1_d125_MEX_ANI,307.0,,,,,,,,False,,10224686.0,10225136.0,,,
y1_d125_MEX_ANI,308.0,,,,,,,,False,,10246886.0,10247386.0,,,
y1_d125_MEX_ANI,309.0,,,,,,,,False,,10267536.0,10268036.0,,,
y1_d125_MEX_ANI,310.0,,,,,,,,False,,10289086.0,10289586.0,,,
y1_d125_MEX_ANI,311.0,,,,,,,,False,,10315236.0,10315736.0,,,
y1_d125_MEX_ANI,321.0,,,,,,,,False,,10703186.0,10703636.0,,,
y1_d125_MEX_ANI,322.0,,,,,,,,False,,10724986.0,10725486.0,,,
y1_d125_MEX_ANI,323.0,,,,,,,,False,,10765786.0,10766236.0,,,
y1_d125_MEX_ANI,324.0,,,,,,,,False,,10808886.0,10809336.0,,,
y1_d125_MEX_ANI,325.0,,,,,,,,False,,10833286.0,10833786.0,,,
y1_d125_MEX_ANI,338.0,,,,,,,,False,,11298486.0,11298936.0,,,
y1_d125_MEX_ANI,339.0,,,,,,,,False,,11318686.0,11319136.0,,,
y1_d125_MEX_ANI,340.0,,,,,,,,False,,11340436.0,11340886.0,,,
y1_d125_NWM_ARN,17.0,,,,,,,,False,,450646.0,451146.0,,,
y1_d125_NWM_ARN,18.0,,,,,,,,False,,473446.0,473896.0,,,
y1_d125_NWM_ARN,98.0,,,,,,,,False,,3380646.0,3381146.0,,,
y1_d125_NWM_ARN,99.0,,,,,,,,False,,3406096.0,3406546.0,,,
y1_d125_NWM_ARN,100.0,,,,,,,,False,,3429696.0,3430196.0,,,
y1_d125_NWM_ARN,104.0,,,,,,,,False,,3515496.0,3515996.0,,,
y1_d125_NWM_ARN,105.0,,,,,,,,False,,3540046.0,3540546.0,,,
y1_d125_NWM_ARN,172.0,,,,,,,,False,,5784796.0,5785296.0,,,
y1_d125_NWM_ARN,174.0,,,,,,,,False,,5820596.0,5821046.0,,,
y1_d125_NWM_ARN,175.0,,,,,,,,False,,5845646.0,5846096.0,,,
y1_d125_NWM_ARN,177.0,,,,,,,,False,,5910546.0,5911046.0,,,
y1_d125_NWM_ARN,179.0,,,,,,,,False,,5949446.0,5949896.0,,,
y1_d125_NWM_ARN,180.0,,,,,,,,False,,5973296.0,5973846.0,,,
y1_d125_NWM_ARN,183.0,,,,,,,,False,,6087446.0,6087896.0,,,
y1_d125_NWM_ARN,184.0,,,,,,,,False,,6112996.0,6113496.0,,,
y1_d125_NWM_ARN,186.0,,,,,,,,False,,6170046.0,6170496.0,,,
y1_d125_NWM_ARN,214.0,,,,,,,,False,,7157496.0,7158046.0,,,
y1_d125_NWM_ARN,216.0,,,,,,,,False,,7245996.0,7246446.0,,,
y1_d125_NWM_ARN,218.0,,,,,,,,False,,7302546.0,7302996.0,,,
y1_d125_NWM_ARN,246.0,,,,,,,,False,,8386046.0,8386596.0,,,
y1_d125_NWM_ARN,249.0,"Out (inning-ending, verify)",1.9,0.65,1.25,77.3420262636288,76.60733840780614,69.31424644051397,True,2.241892164712466,8439296.0,8439746.0,8440396.0,8441646.0,26
y1_d125_NWM_ARN,257.0,,,,,,,,False,,8785546.0,8785996.0,,,
y1_d125_NWM_ARN,258.0,,,,,,,,False,,8802946.0,8803396.0,,,
y1_d125_NWM_ARN,259.0,,,0.6,,,,,False,,8820396.0,8820846.0,8821446.0,,
y1_d125_NWM_ARN,263.0,,,,,,,,False,,8898096.0,8898546.0,,,
y1_d125_NWM_ARN,281.0,,,,,,,,False,,9778696.0,9779196.0,,,
y1_d125_NWM_ARN,282.0,,,,,,,,False,,9799196.0,9799696.0,,,
y1_d125_NWM_ARN,283.0,,,1.75,,,,,False,,9820346.0,9820846.0,9822596.0,,
y1_d125_NWM_ARN,284.0,,,,,,,,False,,9850496.0,9850996.0,,,
y1_d125_VAS_PHD,3.0,,,,,,,,False,,72658.0,73158.0,,,
y1_d125_VAS_PHD,4.0,,,,,,,,False,,93308.0,93808.0,,,
y1_d125_VAS_PHD,8.0,,,,,,,,False,,192608.0,193058.0,,,
y1_d125_VAS_PHD,9.0,,,,,,,,False,,212408.0,212908.0,,,
y1_d125_VAS_PHD,45.0,,,,,,,,False,,1272458.0,1272958.0,,,
y1_d125_VAS_PHD,48.0,,,,,,,,False,,1338058.0,1338508.0,,,
y1_d125_VAS_PHD,49.0,,,,,,,,False,,1359358.0,1359958.0,,,
y1_d125_VAS_PHD,60.0,,2.1,0.9,1.2,76.84982746895271,76.11089935002843,70.15530897350311,True,1.0070130643711672,1791508.0,1793658.0,1794558.0,1795758.0,25
y1_d125_VAS_PHD,74.0,,,,,,,,False,,2269158.0,2269608.0,,,
y1_d125_VAS_PHD,77.0,,,,,,,,False,,2352258.0,2352758.0,,,
y1_d125_VAS_PHD,78.0,,,,,,,,False,,2372408.0,2372908.0,,,
y1_d125_VAS_PHD,80.0,,,,,,,,False,,2431958.0,2432458.0,,,
y1_d125_VAS_PHD,81.0,,,,,,,,False,,2458008.0,2458458.0,,,
y1_d125_VAS_PHD,83.0,,,,,,,,False,,2488508.0,2489008.0,,,
y1_d125_VAS_PHD,84.0,,,,,,,,False,,2511158.0,2511658.0,,,
y1_d125_VAS_PHD,106.0,,,,,,,,False,,3247058.0,3247608.0,,,
y1_d125_VAS_PHD,107.0,,,,,,,,False,,3266558.0,3267058.0,,,
y1_d125_VAS_PHD,108.0,,,,,,,,False,,3285458.0,3285908.0,,,
y1_d125_VAS_PHD,131.0,,,,,,,,False,,4063758.0,4064258.0,,,
y1_d125_VAS_PHD,132.0,,,,,,,,False,,4081858.0,4082358.0,,,
y1_d125_VAS_PHD,134.0,,,,,,,,False,,4118208.0,4118658.0,,,
y1_d125_VAS_PHD,149.0,,,,,,,,False,,4695308.0,4695808.0,,,
y1_d125_VAS_PHD,151.0,,,,,,,,False,,4741158.0,4741708.0,,,
y1_d125_VAS_PHD,154.0,,,,,,,,False,,4849408.0,4849958.0,,,
y1_d125_VAS_PHD,159.0,,,,,,,,False,,5018108.0,5018708.0,,,
y1_d125_VAS_PHD,166.0,,,,,,,,False,,5283358.0,5283908.0,,,
y1_d125_VAS_PHD,184.0,,,,,,,,False,,5958608.0,5959058.0,,,
y1_d125_VAS_PHD,185.0,,,,,,,,False,,5977258.0,5977758.0,,,
y1_d125_VAS_PHD,187.0,,,,,,,,False,,6015658.0,6016158.0,,,
y1_d125_VAS_PHD,191.0,,,,,,,,False,,6149408.0,6149858.0,,,
y1_d125_VAS_PHD,192.0,,,,,,,,False,,6170758.0,6171308.0,,,
y1_d125_VAS_PHD,196.0,,,,,,,,False,,6287258.0,6287758.0,,,
y1_d125_VAS_PHD,197.0,,,,,,,,False,,6302658.0,6303108.0,,,
y1_d125_VAS_PHD,198.0,,,,,,,,False,,6321408.0,6321958.0,,,
y1_d125_VAS_PHD,199.0,,,,,,,,False,,6337758.0,6338258.0,,,
y1_d125_VAS_PHD,201.0,,,,,,,,False,,6405758.0,6406358.0,,,
y1_d125_VAS_PHD,202.0,,,,,,,,False,,6422458.0,,,,
y1_d125_VAS_PHD,204.0,,,,,,,,False,,6484358.0,6484858.0,,,
y1_d125_VAS_PHD,216.0,,,,,,,,False,,6873458.0,6873958.0,,,
y1_d125_VAS_PHD,218.0,,,,,,,,False,,6918058.0,6918508.0,,,
y1_d125_VAS_PHD,219.0,,,,,,,,False,,6934158.0,6934658.0,,,
y1_d125_VAS_PHD,220.0,,,,,,,,False,,6953858.0,6954358.0,,,
y1_d125_VAS_PHD,222.0,,,,,,,,False,,7026508.0,7026958.0,,,
y1_d125_VAS_PHD,223.0,,,,,,,,False,,7059658.0,7060158.0,,,
y1_d125_VAS_PHD,227.0,,,,,,,,False,,7215808.0,7216358.0,,,
y1_d125_VAS_PHD,230.0,,,,,,,,False,,7461458.0,7461958.0,,,
y1_d125_VAS_PHD,234.0,,,,,,,,False,,7597758.0,7598308.0,,,
y1_d125_VAS_PHD,242.0,,,,,,,,False,,7925408.0,7925908.0,,,
y1_d125_VAS_PHD,243.0,,,,,,,,False,,7941008.0,7941458.0,,,
y1_d125_VAS_PHD,244.0,,,,,,,,False,,7958008.0,7958508.0,,,
y1_d125_VAS_PHD,245.0,,,,,,,,False,,7974508.0,7975008.0,,,
y1_d125_VAS_PHD,256.0,,,,,,,,False,,8488058.0,8488558.0,,,
y1_d125_VAS_PHD,257.0,,,,,,,,False,,8514858.0,8515358.0,,,
y1_d125_VAS_PHD,258.0,,,,,,,,False,,8532358.0,8532808.0,,,
y1_d125_VAS_PHD,261.0,,,,,,,,False,,8607458.0,8607908.0,,,
y1_d125_VAS_PHD,262.0,,,,,,,,False,,8626058.0,8626508.0,,,
y1_d125_VAS_PHD,286.0,,,,,,,,False,,9371858.0,9372358.0,,,
y1_d125_VAS_PHD,287.0,,,,,,,,False,,9391558.0,9392058.0,,,
y1_d125_VAS_PHD,288.0,,,,,,,,False,,9419758.0,9420208.0,,,
y1_d125_VAS_PHD,290.0,,,,,,,,False,,9474908.0,9475458.0,,,
y1_d125_VAS_PHD,292.0,,,,,,,,False,,9539558.0,9540008.0,,,
y1_d125_VAS_PHD,300.0,,,,,,,,False,,9854708.0,9855208.0,,,
y1_d125_VAS_PHD,301.0,,,,,,,,False,,9876758.0,9877358.0,,,
y1_d125_VAS_PHD,302.0,,,,,,,,False,,9897558.0,9898158.0,,,
y1_d125_VAS_PHD,303.0,,,,,,,,False,,10173258.0,10173708.0,,,
y1_d125_VAS_PHD,304.0,,,,,,,,False,,10193808.0,10194258.0,,,
y1_d125_VAS_PHD,305.0,,,,,,,,False,,10213908.0,10214408.0,,,
y1_d125_VAS_PHD,306.0,,,,,,,,False,,10233008.0,10233458.0,,,
y1_d125_VAS_PHD,307.0,,,,,,,,False,,10251458.0,10251908.0,,,
y1_d125_VAS_PHD,310.0,,,,,,,,False,,10324608.0,10325108.0,,,
y1_d125_VAS_PHD,317.0,,,,,,,,False,,10641408.0,10644908.0,,,
y1_d125_VAS_PHD,318.0,,,,,,,,False,,10677708.0,10678258.0,,,
y1_d125_VAS_PHD,328.0,,,,,,,,False,,10979808.0,10980308.0,,,
y1_d125_VAS_PHD,337.0,,,,,,,,False,,11318058.0,11318608.0,,,
y1_d125_VAS_PHD,339.0,,,,,,,,False,,11343458.0,11343908.0,,,
y1_d125_VAS_PHD,341.0,,,,,,,,False,,11376208.0,11376908.0,,,
y1_d126_MEX_ANI,65.0,,,,,,,,False,,1932114.0,1932614.0,,,
y1_d126_MEX_ANI,66.0,,,,,,,,False,,1956664.0,1957214.0,,,
y1_d126_MEX_ANI,69.0,,,,,,,,False,,2041014.0,2041564.0,,,
y1_d126_MEX_ANI,70.0,"Out (inning-ending, verify)",2.05,0.8,1.25,73.98230652352146,73.3639045415613,68.54561843563104,True,2.598130740890368,2070164.0,2070614.0,2071414.0,2072664.0,26
y1_d126_MEX_ANI,87.0,,,,,,,,False,,2737964.0,2738414.0,,,
y1_d126_MEX_ANI,89.0,,,,,,,,False,,2786264.0,2786764.0,,,
y1_d126_MEX_ANI,90.0,,,,,,,,False,,2810364.0,2810814.0,,,
y1_d126_MEX_ANI,113.0,,,,,,,,False,,3710314.0,3710814.0,,,
y1_d126_MEX_ANI,115.0,,,,,,,,False,,3760764.0,3761214.0,,,
y1_d126_MEX_ANI,136.0,,,,,,,,False,,4313014.0,4313464.0,,,
y1_d126_MEX_ANI,137.0,,,,,,,,False,,4352614.0,4353064.0,,,
y1_d126_MEX_ANI,175.0,,,,,,,,False,,5878564.0,5879014.0,,,
y1_d126_MEX_ANI,176.0,,,,,,,,False,,5891964.0,5892414.0,,,
y1_d126_MEX_ANI,177.0,,,,,,,,False,,5908064.0,5908514.0,,,
y1_d126_MEX_ANI,178.0,,,,,,,,False,,5931664.0,5932164.0,,,
y1_d126_MEX_ANI,179.0,,,,,,,,False,,5948814.0,5949314.0,,,
y1_d126_MEX_ANI,189.0,,,,,,,,False,,6502864.0,6503364.0,,,
y1_d126_MEX_ANI,190.0,,,,,,,,False,,6517764.0,6518214.0,,,
y1_d126_MEX_ANI,192.0,,,,,,,,False,,6561664.0,6562114.0,,,
y1_d126_MEX_ANI,193.0,,,,,,,,False,,6579064.0,6579514.0,,,
y1_d126_MEX_ANI,194.0,,,,,,,,False,,6596764.0,6597214.0,,,
y1_d126_MEX_ANI,202.0,,,,,,,,False,,6961814.0,6962364.0,,,
y1_d126_MEX_ANI,203.0,,,,,,,,False,,6983164.0,6983714.0,,,
y1_d126_MEX_ANI,204.0,,,,,,,,False,,7008814.0,7009364.0,,,
y1_d126_MEX_ANI,205.0,,,,,,,,False,,7037814.0,7038364.0,,,
y1_d126_MEX_ANI,206.0,,,,,,,,False,,7056514.0,7056964.0,,,
y1_d126_MEX_ANI,207.0,,,,,,,,False,,7075464.0,7075964.0,,,
y1_d126_MEX_ANI,208.0,,,,,,,,False,,7097164.0,7097664.0,,,
y1_d126_MEX_ANI,209.0,,,,,,,,False,,7115114.0,7115564.0,,,
y1_d126_MEX_ANI,215.0,,,,,,,,False,,7395164.0,7395664.0,,,
y1_d126_MEX_ANI,245.0,,,,,,,,False,,8305714.0,8306214.0,,,
y1_d126_MEX_ANI,274.0,,,,,,,,False,,9314514.0,9314964.0,,,
y1_d126_MEX_ANI,275.0,,,,,,,,False,,9329614.0,9330164.0,,,
y1_d126_MEX_ANI,276.0,,,,,,,,False,,9425614.0,9426114.0,,,
y1_d126_MEX_ANI,277.0,,,,,,,,False,,9441564.0,9442014.0,,,
y1_d126_MEX_ANI,278.0,,,,,,,,False,,9460114.0,9460564.0,,,
y1_d126_MEX_ANI,287.0,,,,,,,,False,,9741114.0,9741614.0,,,
y1_d126_MEX_ANI,288.0,,,,,,,,False,,9759264.0,9759764.0,,,
y1_d126_MEX_ANI,289.0,,,,,,,,False,,9780964.0,9781414.0,,,
y1_d126_MEX_ANI,290.0,,,,,,,,False,,9798764.0,9799264.0,,,
y1_d126_MEX_ANI,313.0,,,,,,,,False,,10614764.0,10615214.0,,,
y1_d126_MEX_ANI,379.0,,,,,,,,False,,12519714.0,12520214.0,,,
y1_d126_MEX_ANI,380.0,,,,,,,,False,,12536414.0,12536914.0,,,
y1_d126_MEX_ANI,381.0,,,,,,,,False,,12557664.0,,,,
y1_d126_MEX_ANI,383.0,,,,,,,,False,,12631064.0,12631514.0,,,
y1_d126_NWM_ARN,11.0,,,,,,,,False,,297758.0,298208.0,,,
y1_d126_NWM_ARN,12.0,,,,,,,,False,,314008.0,314508.0,,,
y1_d126_NWM_ARN,16.0,,,,,,,,False,,558858.0,559358.0,,,
y1_d126_NWM_ARN,18.0,,,,,,,,False,,622258.0,622708.0,,,
y1_d126_NWM_ARN,37.0,,,,,,,,False,,1367208.0,1367658.0,,,
y1_d126_NWM_ARN,44.0,,1.8,0.55,1.25,78.71702584579873,77.91355220198434,71.33199157136205,True,2.4315830699645677,1664558.0,1665058.0,1665608.0,1666858.0,26
y1_d126_NWM_ARN,64.0,,,,,,,,False,,2434908.0,2435358.0,,,
y1_d126_NWM_ARN,79.0,,,,,,,,False,,2952808.0,2953408.0,,,
y1_d126_NWM_ARN,80.0,,,,,,,,False,,2970158.0,2970658.0,,,
y1_d126_NWM_ARN,81.0,,,,,,,,False,,2990308.0,2990758.0,,,
y1_d126_NWM_ARN,106.0,,,,,,,,False,,3804558.0,3805058.0,,,
y1_d126_NWM_ARN,107.0,,,,,,,,False,,3825908.0,3826408.0,,,
y1_d126_NWM_ARN,178.0,,,,,,,,False,,6026058.0,6026508.0,,,
y1_d126_NWM_ARN,179.0,,,,,,,,False,,6051408.0,6051858.0,,,
y1_d126_NWM_ARN,195.0,,,,,,,,False,,6599308.0,6599758.0,,,
y1_d126_NWM_ARN,196.0,,,,,,,,False,,6628708.0,6629258.0,,,
y1_d126_NWM_ARN,197.0,,,,,,,,False,,6662708.0,6663258.0,,,
y1_d126_NWM_ARN,199.0,,,,,,,,False,,6746508.0,6747058.0,,,
y1_d126_NWM_ARN,200.0,,,,,,,,False,,6794758.0,6795258.0,,,
y1_d126_NWM_ARN,201.0,,,,,,,,False,,6833258.0,6833758.0,,,
y1_d126_NWM_ARN,202.0,,,,,,,,False,,6861558.0,6862058.0,,,
y1_d126_NWM_ARN,205.0,,,,,,,,False,,6947208.0,6947708.0,,,
y1_d126_NWM_ARN,211.0,,,,,,,,False,,7214058.0,7214508.0,,,
y1_d126_NWM_ARN,213.0,,,,,,,,False,,7282308.0,7282758.0,,,
y1_d126_NWM_ARN,214.0,,1.9,0.65,1.25,74.56661202236934,73.85581981462047,68.111628495171,True,2.483709439850793,7305358.0,7305808.0,7306458.0,7307708.0,26
y1_d126_NWM_ARN,215.0,,,,,,,,False,,7339008.0,7339458.0,,,
y1_d126_NWM_ARN,216.0,,,,,,,,False,,7357408.0,7357908.0,,,
y1_d126_NWM_ARN,228.0,,,,,,,,False,,7874908.0,7875408.0,,,
y1_d126_NWM_ARN,229.0,,,,,,,,False,,7892058.0,7892558.0,,,
y1_d126_NWM_ARN,230.0,,,1.6,,,,,False,,7910608.0,7911058.0,7912658.0,,
y1_d126_NWM_ARN,231.0,,,,,,,,False,,7937008.0,7937458.0,,,
y1_d127.5_NWM_ARN,15.0,,,,,,,,False,,447937.0,448498.0,,,
y1_d127.5_NWM_ARN,16.0,,,,,,,,False,,467902.0,468364.0,,,
y1_d127.5_NWM_ARN,17.0,,,,,,,,False,,490012.0,490573.0,,,
y1_d127.5_NWM_ARN,18.0,,,,,,,,False,,510373.0,510835.0,,,
y1_d127.5_NWM_ARN,20.0,,,,,,,,False,,559741.0,560203.0,,,
y1_d127.5_NWM_ARN,35.0,,,,,,,,False,,1038605.0,1039067.0,,,
y1_d127.5_NWM_ARN,36.0,,,,,,,,False,,1055600.0,1056128.0,,,
y1_d127.5_NWM_ARN,37.0,,,,,,,,False,,1074377.0,1074905.0,,,
y1_d127.5_NWM_ARN,55.0,,,,,,,,False,,1790478.0,1791072.0,,,
y1_d127.5_NWM_ARN,56.0,,,,,,,,False,,1809222.0,1809717.0,,,
y1_d127.5_NWM_ARN,100.0,,,,,,,,False,,3271420.0,3271948.0,,,
y1_d127.5_NWM_ARN,101.0,,,,,,,,False,,3292078.0,3292606.0,,,
y1_d127.5_NWM_ARN,102.0,,,,,,,,False,,3310294.0,3310789.0,,,
y1_d127.5_NWM_ARN,103.0,,,,,,,,False,,3328741.0,3329269.0,,,
y1_d127.5_NWM_ARN,104.0,,,,,,,,False,,3352402.0,3352930.0,,,
y1_d127.5_NWM_ARN,118.0,,,,,,,,False,,3917990.0,3918485.0,,,
y1_d127.5_NWM_ARN,119.0,,,,,,,,False,,3935810.0,3936305.0,,,
y1_d127.5_NWM_ARN,121.0,,,,,,,,False,,3979139.0,3979700.0,,,
y1_d127.5_NWM_ARN,122.0,,,,,,,,False,,3996365.0,3996827.0,,,
y1_d127.5_NWM_ARN,123.0,,,,,,,,False,,4016858.0,4017419.0,,,
y1_d127.5_NWM_ARN,151.0,,,,,,,,False,,4865718.0,4866279.0,,,
y1_d127.5_NWM_ARN,152.0,,,,,,,,False,,4887531.0,4888125.0,,,
y1_d127.5_NWM_ARN,153.0,,,,,,,,False,,4909278.0,4909740.0,,,
y1_d127.5_NWM_ARN,161.0,,,,,,,,False,,5191131.0,5191659.0,,,
y1_d127.5_NWM_ARN,162.0,,,,,,,,False,,5204826.0,5205354.0,,,
y1_d127.5_NWM_ARN,163.0,,,,,,,,False,,5221788.0,5222250.0,,,
y1_d127.5_NWM_ARN,165.0,,,,,,,,False,,5258913.0,5259441.0,,,
y1_d127.5_NWM_ARN,167.0,,,,,,,,False,,5315046.0,5315508.0,,,
y1_d127.5_NWM_ARN,239.0,,,,,,,,False,,7555451.0,7555946.0,,,
y1_d127.5_NWM_ARN,242.0,,,,,,,,False,,7638776.0,7639238.0,,,
y1_d127.5_NWM_ARN,243.0,,,,,,,,False,,7652075.0,7652636.0,,,
y1_d127.5_NWM_ARN,244.0,,,,,,,,False,,7673261.0,7673756.0,,,
y1_d127.5_NWM_ARN,245.0,,,,,,,,False,,7690355.0,7690850.0,,,
y1_d127.5_NWM_ARN,246.0,,,,,,,,False,,7707449.0,7707944.0,,,
y1_d127.5_NWM_ARN,247.0,,,,,,,,False,,7726788.0,7727250.0,,,
y1_d127.5_NWM_ARN,249.0,,,,,,,,False,,7780710.0,7781304.0,,,
y1_d127.5_NWM_ARN,250.0,,,,,,,,False,,7801698.0,7802292.0,,,
y1_d127.5_NWM_ARN,251.0,,,,,,,,False,,7819155.0,7819683.0,,,
y1_d127.5_NWM_ARN,263.0,,,,,,,,False,,8181891.0,8182485.0,,,
y1_d127.5_NWM_ARN,265.0,,,,,,,,False,,8212119.0,8212680.0,,,
y1_d127.5_NWM_ARN,282.0,,,,,,,,False,,8728669.0,8729131.0,,,
y1_d127.5_NWM_ARN,283.0,,,,,,,,False,,8744443.0,8744905.0,,,
y1_d127.5_NWM_ARN,284.0,,,,,,,,False,,8782987.0,8783482.0,,,
y1_d127.5_NWM_ARN,286.0,,,,,,,,False,,8820739.0,8821300.0,,,
y1_d127_MEX_ANI,17.0,,,,,,,,False,,428155.0,428617.0,,,
y1_d127_MEX_ANI,18.0,,,,,,,,False,,448912.0,449374.0,,,
y1_d127_MEX_ANI,28.0,,,,,,,,False,,728917.0,729379.0,,,
y1_d127_MEX_ANI,29.0,,,,,,,,False,,748090.0,748552.0,,,
y1_d127_MEX_ANI,30.0,,,,,,,,False,,768121.0,768649.0,,,
y1_d127_MEX_ANI,31.0,,,,,,,,False,,788680.0,789142.0,,,
y1_d127_MEX_ANI,32.0,,,,,,,,False,,817258.0,817720.0,,,
y1_d127_MEX_ANI,33.0,,,,,,,,False,,838444.0,838906.0,,,
y1_d127_MEX_ANI,91.0,,,,,,,,False,,2795346.0,2795874.0,,,
y1_d127_MEX_ANI,92.0,,,,,,,,False,,2812374.0,2812902.0,,,
y1_d127_MEX_ANI,94.0,,,,,,,,False,,2843955.0,2844417.0,,,
y1_d127_MEX_ANI,95.0,,,,,,,,False,,2864613.0,2865141.0,,,
y1_d127_MEX_ANI,96.0,,,,,,,,False,,2897679.0,2898141.0,,,
y1_d127_MEX_ANI,98.0,,,,,,,,False,,2952459.0,2952954.0,,,
y1_d127_MEX_ANI,154.0,,,,,,,,False,,4944308.0,4944869.0,,,
y1_d127_MEX_ANI,155.0,,,,,,,,False,,4961798.0,4962326.0,,,
y1_d127_MEX_ANI,163.0,"Out (inning-ending, verify)",1.98,0.693,1.287,73.03677012592128,72.35264179862143,67.04620118716137,True,3.008790434856432,5200190.0,5200751.0,5201444.0,5202731.0,40
y1_d127_MEX_ANI,183.0,,,,,,,,False,,5903553.0,5904114.0,,,
y1_d127_MEX_ANI,185.0,Safe,2.013,0.693,1.32,83.9069854998378,79.19906758893852,71.4755973464103,True,10.032865735969299,5962953.0,5963481.0,5964174.0,5965494.0,41
y1_d127_MEX_ANI,220.0,,,,,,,,False,,7333015.0,7333576.0,,,
y1_d127_MEX_ANI,221.0,,,,,,,,False,,7350307.0,7350868.0,,,
y1_d127_MEX_ANI,222.0,,,,,,,,False,,7374464.0,7374926.0,,,
y1_d127_NWM_ARN,30.0,,,,,,,,False,,766483.0,767011.0,,,
y1_d127_NWM_ARN,31.0,,,,,,,,False,,784765.0,785227.0,,,
y1_d127_NWM_ARN,32.0,,,,,,,,False,,829249.0,829711.0,,,
y1_d127_NWM_ARN,33.0,,,,,,,,False,,847597.0,848059.0,,,
y1_d127_NWM_ARN,34.0,,,,,,,,False,,867067.0,867529.0,,,
y1_d127_NWM_ARN,44.0,,,,,,,,False,,1235414.0,1235909.0,,,
y1_d127_NWM_ARN,45.0,Safe,5.709,0.693,5.016,77.34083065141073,73.43551639723206,18.45040912729063,True,3.882982606377365,1261022.0,1261517.0,1262210.0,1267226.0,153
y1_d127_NWM_ARN,69.0,,,,,,,,False,,2137470.0,2137932.0,,,
y1_d127_NWM_ARN,70.0,,,,,,,,False,,2157501.0,2157963.0,,,
y1_d127_NWM_ARN,73.0,,,,,,,,False,,2225151.0,2225679.0,,,
y1_d127_NWM_ARN,101.0,,,,,,,,False,,3037347.0,3037842.0,,,
y1_d127_NWM_ARN,103.0,,,,,,,,False,,3106483.0,3106978.0,,,
y1_d127_NWM_ARN,104.0,,,,,,,,False,,3134038.0,3134533.0,,,
y1_d127_NWM_ARN,112.0,,,,,,,,False,,3360946.0,3361474.0,,,
y1_d127_NWM_ARN,120.0,,,,,,,,False,,3629929.0,3630424.0,,,
y1_d127_NWM_ARN,121.0,,,,,,,,False,,3655141.0,3655669.0,,,
y1_d127_NWM_ARN,122.0,,,,,,,,False,,3675733.0,3676228.0,,,
y1_d127_NWM_ARN,123.0,,,,,,,,False,,3699097.0,3699559.0,,,
y1_d127_NWM_ARN,124.0,,,,,,,,False,,3721042.0,3721504.0,,,
y1_d127_NWM_ARN,125.0,,,,,,,,False,,3745330.0,3745825.0,,,
y1_d127_NWM_ARN,169.0,,,,,,,,False,,5180898.0,5181426.0,,,
y1_d127_NWM_ARN,171.0,,,,,,,,False,,5223006.0,5223468.0,,,
y1_d127_NWM_ARN,172.0,,,,,,,,False,,5241783.0,5242311.0,,,
y1_d127_NWM_ARN,173.0,,,,,,,,False,,5261946.0,5262474.0,,,
y1_d127_NWM_ARN,175.0,,,,,,,,False,,5304483.0,5305011.0,,,
y1_d127_NWM_ARN,176.0,,,,,,,,False,,5336361.0,5336889.0,,,
y1_d127_NWM_ARN,177.0,,,,,,,,False,,5353389.0,5353884.0,,,
y1_d127_NWM_ARN,178.0,,,,,,,,False,,5369196.0,5369724.0,,,
y1_d127_NWM_ARN,179.0,,,,,,,,False,,5384838.0,5385399.0,,,
y1_d127_NWM_ARN,180.0,,,,,,,,False,,5402460.0,5402955.0,,,
y1_d127_NWM_ARN,184.0,,,,,,,,False,,5601879.0,5602407.0,,,
y1_d127_NWM_ARN,185.0,,1.914,0.693,1.221,79.84727554854157,78.89118846723757,71.00145643651851,True,3.3869769629291997,5626893.0,5627355.0,5628048.0,5629269.0,38
y1_d127_NWM_ARN,186.0,,,,,,,,False,,5656230.0,5656725.0,,,
y1_d127_NWM_ARN,217.0,,,,,,,,False,,6794137.0,6794632.0,,,
y1_d127_NWM_ARN,219.0,,,,,,,,False,,6837367.0,6837895.0,,,
y1_d127_NWM_ARN,220.0,,,,,,,,False,,6859081.0,6859609.0,,,
y1_d127_NWM_ARN,221.0,,,,,,,,False,,6897130.0,6897691.0,,,
y1_d127_NWM_ARN,222.0,,,,,,,,False,,6917425.0,6917953.0,,,
y1_d127_NWM_ARN,223.0,,,,,,,,False,,6970456.0,6971017.0,,,
y1_d127_NWM_ARN,224.0,,,,,,,,False,,6987880.0,6988342.0,,,
y1_d127_NWM_ARN,225.0,,1.98,0.759,1.221,78.50942552496656,77.58083226209473,70.15868761073746,True,3.956947519891026,7010353.0,7010815.0,7011574.0,7012795.0,38
y1_d127_NWM_ARN,255.0,,,,,,,,False,,7946993.0,7947455.0,,,
y1_d127_NWM_ARN,265.0,,,,,,,,False,,8310489.0,8310918.0,,,
y1_d127_VAS_PHD,6.0,,1.947,0.66,1.287,78.44054249922685,77.72715387030438,67.07445771281279,True,1.508094956604452,174676.0,175138.0,175798.0,177085.0,40
y1_d127_VAS_PHD,32.0,,,,,,,,False,,1018222.0,1018684.0,,,
y1_d127_VAS_PHD,43.0,,,,,,,,False,,1482137.0,1482599.0,,,
y1_d127_VAS_PHD,44.0,,,,,,,,False,,1507712.0,1508240.0,,,
y1_d127_VAS_PHD,45.0,,,,,,,,False,,1533815.0,1534277.0,,,
y1_d127_VAS_PHD,46.0,,,,,,,,False,,1562426.0,1562888.0,,,
y1_d127_VAS_PHD,57.0,,,,,,,,False,,2050364.0,2050793.0,,,
y1_d127_VAS_PHD,58.0,,,,,,,,False,,2071847.0,2072276.0,,,
y1_d127_VAS_PHD,60.0,,,,,,,,False,,2134911.0,2135406.0,,,
y1_d127_VAS_PHD,61.0,,,,,,,,False,,2156559.0,2157021.0,,,
y1_d127_VAS_PHD,63.0,,,,,,,,False,,2218203.0,2218665.0,,,
y1_d127_VAS_PHD,64.0,,,,,,,,False,,2240313.0,2240775.0,,,
y1_d127_VAS_PHD,66.0,,,,,,,,False,,2301957.0,2302419.0,,,
y1_d127_VAS_PHD,89.0,,,,,,,,False,,3103330.0,3103759.0,,,
y1_d127_VAS_PHD,91.0,,,,,,,,False,,3146230.0,3146758.0,,,
y1_d127_VAS_PHD,92.0,,,,,,,,False,,3169033.0,3169495.0,,,
y1_d127_VAS_PHD,93.0,,,,,,,,False,,3246088.0,3246550.0,,,
y1_d127_VAS_PHD,94.0,,,,,,,,False,,3268594.0,3269089.0,,,
y1_d127_VAS_PHD,103.0,,,,,,,,False,,3653506.0,3654001.0,,,
y1_d127_VAS_PHD,109.0,,,,,,,,False,,3920377.0,3920839.0,,,
y1_d127_VAS_PHD,110.0,,,,,,,,False,,3937174.0,3937702.0,,,
y1_d127_VAS_PHD,111.0,,,,,,,,False,,3956776.0,3957304.0,,,
y1_d127_VAS_PHD,112.0,,,,,,,,False,,3977236.0,3977731.0,,,
y1_d127_VAS_PHD,155.0,,,,,,,,False,,5396766.0,5397195.0,,,
y1_d127_VAS_PHD,162.0,,,,,,,,False,,5692116.0,5692578.0,,,
y1_d127_VAS_PHD,174.0,,,,,,,,False,,6142039.0,6142501.0,,,
y1_d127_VAS_PHD,175.0,,,,,,,,False,,6156163.0,6156691.0,,,
y1_d127_VAS_PHD,203.0,,,,,,,,False,,9396271.0,9396766.0,,,
y1_d127_VAS_PHD,204.0,,,,,,,,False,,9474019.0,9474514.0,,,
y1_d127_VAS_PHD,205.0,,,,,,,,False,,9496789.0,9497251.0,,,
y1_d127_VAS_PHD,262.0,,,,,,,,False,,11492796.0,11493258.0,,,
y1_d127_VAS_PHD,263.0,,,,,,,,False,,11515203.0,11515665.0,,,
y1_d127_VAS_PHD,265.0,,,,,,,,False,,11573811.0,11574240.0,,,
y1_d127_VAS_PHD,266.0,,,,,,,,False,,11599551.0,11600013.0,,,
y1_d127_VAS_PHD,269.0,,,,,,,,False,,11712180.0,11712642.0,,,
y1_d127_VAS_PHD,270.0,,,,,,,,False,,11740164.0,11740659.0,,,
y1_d127_VAS_PHD,283.0,,,,,,,,False,,12173686.0,12174148.0,,,
y1_d127_VAS_PHD,288.0,,,,,,,,False,,12470191.0,12470686.0,,,
y1_d127_VAS_PHD,292.0,,,,,,,,False,,12569026.0,12569488.0,,,
y1_d127_VAS_PHD,293.0,,,,,,,,False,,12597571.0,12598099.0,,,
y1_d127_VAS_PHD,294.0,,,,,,,,False,,12615787.0,12616315.0,,,
y1_d127_VAS_PHD,295.0,,,,,,,,False,,12631990.0,,,,
y1_d127_VAS_PHD,299.0,,,,,,,,False,,12776794.0,12777322.0,,,
y1_d127_VAS_PHD,301.0,,,,,,,,False,,12824347.0,12824842.0,,,
y1_d127_VAS_PHD,302.0,,,,,,,,False,,12840154.0,12840616.0,,,
y1_d128_MEX_ANI,18.0,,,,,,,,False,,595973.0,596473.0,,,
y1_d128_MEX_ANI,19.0,,,,,,,,False,,613023.0,613523.0,,,
y1_d128_MEX_ANI,21.0,,,,,,,,False,,659873.0,660373.0,,,
y1_d128_MEX_ANI,22.0,,,,,,,,False,,678423.0,678923.0,,,
y1_d128_MEX_ANI,28.0,,,,,,,,False,,865373.0,865923.0,,,
y1_d128_MEX_ANI,29.0,,,,,,,,False,,910973.0,911423.0,,,
y1_d128_MEX_ANI,30.0,,,,,,,,False,,930723.0,933823.0,,,
y1_d128_MEX_ANI,31.0,,,,,,,,False,,973173.0,973623.0,,,
y1_d128_MEX_ANI,32.0,,,,,,,,False,,995223.0,995723.0,,,
y1_d128_MEX_ANI,80.0,,,,,,,,False,,2611123.0,2611623.0,,,
y1_d128_MEX_ANI,82.0,,,,,,,,False,,2662923.0,2663423.0,,,
y1_d128_MEX_ANI,83.0,,,,,,,,False,,2687323.0,2687773.0,,,
y1_d128_MEX_ANI,85.0,,,,,,,,False,,2753023.0,2753523.0,,,
y1_d128_MEX_ANI,86.0,,,,,,,,False,,2769273.0,2769723.0,,,
y1_d128_MEX_ANI,104.0,,,,,,,,False,,3548873.0,3549373.0,,,
y1_d128_MEX_ANI,105.0,,,,,,,,False,,3572173.0,3572723.0,,,
y1_d128_MEX_ANI,106.0,,,,,,,,False,,3605673.0,3606123.0,,,
y1_d128_MEX_ANI,108.0,,,,,,,,False,,3666523.0,3667023.0,,,
y1_d128_MEX_ANI,145.0,,,,,,,,False,,5249273.0,5249773.0,,,
y1_d128_MEX_ANI,150.0,,,,,,,,False,,5402823.0,5403423.0,,,
y1_d128_MEX_ANI,151.0,,,,,,,,False,,5440173.0,5440773.0,,,
y1_d128_MEX_ANI,152.0,,,,,,,,False,,5471423.0,5472023.0,,,
y1_d128_MEX_ANI,153.0,,,,,,,,False,,5505473.0,5505923.0,,,
y1_d128_MEX_ANI,155.0,,,,,,,,False,,5558823.0,5559273.0,,,
y1_d128_MEX_ANI,156.0,,,,,,,,False,,5586773.0,5587223.0,,,
y1_d128_MEX_ANI,159.0,,,,,,,,False,,5753373.0,5753823.0,,,
y1_d128_MEX_ANI,160.0,,,,,,,,False,,5777473.0,5778023.0,,,
y1_d128_MEX_ANI,161.0,,,,,,,,False,,5808723.0,5809223.0,,,
y1_d128_MEX_ANI,177.0,Safe,2.0,0.7,1.3,77.42585197906692,76.59575535645051,69.9728162006926,True,3.3701687870615413,6327423.0,6327923.0,6328623.0,6329923.0,27
y1_d128_MEX_ANI,191.0,,,,,,,,False,,6865623.0,6866073.0,,,
y1_d128_MEX_ANI,192.0,,,,,,,,False,,6880473.0,6880923.0,,,
y1_d128_MEX_ANI,194.0,,,,,,,,False,,6947073.0,6947573.0,,,
y1_d128_MEX_ANI,195.0,,,,,,,,False,,6962123.0,6962623.0,,,
y1_d128_MEX_ANI,196.0,,,,,,,,False,,6981923.0,6982373.0,,,
y1_d128_MEX_ANI,197.0,,,,,,,,False,,7002973.0,7003473.0,,,
y1_d128_MEX_ANI,200.0,,,,,,,,False,,7102523.0,7103073.0,,,
y1_d128_MEX_ANI,201.0,,,,,,,,False,,7121723.0,7122223.0,,,
y1_d128_MEX_ANI,203.0,,,,,,,,False,,7174273.0,7174823.0,,,
y1_d128_MEX_ANI,204.0,,,,,,,,False,,7198823.0,7199323.0,,,
y1_d128_MEX_ANI,220.0,,,,,,,,False,,7746273.0,7746673.0,,,
y1_d128_MEX_ANI,221.0,,,,,,,,False,,7772573.0,7773023.0,,,
y1_d128_MEX_ANI,236.0,,,,,,,,False,,8217373.0,8217873.0,,,
y1_d128_MEX_ANI,237.0,,,,,,,,False,,8235073.0,8235523.0,,,
y1_d128_MEX_ANI,238.0,,,,,,,,False,,8255373.0,8255873.0,,,
y1_d128_MEX_ANI,239.0,,,,,,,,False,,8273623.0,8274073.0,,,
y1_d128_MEX_ANI,240.0,,,,,,,,False,,8296973.0,8297473.0,,,
y1_d128_MEX_ANI,241.0,,,,,,,,False,,8327823.0,8328373.0,,,
y1_d128_MEX_ANI,242.0,,,,,,,,False,,8343073.0,8343623.0,,,
y1_d128_MEX_ANI,243.0,,,,,,,,False,,8362073.0,8362573.0,,,
y1_d128_MEX_ANI,245.0,,,,,,,,False,,8404573.0,8405073.0,,,
y1_d128_MEX_ANI,246.0,,,,,,,,False,,8436123.0,8436623.0,,,
y1_d128_MEX_ANI,253.0,,,,,,,,False,,8703123.0,8703673.0,,,
y1_d128_MEX_ANI,254.0,,,,,,,,False,,8724473.0,8724923.0,,,
y1_d128_MEX_ANI,255.0,,,,,,,,False,,8748173.0,8748623.0,,,
y1_d128_MEX_ANI,256.0,,,,,,,,False,,8778723.0,8779173.0,,,
y1_d128_MEX_ANI,257.0,,,,,,,,False,,8801073.0,8801523.0,,,
y1_d128_MEX_ANI,258.0,,,,,,,,False,,8826873.0,8827323.0,,,
y1_d128_MEX_ANI,286.0,,,,,,,,False,,9747173.0,9747723.0,,,
y1_d128_MEX_ANI,287.0,,,,,,,,False,,9769773.0,9770323.0,,,
y1_d128_MEX_ANI,288.0,,,,,,,,False,,9788423.0,9788973.0,,,
y1_d128_MEX_ANI,289.0,,,,,,,,False,,9811823.0,9812323.0,,,
y1_d128_MEX_ANI,290.0,,,,,,,,False,,9830173.0,9830673.0,,,
y1_d128_MEX_ANI,294.0,,,,,,,,False,,9958323.0,9958823.0,,,
y1_d128_MEX_ANI,323.0,,,,,,,,False,,10982773.0,10983323.0,,,
y1_d128_MEX_ANI,324.0,,,,,,,,False,,11003373.0,11003923.0,,,
y1_d128_MEX_ANI,325.0,,,,,,,,False,,11034673.0,11035223.0,,,
y1_d128_MEX_ANI,326.0,,,,,,,,False,,11059323.0,11059823.0,,,
y1_d128_MEX_ANI,327.0,,,,,,,,False,,11085323.0,11085823.0,,,
y1_d128_MEX_ANI,328.0,,,,,,,,False,,11107623.0,11108073.0,,,
y1_d128_MEX_ANI,330.0,,,,,,,,False,,11164373.0,11164923.0,,,
y1_d128_MEX_ANI,331.0,,,,,,,,False,,11184273.0,11184773.0,,,
y1_d128_MEX_ANI,337.0,,,,,,,,False,,11427323.0,11427773.0,,,
y1_d128_MEX_ANI,338.0,,,,,,,,False,,11445123.0,11445623.0,,,
y1_d128_MEX_ANI,339.0,,,,,,,,False,,11462523.0,11463023.0,,,
y1_d128_MEX_ANI,341.0,,,,,,,,False,,11514323.0,11514823.0,,,
y1_d128_MEX_ANI,342.0,,,,,,,,False,,11533573.0,11534023.0,,,
y1_d128_MEX_ANI,349.0,,,,,,,,False,,11811473.0,11811973.0,,,
y1_d128_MEX_ANI,350.0,,,,,,,,False,,11827523.0,11828023.0,,,
y1_d128_MEX_ANI,351.0,,,,,,,,False,,11844873.0,11845373.0,,,
y1_d128_MEX_ANI,352.0,,,,,,,,False,,11860673.0,11861173.0,,,
y1_d128_MEX_ANI,353.0,,,,,,,,False,,11878123.0,11878823.0,,,
y1_d128_MEX_ANI,354.0,,,,,,,,False,,11898123.0,11898573.0,,,
y1_d129_WDF_VAS,13.0,,,,,,,,False,,320519.0,320969.0,,,
y1_d129_WDF_VAS,14.0,,,,,,,,False,,337919.0,338369.0,,,
y1_d129_WDF_VAS,53.0,,,,,,,,False,,1440619.0,1441069.0,,,
y1_d129_WDF_VAS,55.0,,,,,,,,False,,1518719.0,1519169.0,,,
y1_d129_WDF_VAS,56.0,,,,,,,,False,,1541069.0,1541569.0,,,
y1_d129_WDF_VAS,57.0,,,,,,,,False,,1577469.0,1577969.0,,,
y1_d129_WDF_VAS,58.0,,,,,,,,False,,1598869.0,1599369.0,,,
y1_d129_WDF_VAS,61.0,,,,,,,,False,,1684719.0,1685219.0,,,
y1_d129_WDF_VAS,63.0,,,,,,,,False,,1768119.0,1768619.0,,,
y1_d129_WDF_VAS,77.0,,,,,,,,False,,2189419.0,2189969.0,,,
y1_d129_WDF_VAS,79.0,,,,,,,,False,,2249019.0,2249469.0,,,
y1_d129_WDF_VAS,80.0,,,,,,,,False,,2267569.0,2268119.0,,,
y1_d129_WDF_VAS,81.0,,,,,,,,False,,2286369.0,2286819.0,,,
y1_d129_WDF_VAS,83.0,,,,,,,,False,,2334919.0,2335369.0,,,
y1_d129_WDF_VAS,130.0,,,,,,,,False,,3928619.0,3929119.0,,,
y1_d129_WDF_VAS,145.0,,,,,,,,False,,4490119.0,4490569.0,,,
y1_d129_WDF_VAS,146.0,,,,,,,,False,,4515069.0,4515569.0,,,
y1_d129_WDF_VAS,147.0,,,,,,,,False,,4543119.0,4543619.0,,,
y1_d129_WDF_VAS,150.0,,,,,,,,False,,4651769.0,4652269.0,,,
y1_d129_WDF_VAS,159.0,,,,,,,,False,,5016769.0,5017269.0,,,
y1_d129_WDF_VAS,160.0,,,,,,,,False,,5042969.0,5043469.0,,,
y1_d129_WDF_VAS,161.0,,,,,,,,False,,5063669.0,5064169.0,,,
y1_d129_WDF_VAS,162.0,,,,,,,,False,,5084119.0,5084619.0,,,
y1_d129_WDF_VAS,163.0,,,,,,,,False,,5108469.0,5108969.0,,,
y1_d129_WDF_VAS,164.0,,,,,,,,False,,5140769.0,5141319.0,,,
y1_d129_WDF_VAS,167.0,,,,,,,,False,,5214069.0,5214619.0,,,
y1_d129_WDF_VAS,197.0,,,,,,,,False,,6128019.0,6128519.0,,,
y1_d129_WDF_VAS,198.0,,,,,,,,False,,6148119.0,6148619.0,,,
y1_d129_WDF_VAS,199.0,,,,,,,,False,,6165919.0,6166419.0,,,
y1_d129_WDF_VAS,213.0,,,,,,,,False,,6590919.0,6591419.0,,,
y1_d129_WDF_VAS,214.0,,,,,,,,False,,6613219.0,6613769.0,,,
y1_d129_WDF_VAS,245.0,,,,,,,,False,,7998119.0,7998619.0,,,
y1_d129_WDF_VAS,246.0,,,,,,,,False,,8019369.0,8019819.0,,,
y1_d129_WDF_VAS,247.0,,,,,,,,False,,8046669.0,8047169.0,,,
y1_d129_WDF_VAS,249.0,,,,,,,,False,,8101569.0,8102119.0,,,
y1_d129_WDF_VAS,251.0,,,,,,,,False,,8300419.0,8300919.0,,,
y1_d129_WDF_VAS,252.0,,,,,,,,False,,8318869.0,8319419.0,,,
y1_d129_WDF_VAS,254.0,,,,,,,,False,,8363569.0,8364069.0,,,
y1_d129_WDF_VAS,255.0,,,,,,,,False,,8388069.0,8388569.0,,,
y1_d129_WDF_VAS,256.0,,,,,,,,False,,8424419.0,8424919.0,,,
y1_d129_WDF_VAS,257.0,,,,,,,,False,,8446169.0,8446769.0,,,
y1_d129_WDF_VAS,258.0,,,,,,,,False,,8469419.0,8469919.0,,,
y1_d129_WDF_VAS,259.0,,,,,,,,False,,8493869.0,8494419.0,,,
y1_d129_WDF_VAS,278.0,,,0.8,,,,,False,,9237719.0,9238169.0,9238969.0,,
y1_d129_WDF_VAS,283.0,,,,,,,,False,,9361269.0,9361719.0,,,
y1_d129_WDF_VAS,285.0,,,,,,,,False,,9454469.0,9454919.0,,,
y1_d129_WDF_VAS,287.0,,,,,,,,False,,9509919.0,9510369.0,,,
y1_d130_WDF_VAS,6.0,,,,,,,,False,,163589.0,164039.0,,,
y1_d130_WDF_VAS,7.0,,,,,,,,False,,182139.0,182639.0,,,
y1_d130_WDF_VAS,8.0,,,,,,,,False,,228489.0,228989.0,,,
y1_d130_WDF_VAS,9.0,,,,,,,,False,,252339.0,252839.0,,,
y1_d130_WDF_VAS,10.0,,,,,,,,False,,280439.0,280989.0,,,
y1_d130_WDF_VAS,16.0,,,,,,,,False,,480539.0,481039.0,,,
y1_d130_WDF_VAS,17.0,,,,,,,,False,,515139.0,515689.0,,,
y1_d130_WDF_VAS,19.0,,,,,,,,False,,579089.0,579639.0,,,
y1_d130_WDF_VAS,32.0,,,,,,,,False,,980239.0,980739.0,,,
y1_d130_WDF_VAS,33.0,,,,,,,,False,,1009989.0,1010439.0,,,
y1_d130_WDF_VAS,35.0,,,,,,,,False,,1049839.0,1050389.0,,,
y1_d130_WDF_VAS,36.0,,,,,,,,False,,1068539.0,1069089.0,,,
y1_d130_WDF_VAS,37.0,,,,,,,,False,,1085839.0,1086289.0,,,
y1_d130_WDF_VAS,38.0,,,,,,,,False,,1103339.0,1103839.0,,,
y1_d130_WDF_VAS,39.0,,,,,,,,False,,1134389.0,1134839.0,,,
y1_d130_WDF_VAS,40.0,,,,,,,,False,,1155039.0,,,,
y1_d130_WDF_VAS,41.0,,,,,,,,False,,1189789.0,1190239.0,,,
y1_d130_WDF_VAS,44.0,,,,,,,,False,,1283939.0,1284439.0,,,
y1_d130_WDF_VAS,46.0,,,,,,,,False,,1341489.0,1341939.0,,,
y1_d130_WDF_VAS,47.0,,,,,,,,False,,1362439.0,1362939.0,,,
y1_d130_WDF_VAS,48.0,,,,,,,,False,,1382689.0,1383189.0,,,
y1_d130_WDF_VAS,85.0,,,,,,,,False,,2769689.0,2770189.0,,,
y1_d130_WDF_VAS,123.0,,,,,,,,False,,3985039.0,3985589.0,,,
y1_d130_WDF_VAS,125.0,,,0.6,,,,,False,,4026189.0,4026689.0,4027289.0,,
y1_d130_WDF_VAS,127.0,,,,,,,,False,,4049639.0,4050239.0,,,
y1_d130_WDF_VAS,129.0,,,,,,,,False,,4152339.0,4152889.0,,,
y1_d130_WDF_VAS,130.0,,,,,,,,False,,4168639.0,4169139.0,,,
y1_d130_WDF_VAS,132.0,,,,,,,,False,,4210439.0,4210939.0,,,
y1_d130_WDF_VAS,133.0,,,,,,,,False,,4230789.0,4231289.0,,,
y1_d130_WDF_VAS,134.0,,,,,,,,False,,4248889.0,4249389.0,,,
y1_d130_WDF_VAS,135.0,,,,,,,,False,,4289689.0,4290189.0,,,
y1_d130_WDF_VAS,136.0,,,,,,,,False,,4305439.0,4305939.0,,,
y1_d130_WDF_VAS,137.0,,,,,,,,False,,4322489.0,4322989.0,,,
y1_d130_WDF_VAS,138.0,,,,,,,,False,,4340489.0,4340989.0,,,
y1_d130_WDF_VAS,237.0,,,,,,,,False,,7386489.0,7386989.0,,,
y1_d130_WDF_VAS,238.0,,,,,,,,False,,7404239.0,7404739.0,,,
y1_d130_WDF_VAS,239.0,,,,,,,,False,,7421939.0,7422539.0,,,
y1_d130_WDF_VAS,240.0,,,,,,,,False,,7443789.0,7444289.0,,,
y1_d130_WDF_VAS,242.0,,,,,,,,False,,7484289.0,7484789.0,,,
y1_d130_WDF_VAS,287.0,,,,,,,,False,,9256489.0,9256939.0,,,
y1_d130_WDF_VAS,288.0,,,,,,,,False,,9279889.0,9280339.0,,,
y1_d130_WDF_VAS,289.0,,,,,,,,False,,9302489.0,9302939.0,,,
y1_d130_WDF_VAS,291.0,,,,,,,,False,,9352839.0,9353339.0,,,
y1_d130_WDF_VAS,293.0,,,,,,,,False,,9402889.0,9403389.0,,,
y1_d131_WDF_VAS,38.0,,,,,,,,False,,1161057.0,1161507.0,,,
y1_d131_WDF_VAS,39.0,,,,,,,,False,,1180307.0,1180807.0,,,
y1_d131_WDF_VAS,40.0,,,,,,,,False,,1199907.0,1200407.0,,,
y1_d131_WDF_VAS,42.0,,,,,,,,False,,1251457.0,1251907.0,,,
y1_d131_WDF_VAS,44.0,,,,,,,,False,,1310107.0,1310557.0,,,
y1_d131_WDF_VAS,45.0,,,,,,,,False,,1331057.0,1331607.0,,,
y1_d131_WDF_VAS,46.0,,,,,,,,False,,1352557.0,1353007.0,,,
y1_d131_WDF_VAS,48.0,,,,,,,,False,,1427407.0,1427957.0,,,
y1_d131_WDF_VAS,49.0,,,,,,,,False,,1444757.0,1445257.0,,,
y1_d131_WDF_VAS,50.0,,,,,,,,False,,1464607.0,1465107.0,,,
y1_d131_WDF_VAS,51.0,,,,,,,,False,,1485507.0,1486007.0,,,
y1_d131_WDF_VAS,162.0,,,,,,,,False,,5352857.0,5353407.0,,,
y1_d131_WDF_VAS,163.0,,,,,,,,False,,5395207.0,5395707.0,,,
y1_d131_WDF_VAS,165.0,,,,,,,,False,,5468507.0,5469007.0,,,
y1_d131_WDF_VAS,166.0,,,,,,,,False,,5489207.0,5489757.0,,,
y1_d131_WDF_VAS,169.0,,,,,,,,False,,5570707.0,5575307.0,,,
y1_d131_WDF_VAS,177.0,,,,,,,,False,,5923207.0,5923657.0,,,
y1_d131_WDF_VAS,178.0,,,,,,,,False,,5942407.0,5942907.0,,,
y1_d131_WDF_VAS,181.0,,,,,,,,False,,6024607.0,6025057.0,,,
y1_d131_WDF_VAS,183.0,,,,,,,,False,,6075407.0,6075857.0,,,
y1_d131_WDF_VAS,184.0,,,,,,,,False,,6095807.0,6096307.0,,,
y1_d131_WDF_VAS,185.0,,,,,,,,False,,6117657.0,6118107.0,,,
y1_d131_WDF_VAS,186.0,,,,,,,,False,,6134357.0,6134857.0,,,
y1_d131_WDF_VAS,187.0,,,,,,,,False,,6160257.0,6160807.0,,,
y1_d131_WDF_VAS,188.0,,,,,,,,False,,6181207.0,6181657.0,,,
y1_d131_WDF_VAS,218.0,,,,,,,,False,,7141157.0,7141607.0,,,
y1_d131_WDF_VAS,221.0,,,,,,,,False,,7225257.0,7225757.0,,,
y1_d131_WDF_VAS,223.0,,,,,,,,False,,7270007.0,7270457.0,,,
y1_d131_WDF_VAS,229.0,,,,,,,,False,,7664207.0,7664707.0,,,
y1_d131_WDF_VAS,230.0,,,,,,,,False,,7686807.0,7687307.0,,,
y1_d131_WDF_VAS,231.0,,,,,,,,False,,7703907.0,7704407.0,,,
y1_d131_WDF_VAS,233.0,,,,,,,,False,,7748307.0,7748907.0,,,
y1_d131_WDF_VAS,258.0,,,,,,,,False,,8617857.0,8618407.0,,,
y1_d131_WDF_VAS,259.0,,,,,,,,False,,8634807.0,8635357.0,,,
y1_d131_WDF_VAS,260.0,,,,,,,,False,,8651207.0,8651707.0,,,
y1_d131_WDF_VAS,262.0,,,,,,,,False,,8694757.0,8695307.0,,,
y1_d131_WDF_VAS,263.0,,,,,,,,False,,8722407.0,8722907.0,,,
y1_d131_WDF_VAS,264.0,,,,,,,,False,,8738757.0,8739257.0,,,
y1_d131_WDF_VAS,265.0,,,,,,,,False,,8755457.0,8755957.0,,,
y1_d131_WDF_VAS,266.0,,,,,,,,False,,8774107.0,8774607.0,,,
y1_d131_WDF_VAS,267.0,,,,,,,,False,,8806957.0,8807507.0,,,
y1_d131_WDF_VAS,268.0,,,,,,,,False,,8823157.0,8823707.0,,,
y1_d131_WDF_VAS,269.0,,,,,,,,False,,8845357.0,8845907.0,,,
y1_d131_WDF_VAS,270.0,,,,,,,,False,,8863607.0,8864207.0,,,
y1_d131_WDF_VAS,287.0,,,,,,,,False,,9506407.0,9506857.0,,,
y1_d131_WDF_VAS,288.0,,,,,,,,False,,9526907.0,9527407.0,,,
y1_d131_WDF_VAS,289.0,,,,,,,,False,,9542207.0,9542757.0,,,
y1_d131_WDF_VAS,291.0,,,,,,,,False,,9573007.0,9573507.0,,,
y1_d131_WDF_VAS,302.0,Safe,,1.9,,,,,False,,9962807.0,9963257.0,9965157.0,,
y1_d132_ARN_VAS,14.0,,,,,,,,False,,356983.0,357433.0,,,
y1_d132_ARN_VAS,15.0,,,,,,,,False,,376333.0,376833.0,,,
y1_d132_ARN_VAS,31.0,,,,,,,,False,,876583.0,877083.0,,,
y1_d132_ARN_VAS,53.0,,,,,,,,False,,1614683.0,1615133.0,,,
y1_d132_ARN_VAS,82.0,,,,,,,,False,,2686333.0,2686783.0,,,
y1_d132_ARN_VAS,84.0,,,,,,,,False,,2727833.0,2728333.0,,,
y1_d132_ARN_VAS,85.0,,,,,,,,False,,2754333.0,2754833.0,,,
y1_d132_ARN_VAS,86.0,,,,,,,,False,,2780133.0,2780633.0,,,
y1_d132_ARN_VAS,88.0,,,,,,,,False,,2823783.0,2824233.0,,,
y1_d132_ARN_VAS,91.0,,,,,,,,False,,2941583.0,2942033.0,,,
y1_d132_ARN_VAS,92.0,,,,,,,,False,,2963433.0,2963933.0,,,
y1_d132_ARN_VAS,95.0,,,,,,,,False,,3066233.0,3066683.0,,,
y1_d132_ARN_VAS,96.0,,,,,,,,False,,3097633.0,3098133.0,,,
y1_d132_ARN_VAS,98.0,,,,,,,,False,,3179333.0,3179783.0,,,
y1_d132_ARN_VAS,99.0,,,,,,,,False,,3202883.0,3203383.0,,,
y1_d132_ARN_VAS,100.0,,,,,,,,False,,3225733.0,3226233.0,,,
y1_d132_ARN_VAS,109.0,,,,,,,,False,,3525533.0,3525983.0,,,
y1_d132_ARN_VAS,113.0,,,,,,,,False,,3617983.0,3618433.0,,,
y1_d132_ARN_VAS,114.0,,,,,,,,False,,3648033.0,3648533.0,,,
y1_d132_ARN_VAS,115.0,,,,,,,,False,,3683183.0,3683683.0,,,
y1_d132_ARN_VAS,116.0,,,,,,,,False,,3704883.0,3705383.0,,,
y1_d132_ARN_VAS,117.0,,,,,,,,False,,3730083.0,3730583.0,,,
y1_d132_ARN_VAS,119.0,,,,,,,,False,,3784983.0,3785483.0,,,
y1_d132_ARN_VAS,124.0,,,,,,,,False,,4063233.0,4063733.0,,,
y1_d132_ARN_VAS,135.0,,,,,,,,False,,4551383.0,4551933.0,,,
y1_d132_ARN_VAS,137.0,,,,,,,,False,,4595133.0,4595583.0,,,
y1_d132_ARN_VAS,139.0,,,,,,,,False,,4637983.0,4638483.0,,,
y1_d132_ARN_VAS,140.0,,,,,,,,False,,4665433.0,4665933.0,,,
y1_d132_ARN_VAS,141.0,,,,,,,,False,,4683183.0,4683683.0,,,
y1_d132_ARN_VAS,142.0,,,,,,,,False,,4703333.0,4703833.0,,,
y1_d132_ARN_VAS,192.0,,,,,,,,False,,6309233.0,6309683.0,,,
y1_d132_ARN_VAS,193.0,,,,,,,,False,,6356133.0,6356633.0,,,
y1_d132_ARN_VAS,194.0,,,,,,,,False,,6372233.0,6372683.0,,,
y1_d132_ARN_VAS,195.0,,,,,,,,False,,6398083.0,6398533.0,,,
y1_d132_ARN_VAS,196.0,,,,,,,,False,,6413783.0,6414233.0,,,
y1_d132_ARN_VAS,197.0,,,,,,,,False,,6430233.0,6430683.0,,,
y1_d132_ARN_VAS,218.0,,,,,,,,False,,7144133.0,7144583.0,,,
y1_d132_ARN_VAS,219.0,,,,,,,,False,,7160483.0,7160983.0,,,
y1_d132_ARN_VAS,220.0,,,,,,,,False,,7180033.0,7180483.0,,,
y1_d132_ARN_VAS,221.0,,,,,,,,False,,7209383.0,7209783.0,,,
y1_d132_ARN_VAS,222.0,,,,,,,,False,,7228583.0,7229033.0,,,
y1_d132_ARN_VAS,224.0,,,,,,,,False,,7294283.0,7294733.0,,,
y1_d132_ARN_VAS,225.0,,,,,,,,False,,7315983.0,7316483.0,,,
y1_d132_ARN_VAS,226.0,,,,,,,,False,,7337383.0,7337833.0,,,
y1_d132_ARN_VAS,227.0,,,,,,,,False,,7379733.0,7380183.0,,,
y1_d132_ARN_VAS,228.0,,,,,,,,False,,7406183.0,7406583.0,,,
y1_d132_ARN_VAS,230.0,,,,,,,,False,,7466533.0,7467033.0,,,
y1_d132_ARN_VAS,255.0,,,,,,,,False,,8346283.0,8346783.0,,,
y1_d132_ARN_VAS,256.0,,,,,,,,False,,8367583.0,8367983.0,,,
y1_d132_ARN_VAS,258.0,,,,,,,,False,,8417383.0,8417883.0,,,
y1_d132_ARN_VAS,259.0,,,,,,,,False,,8448933.0,8449433.0,,,
y1_d132_ARN_VAS,260.0,,,,,,,,False,,8613433.0,8613933.0,,,
y1_d132_ARN_VAS,262.0,,,,,,,,False,,8658483.0,8658983.0,,,
y1_d132_ARN_VAS,264.0,,,,,,,,False,,8707383.0,8707833.0,,,
y1_d132_ARN_VAS,315.0,,,,,,,,False,,10491783.0,10492283.0,,,
y1_d132_ARN_VAS,316.0,,,,,,,,False,,10507483.0,10507983.0,,,
y1_d132_ARN_VAS,317.0,,,,,,,,False,,10523933.0,10524433.0,,,
y1_d132_ARN_VAS,318.0,,,,,,,,False,,10545983.0,10546483.0,,,
y1_d132_ARN_VAS,319.0,,,,,,,,False,,10564533.0,10565033.0,,,
y1_d132_ARN_VAS,320.0,,,,,,,,False,,10593133.0,10593633.0,,,
y1_d132_ARN_VAS,321.0,,,,,,,,False,,10607283.0,10607783.0,,,
y1_d132_ARN_VAS,322.0,,,,,,,,False,,10621783.0,10622283.0,,,
y1_d133_ARN_VAS,15.0,,,,,,,,False,,380307.0,380757.0,,,
y1_d133_ARN_VAS,16.0,,,,,,,,False,,404507.0,404957.0,,,
y1_d133_ARN_VAS,24.0,,,,,,,,False,,748257.0,748707.0,,,
y1_d133_ARN_VAS,25.0,Safe,1.85,0.65,1.2,80.51830252507128,79.67319004191236,72.68396789067961,True,3.0887483990439892,771207.0,771657.0,772307.0,773507.0,25
y1_d133_ARN_VAS,36.0,,,,,,,,False,,1111457.0,1111957.0,,,
y1_d133_ARN_VAS,37.0,,,,,,,,False,,1135507.0,1136007.0,,,
y1_d133_ARN_VAS,38.0,,,,,,,,False,,1161907.0,1162407.0,,,
y1_d133_ARN_VAS,40.0,,,,,,,,False,,1227707.0,1228157.0,,,
y1_d133_ARN_VAS,41.0,,,,,,,,False,,1271507.0,1272007.0,,,
y1_d133_ARN_VAS,42.0,,,,,,,,False,,1296407.0,1296857.0,,,
y1_d133_ARN_VAS,43.0,,,,,,,,False,,1322357.0,1322807.0,,,
y1_d133_ARN_VAS,44.0,,,,,,,,False,,1349957.0,1350457.0,,,
y1_d133_ARN_VAS,45.0,,,,,,,,False,,1377457.0,1377907.0,,,
y1_d133_ARN_VAS,85.0,,,,,,,,False,,2799457.0,2800007.0,,,
y1_d133_ARN_VAS,86.0,,,,,,,,False,,2819357.0,2819857.0,,,
y1_d133_ARN_VAS,87.0,,,,,,,,False,,2841807.0,2842307.0,,,
y1_d133_ARN_VAS,113.0,,,,,,,,False,,3640857.0,3641307.0,,,
y1_d133_ARN_VAS,173.0,,,,,,,,False,,5504757.0,5505207.0,,,
y1_d133_ARN_VAS,178.0,,,,,,,,False,,5563007.0,5563507.0,,,
y1_d133_ARN_VAS,179.0,,,,,,,,False,,5579257.0,5579757.0,,,
y1_d133_ARN_VAS,182.0,,,,,,,,False,,5717357.0,5717807.0,,,
y1_d134_ARN_VAS,26.0,,,,,,,,False,,902633.0,903083.0,,,
y1_d134_ARN_VAS,27.0,,,,,,,,False,,920233.0,920733.0,,,
y1_d134_ARN_VAS,28.0,,,,,,,,False,,939683.0,,,,
y1_d134_ARN_VAS,29.0,,,,,,,,False,,982833.0,983283.0,,,
y1_d134_ARN_VAS,33.0,,,,,,,,False,,1133283.0,1133733.0,,,
y1_d134_ARN_VAS,36.0,,,,,,,,False,,1258983.0,1259483.0,,,
y1_d134_ARN_VAS,59.0,,,,,,,,False,,2100283.0,2100733.0,,,
y1_d134_ARN_VAS,60.0,,,,,,,,False,,2142933.0,2143483.0,,,
y1_d134_ARN_VAS,61.0,,,,,,,,False,,2163833.0,2164283.0,,,
y1_d134_ARN_VAS,81.0,Safe,1.9,0.6,1.3,76.18019499294778,75.24161540211004,66.85845991613303,True,4.480197362673084,2986533.0,2987083.0,2987683.0,2988983.0,27
y1_d134_ARN_VAS,106.0,,,,,,,,False,,3990383.0,3990933.0,,,
y1_d134_ARN_VAS,107.0,,,,,,,,False,,4012733.0,4013233.0,,,
y1_d134_ARN_VAS,108.0,,,,,,,,False,,4037333.0,4037833.0,,,
y1_d134_ARN_VAS,111.0,,,,,,,,False,,4120783.0,4121333.0,,,
y1_d134_ARN_VAS,163.0,,,,,,,,False,,5894633.0,5895083.0,,,
y1_d134_ARN_VAS,164.0,,,,,,,,False,,5920683.0,5921133.0,,,
y1_d134_ARN_VAS,165.0,,,,,,,,False,,5942833.0,5943433.0,,,
y1_d134_ARN_VAS,167.0,,,,,,,,False,,6004133.0,6004683.0,,,
y1_d134_ARN_VAS,183.0,,,,,,,,False,,6788883.0,6789333.0,,,
y1_d134_ARN_VAS,184.0,,,,,,,,False,,6807233.0,6807683.0,,,
y1_d134_ARN_VAS,185.0,,,,,,,,False,,6827383.0,,,,
y1_d134_ARN_VAS,191.0,,,,,,,,False,,6977283.0,6977783.0,,,
y1_d134_ARN_VAS,193.0,,,,,,,,False,,7082133.0,7082583.0,,,
y1_d134_ARN_VAS,196.0,,,,,,,,False,,7156783.0,7157333.0,,,
y1_d134_ARN_VAS,214.0,,,,,,,,False,,7924783.0,7925283.0,,,
y1_d134_ARN_VAS,215.0,,,,,,,,False,,7945233.0,7945733.0,,,
y1_d134_ARN_VAS,216.0,,,,,,,,False,,7967333.0,7967833.0,,,
y1_d134_ARN_VAS,260.0,,,,,,,,False,,9640383.0,9640883.0,,,
y1_d134_ARN_VAS,264.0,,,,,,,,False,,9744983.0,9745483.0,,,
y1_d134_ARN_VAS,267.0,,,,,,,,False,,9854433.0,9854933.0,,,
y1_d134_ARN_VAS,270.0,,,,,,,,False,,9939633.0,9940133.0,,,
y1_d134_ARN_VAS,272.0,,,,,,,,False,,9998133.0,9998633.0,,,
y1_d134_ARN_VAS,298.0,,,,,,,,False,,10936983.0,10937533.0,,,
y1_d134_ARN_VAS,299.0,,,,,,,,False,,10964133.0,10964633.0,,,
y1_d134_ARN_VAS,300.0,,,,,,,,False,,10986383.0,10986933.0,,,
y1_d134_ARN_VAS,302.0,,,,,,,,False,,11049733.0,11050233.0,,,
y1_d134_ARN_VAS,303.0,,,,,,,,False,,11075133.0,11075633.0,,,
y1_d134_ARN_VAS,304.0,,,,,,,,False,,11111683.0,11112233.0,,,
y1_d134_ARN_VAS,315.0,,,,,,,,False,,11778033.0,11778533.0,,,
y1_d134_ARN_VAS,316.0,,,,,,,,False,,11793883.0,11794383.0,,,
y1_d134_ARN_VAS,317.0,,,,,,,,False,,11810283.0,11810783.0,,,
y1_d136_EXB_ARN,23.0,,,,,,,,False,,709132.0,709632.0,,,
y1_d136_EXB_ARN,49.0,,,,,,,,False,,1649032.0,1649532.0,,,
y1_d136_EXB_ARN,50.0,,,,,,,,False,,1674082.0,1674632.0,,,
y1_d136_EXB_ARN,119.0,,,,,,,,False,,3923382.0,3923882.0,,,
y1_d136_EXB_ARN,121.0,,,,,,,,False,,3977582.0,3978082.0,,,
y1_d136_EXB_ARN,122.0,,,,,,,,False,,4005932.0,4006482.0,,,
y1_d136_EXB_ARN,124.0,,,,,,,,False,,4075582.0,4076082.0,,,
y1_d136_EXB_ARN,125.0,,1.95,0.7,1.25,77.88497238476498,77.01568601555671,70.30380588846808,True,3.0687685397190507,4104782.0,4105282.0,4105982.0,4107232.0,26
y1_d136_EXB_ARN,138.0,,,,,,,,False,,4480832.0,4481282.0,,,
y1_d136_EXB_ARN,139.0,,,,,,,,False,,4499632.0,4500182.0,,,
y1_d136_EXB_ARN,148.0,,,,,,,,False,,4778782.0,4779282.0,,,
y1_d136_EXB_ARN,150.0,,,,,,,,False,,4847082.0,4847582.0,,,
y1_d136_EXB_ARN,182.0,,,,,,,,False,,6266782.0,6267282.0,,,
y1_d136_EXB_ARN,183.0,,,,,,,,False,,6297532.0,6298032.0,,,
y1_d136_EXB_ARN,184.0,,,,,,,,False,,6318632.0,6319132.0,,,
y1_d136_EXB_ARN,186.0,,,,,,,,False,,6388232.0,6388682.0,,,
y1_d136_EXB_ARN,187.0,,,,,,,,False,,6405232.0,6405682.0,,,
y1_d136_EXB_ARN,188.0,,,,,,,,False,,6424432.0,6424882.0,,,
y1_d136_EXB_ARN,190.0,,,,,,,,False,,6481232.0,6481732.0,,,
y1_d136_EXB_ARN,192.0,,,,,,,,False,,6667882.0,6668382.0,,,
y1_d136_EXB_ARN,194.0,,,0.75,,,,,False,,6709282.0,6709732.0,6710482.0,,
y1_d136_EXB_ARN,196.0,,,,,,,,False,,6768882.0,6769432.0,,,
y1_d136_EXB_ARN,222.0,,,,,,,,False,,7802632.0,7803132.0,,,
y1_d136_EXB_ARN,223.0,,,,,,,,False,,7818182.0,7818682.0,,,
y1_d136_EXB_ARN,224.0,,,,,,,,False,,7837032.0,7837632.0,,,
y1_d136_EXB_ARN,226.0,,,,,,,,False,,7891332.0,7891882.0,,,
y1_d136_EXB_ARN,227.0,,,,,,,,False,,7911132.0,7911682.0,,,
y1_d136_EXB_ARN,228.0,,,,,,,,False,,7934232.0,7934732.0,,,
y1_d136_EXB_ARN,229.0,,,,,,,,False,,7980432.0,7980882.0,,,
y1_d136_EXB_ARN,230.0,,,,,,,,False,,7996982.0,7997432.0,,,
y1_d136_EXB_ARN,231.0,,,,,,,,False,,8015882.0,8016332.0,,,
y1_d136_EXB_ARN,232.0,,,,,,,,False,,8047932.0,8048482.0,,,
y1_d136_EXB_ARN,240.0,,,,,,,,False,,8405432.0,8405932.0,,,
y1_d136_EXB_ARN,241.0,,,,,,,,False,,8426582.0,8427082.0,,,
y1_d136_EXB_ARN,242.0,,,,,,,,False,,8450632.0,8451182.0,,,
y1_d136_EXB_ARN,243.0,,,,,,,,False,,8472632.0,8473182.0,,,
y1_d136_EXB_ARN,255.0,,,,,,,,False,,8968132.0,8968582.0,,,
y1_d136_EXB_ARN,256.0,,,,,,,,False,,8991382.0,8991832.0,,,
y1_d136_EXB_ARN,257.0,,,,,,,,False,,9018032.0,9018482.0,,,
y1_d136_EXB_ARN,258.0,,,,,,,,False,,9049382.0,9049832.0,,,
y1_d136_EXB_ARN,267.0,,,,,,,,False,,9440732.0,9441182.0,,,
y1_d136_EXB_ARN,273.0,,,,,,,,False,,9582482.0,9582932.0,,,
y1_d136_EXB_ARN,274.0,,,,,,,,False,,9600232.0,9600782.0,,,
y1_d136_EXB_ARN,275.0,,,,,,,,False,,9620832.0,9621282.0,,,
y1_d136_EXB_ARN,276.0,,,,,,,,False,,9639482.0,9639982.0,,,
y1_d136_EXB_ARN,281.0,,,,,,,,False,,9957632.0,9958082.0,,,
y1_d136_EXB_ARN,282.0,,,,,,,,False,,9974432.0,9974932.0,,,
y1_d136_EXB_ARN,283.0,,,,,,,,False,,9989732.0,9990282.0,,,
y1_d136_EXB_ARN,284.0,,,,,,,,False,,10011732.0,10012232.0,,,
y1_d136_HYG_PHD,13.0,,,,,,,,False,,326348.0,326798.0,,,
y1_d136_HYG_PHD,14.0,,,,,,,,False,,348848.0,349298.0,,,
y1_d136_HYG_PHD,15.0,,,,,,,,False,,372948.0,373548.0,,,
y1_d136_HYG_PHD,19.0,,,,,,,,False,,477998.0,478448.0,,,
y1_d136_HYG_PHD,20.0,,,,,,,,False,,501998.0,502448.0,,,
y1_d136_HYG_PHD,52.0,,,,,,,,False,,1639948.0,1640398.0,,,
y1_d136_HYG_PHD,54.0,,,,,,,,False,,1679398.0,1679898.0,,,
y1_d136_HYG_PHD,55.0,,,,,,,,False,,1700098.0,1700548.0,,,
y1_d136_HYG_PHD,57.0,,,,,,,,False,,1741748.0,1742248.0,,,
y1_d136_HYG_PHD,62.0,,,,,,,,False,,2055248.0,2055698.0,,,
y1_d136_HYG_PHD,64.0,,,,,,,,False,,2095698.0,2096148.0,,,
y1_d136_HYG_PHD,66.0,,,,,,,,False,,2154298.0,2154798.0,,,
y1_d136_HYG_PHD,68.0,Safe,,0.35,,,,,False,,2228398.0,2228848.0,2229198.0,,
y1_d136_HYG_PHD,87.0,,,,,,,,False,,2872998.0,2873548.0,,,
y1_d136_HYG_PHD,88.0,,,,,,,,False,,2896598.0,2897048.0,,,
y1_d136_HYG_PHD,90.0,,,,,,,,False,,2936598.0,2937148.0,,,
y1_d136_HYG_PHD,99.0,,,,,,,,False,,3214848.0,3215348.0,,,
y1_d136_HYG_PHD,101.0,,,,,,,,False,,3254148.0,3254648.0,,,
y1_d136_HYG_PHD,102.0,,,,,,,,False,,3276898.0,3277348.0,,,
y1_d136_HYG_PHD,104.0,,,,,,,,False,,3319498.0,3319998.0,,,
y1_d136_HYG_PHD,106.0,,,,,,,,False,,3369998.0,,,,
y1_d136_HYG_PHD,110.0,,,,,,,,False,,3567598.0,3568098.0,,,
y1_d136_HYG_PHD,112.0,,,,,,,,False,,3708198.0,3708748.0,,,
y1_d136_HYG_PHD,119.0,,,,,,,,False,,3990548.0,3991098.0,,,
y1_d136_HYG_PHD,120.0,,,,,,,,False,,4012198.0,4012698.0,,,
y1_d136_HYG_PHD,122.0,,,,,,,,False,,4048548.0,4049048.0,,,
y1_d136_HYG_PHD,123.0,,,,,,,,False,,4079698.0,4080148.0,,,
y1_d136_HYG_PHD,134.0,,,,,,,,False,,4426748.0,4427248.0,,,
y1_d136_HYG_PHD,135.0,,1.75,0.8,0.95,72.73632156605834,72.16973520303674,63.338111148094434,False,87.13476327507875,4448998.0,4449498.0,4450298.0,4451248.0,20
y1_d136_HYG_PHD,139.0,,,,,,,,False,,4547848.0,4548298.0,,,
y1_d136_HYG_PHD,142.0,,,,,,,,False,,4663398.0,4663898.0,,,
y1_d136_HYG_PHD,174.0,,,,,,,,False,,5837548.0,5838048.0,,,
y1_d136_HYG_PHD,176.0,,,,,,,,False,,5886148.0,5886598.0,,,
y1_d136_HYG_PHD,177.0,,,,,,,,False,,5916148.0,5916648.0,,,
y1_d136_HYG_PHD,184.0,,,,,,,,False,,6199398.0,6199898.0,,,
y1_d136_HYG_PHD,200.0,,,,,,,,False,,6847548.0,6848048.0,,,
y1_d136_HYG_PHD,202.0,,,,,,,,False,,6885448.0,6885948.0,,,
y1_d136_HYG_PHD,220.0,,,,,,,,False,,7491448.0,7491948.0,,,
y1_d136_HYG_PHD,221.0,,,,,,,,False,,7511148.0,7511648.0,,,
y1_d136_HYG_PHD,222.0,,,,,,,,False,,7531248.0,7531798.0,,,
y1_d136_HYG_PHD,225.0,,,,,,,,False,,7613148.0,7613648.0,,,
y1_d136_HYG_PHD,227.0,,,,,,,,False,,7642498.0,7642998.0,,,
y1_d136_HYG_PHD,228.0,,,,,,,,False,,7671498.0,7671998.0,,,
y1_d136_HYG_PHD,229.0,,,,,,,,False,,7691048.0,7691598.0,,,
y1_d136_HYG_PHD,231.0,,,,,,,,False,,7745648.0,7746148.0,,,
y1_d136_HYG_PHD,234.0,,,,,,,,False,,7828498.0,7828998.0,,,
y1_d136_HYG_PHD,295.0,,,,,,,,False,,9820348.0,9820798.0,,,
y1_d136_HYG_PHD,296.0,,,,,,,,False,,9853898.0,9854348.0,,,
y1_d136_HYG_PHD,297.0,,,,,,,,False,,9873598.0,9874048.0,,,
y1_d136_HYG_PHD,298.0,,,,,,,,False,,9897648.0,9898098.0,,,
y1_d136_HYG_PHD,299.0,,,,,,,,False,,9927398.0,9927848.0,,,
y1_d136_HYG_PHD,301.0,,,,,,,,False,,9990248.0,9990698.0,,,
y1_d137_EXB_ARN,20.0,,,,,,,,False,,590618.0,591118.0,,,
y1_d137_EXB_ARN,22.0,,,,,,,,False,,651668.0,652218.0,,,
y1_d137_EXB_ARN,39.0,,,,,,,,False,,1143068.0,1143568.0,,,
y1_d137_EXB_ARN,40.0,,,,,,,,False,,1160018.0,1160568.0,,,
y1_d137_EXB_ARN,55.0,,,,,,,,False,,1743468.0,1744018.0,,,
y1_d137_EXB_ARN,104.0,Safe,2.0,0.65,1.35,76.86643941472667,76.01231555844012,63.11782884700115,True,4.258040203425033,3180418.0,3180868.0,3181518.0,3182868.0,28
y1_d137_EXB_ARN,123.0,,,,,,,,False,,3845768.0,3846268.0,,,
y1_d137_EXB_ARN,126.0,,,,,,,,False,,3929918.0,3930418.0,,,
y1_d137_EXB_ARN,150.0,,,,,,,,False,,4750068.0,4750618.0,,,
y1_d137_EXB_ARN,151.0,,,,,,,,False,,4771418.0,4771968.0,,,
y1_d137_EXB_ARN,152.0,Safe,3.15,0.75,2.4,74.57395074850355,73.1423056228696,45.83765400062602,False,33.076593712204364,4790968.0,4791468.0,4792218.0,4794618.0,49
y1_d137_EXB_ARN,205.0,,,,,,,,False,,6725018.0,6725568.0,,,
y1_d137_EXB_ARN,210.0,,,,,,,,False,,6849468.0,6849918.0,,,
y1_d137_EXB_ARN,211.0,Safe,1.85,0.6,1.25,77.45549184506163,76.6576231389093,70.23085243300766,True,4.426338335523842,6872318.0,6872868.0,6873468.0,6874718.0,26
y1_d137_EXB_ARN,231.0,,,,,,,,False,,7866468.0,7867018.0,,,
y1_d137_EXB_ARN,232.0,,,,,,,,False,,7887168.0,7887668.0,,,
y1_d137_EXB_ARN,233.0,,,,,,,,False,,7916068.0,7916618.0,,,
y1_d137_EXB_ARN,234.0,,,,,,,,False,,7937718.0,7938218.0,,,
y1_d137_EXB_ARN,235.0,,,,,,,,False,,7963368.0,7963868.0,,,
y1_d137_EXB_ARN,237.0,,,,,,,,False,,8026718.0,8027218.0,,,
y1_d137_EXB_ARN,265.0,Safe,,1.65,,,,,False,,9405468.0,9405968.0,9407618.0,,
y1_d137_HYG_PHD,6.0,,,,,,,,False,,206073.0,206523.0,,,
y1_d137_HYG_PHD,7.0,,2.0,0.65,1.35,78.53718245343498,77.58572369840772,70.18678697618209,False,15.483415583520866,225523.0,226023.0,226673.0,228023.0,28
y1_d137_HYG_PHD,16.0,,,,,,,,False,,478773.0,479223.0,,,
y1_d137_HYG_PHD,18.0,,,,,,,,False,,544423.0,544923.0,,,
y1_d137_HYG_PHD,19.0,,,,,,,,False,,566423.0,566923.0,,,
y1_d137_HYG_PHD,21.0,,,,,,,,False,,613773.0,614223.0,,,
y1_d137_HYG_PHD,32.0,,,,,,,,False,,1082573.0,1083023.0,,,
y1_d137_HYG_PHD,33.0,,,,,,,,False,,1096873.0,1097373.0,,,
y1_d137_HYG_PHD,56.0,,,,,,,,False,,1800923.0,1801423.0,,,
y1_d137_HYG_PHD,57.0,,,,,,,,False,,1819373.0,1819873.0,,,
y1_d137_HYG_PHD,58.0,,,,,,,,False,,1879373.0,1879823.0,,,
y1_d137_HYG_PHD,59.0,,,,,,,,False,,1898273.0,1898773.0,,,
y1_d137_HYG_PHD,60.0,,,,,,,,False,,1916773.0,1917273.0,,,
y1_d137_HYG_PHD,62.0,,,,,,,,False,,2000023.0,2000523.0,,,
y1_d137_HYG_PHD,63.0,,,,,,,,False,,2016423.0,2016873.0,,,
y1_d137_HYG_PHD,65.0,,,,,,,,False,,2080973.0,2081523.0,,,
y1_d137_HYG_PHD,66.0,,,,,,,,False,,2101973.0,2102473.0,,,
y1_d137_HYG_PHD,86.0,Safe,,,,,,,False,,2835873.0,2836323.0,,,
y1_d137_HYG_PHD,90.0,,,,,,,,False,,2965623.0,2966173.0,,,
y1_d137_HYG_PHD,91.0,,,,,,,,False,,2998023.0,2998523.0,,,
y1_d137_HYG_PHD,92.0,,,,,,,,False,,3039573.0,3040073.0,,,
y1_d137_HYG_PHD,93.0,,,,,,,,False,,3073023.0,3073573.0,,,
y1_d137_HYG_PHD,94.0,,,,,,,,False,,3098073.0,3098523.0,,,
y1_d137_HYG_PHD,121.0,,,,,,,,False,,4189623.0,4190123.0,,,
y1_d137_HYG_PHD,122.0,,,,,,,,False,,4208073.0,4208573.0,,,
y1_d137_HYG_PHD,123.0,,,,,,,,False,,4230723.0,4231173.0,,,
y1_d137_HYG_PHD,134.0,,,,,,,,False,,4693523.0,4694073.0,,,
y1_d137_HYG_PHD,135.0,,,,,,,,False,,4715173.0,4715723.0,,,
y1_d137_HYG_PHD,143.0,,,,,,,,False,,5029373.0,5029823.0,,,
y1_d137_HYG_PHD,144.0,,,,,,,,False,,5046073.0,5046523.0,,,
y1_d137_HYG_PHD,145.0,,,,,,,,False,,5064773.0,5065273.0,,,
y1_d137_HYG_PHD,147.0,,,,,,,,False,,5112923.0,5113423.0,,,
y1_d137_HYG_PHD,148.0,,,,,,,,False,,5130323.0,5130773.0,,,
y1_d137_HYG_PHD,149.0,,,,,,,,False,,5152423.0,5152873.0,,,
y1_d137_HYG_PHD,178.0,,,,,,,,False,,6122523.0,6123023.0,,,
y1_d137_HYG_PHD,181.0,,,,,,,,False,,6192973.0,6193423.0,,,
y1_d137_HYG_PHD,182.0,,,,,,,,False,,6210573.0,6211023.0,,,
y1_d137_HYG_PHD,184.0,,,,,,,,False,,6279673.0,6280123.0,,,
y1_d137_HYG_PHD,187.0,,,,,,,,False,,6379073.0,6379523.0,,,
y1_d137_HYG_PHD,189.0,,,,,,,,False,,6429223.0,6429723.0,,,
y1_d137_HYG_PHD,190.0,,,,,,,,False,,6464973.0,6465473.0,,,
y1_d137_HYG_PHD,196.0,,,,,,,,False,,6694973.0,6695523.0,,,
y1_d137_HYG_PHD,197.0,,,,,,,,False,,6709623.0,6710173.0,,,
y1_d137_HYG_PHD,198.0,,,,,,,,False,,6726823.0,6727323.0,,,
y1_d137_HYG_PHD,199.0,,,,,,,,False,,6745373.0,6745923.0,,,
y1_d137_HYG_PHD,220.0,,,,,,,,False,,7623273.0,7623723.0,,,
y1_d137_HYG_PHD,222.0,,,,,,,,False,,7665023.0,7665523.0,,,
y1_d137_HYG_PHD,225.0,,,,,,,,False,,7743073.0,7743523.0,,,
y1_d137_HYG_PHD,226.0,,,,,,,,False,,7790673.0,7791173.0,,,
y1_d137_HYG_PHD,234.0,,,,,,,,False,,8044773.0,8045273.0,,,
y1_d137_HYG_PHD,235.0,,,,,,,,False,,8066423.0,8066873.0,,,
y1_d137_HYG_PHD,236.0,,,,,,,,False,,8085273.0,8085773.0,,,
y1_d137_HYG_PHD,237.0,,,,,,,,False,,8105323.0,8105773.0,,,
y1_d137_HYG_PHD,239.0,,,,,,,,False,,8152123.0,8152573.0,,,
y1_d137_HYG_PHD,267.0,,,,,,,,False,,9066673.0,9067173.0,,,
y1_d137_HYG_PHD,268.0,,,,,,,,False,,9085473.0,9085923.0,,,
y1_d137_HYG_PHD,269.0,,,,,,,,False,,9104973.0,9105573.0,,,
y1_d137_HYG_PHD,274.0,"Out (inning-ending, verify)",1.9,0.7,1.2,77.46642122535667,76.69109501124721,70.62619895071772,True,1.8712866627862328,9223223.0,9223773.0,9224473.0,9225673.0,25
y1_d137_HYG_PHD,283.0,,,,,,,,False,,9705323.0,9705873.0,,,
y1_d137_HYG_PHD,284.0,,,,,,,,False,,9722773.0,9723273.0,,,
y1_d137_HYG_PHD,285.0,,,,,,,,False,,9742573.0,9743073.0,,,
y1_d137_HYG_PHD,286.0,,,,,,,,False,,9772523.0,9773023.0,,,
y1_d137_HYG_PHD,288.0,,,,,,,,False,,9839173.0,9839673.0,,,
y1_d137_HYG_PHD,289.0,,,,,,,,False,,9859673.0,9860123.0,,,
y1_d137_HYG_PHD,290.0,,,,,,,,False,,9888323.0,9888823.0,,,
y1_d137_HYG_PHD,291.0,,,,,,,,False,,9923773.0,9924273.0,,,
y1_d137_HYG_PHD,303.0,,,,,,,,False,,10312473.0,10313023.0,,,
y1_d137_HYG_PHD,304.0,,,,,,,,False,,10330773.0,10331323.0,,,
y1_d137_HYG_PHD,305.0,,,,,,,,False,,10348173.0,10348723.0,,,
y1_d137_HYG_PHD,306.0,,,,,,,,False,,10368873.0,10369423.0,,,
y1_d137_HYG_PHD,307.0,,,,,,,,False,,10386123.0,10386723.0,,,
y1_d137_HYG_PHD,308.0,,,,,,,,False,,10403873.0,10404423.0,,,
y1_d137_HYG_PHD,329.0,Safe,,,,,,,False,,11039623.0,11040073.0,,,
y1_d138_EXB_ARN,5.0,,,,,,,,False,,164236.0,164736.0,,,
y1_d138_EXB_ARN,7.0,,,,,,,,False,,202686.0,203136.0,,,
y1_d138_EXB_ARN,8.0,,,,,,,,False,,223936.0,224436.0,,,
y1_d138_EXB_ARN,11.0,,,,,,,,False,,364236.0,364686.0,,,
y1_d138_EXB_ARN,12.0,,,,,,,,False,,390036.0,390586.0,,,
y1_d138_EXB_ARN,13.0,,,,,,,,False,,412586.0,413136.0,,,
y1_d138_EXB_ARN,14.0,,,,,,,,False,,438186.0,438686.0,,,
y1_d138_EXB_ARN,17.0,"Out (inning-ending, verify)",2.1,0.95,1.15,81.12388160981092,80.2811451281536,73.2530291889064,True,9.032459107887487,542036.0,542536.0,543486.0,544636.0,24
y1_d138_EXB_ARN,23.0,,,,,,,,False,,815236.0,815686.0,,,
y1_d138_EXB_ARN,29.0,,,,,,,,False,,1119286.0,1119786.0,,,
y1_d138_EXB_ARN,41.0,,,,,,,,False,,1539136.0,1539586.0,,,
y1_d138_EXB_ARN,42.0,,,,,,,,False,,1557386.0,1557936.0,,,
y1_d138_EXB_ARN,43.0,,,,,,,,False,,1584486.0,1584986.0,,,
y1_d138_EXB_ARN,47.0,,,,,,,,False,,1719636.0,1720086.0,,,
y1_d138_EXB_ARN,49.0,,,,,,,,False,,1774586.0,1775036.0,,,
y1_d138_EXB_ARN,85.0,,,,,,,,False,,2979586.0,2980086.0,,,
y1_d138_EXB_ARN,86.0,,,,,,,,False,,2999936.0,3000436.0,,,
y1_d138_EXB_ARN,87.0,,,,,,,,False,,3023086.0,3023586.0,,,
y1_d138_EXB_ARN,89.0,,,,,,,,False,,3067386.0,3067936.0,,,
y1_d138_EXB_ARN,117.0,,,,,,,,False,,4038686.0,4039186.0,,,
y1_d138_EXB_ARN,129.0,,,,,,,,False,,4379236.0,4379686.0,,,
y1_d138_EXB_ARN,137.0,,,,,,,,False,,4765736.0,4766236.0,,,
y1_d138_EXB_ARN,138.0,,,,,,,,False,,4787886.0,4788486.0,,,
y1_d138_EXB_ARN,159.0,,,,,,,,False,,5574236.0,5574686.0,,,
y1_d138_EXB_ARN,180.0,,,,,,,,False,,6451586.0,6452036.0,,,
y1_d138_EXB_ARN,183.0,,,,,,,,False,,6581636.0,6582136.0,,,
y1_d138_EXB_ARN,217.0,,,,,,,,False,,7902886.0,7903386.0,,,
y1_d138_EXB_ARN,218.0,,,,,,,,False,,7924836.0,7925336.0,,,
y1_d138_EXB_ARN,219.0,,,,,,,,False,,7948236.0,7948686.0,,,
y1_d138_EXB_ARN,220.0,,,,,,,,False,,7971886.0,7972336.0,,,
y1_d138_EXB_ARN,221.0,,,,,,,,False,,7999436.0,7999886.0,,,
y1_d138_EXB_ARN,260.0,,,,,,,,False,,9506186.0,9506686.0,,,
y1_d138_EXB_ARN,263.0,,,,,,,,False,,9588186.0,9588686.0,,,
y1_d138_EXB_ARN,265.0,,,,,,,,False,,9651936.0,9652436.0,,,
y1_d138_EXB_ARN,267.0,,,,,,,,False,,9725036.0,9725486.0,,,
y1_d138_EXB_ARN,268.0,,,,,,,,False,,9746836.0,9747336.0,,,
y1_d138_EXB_ARN,271.0,,,,,,,,False,,9877286.0,9877786.0,,,
y1_d138_EXB_ARN,272.0,,,,,,,,False,,9897936.0,9898436.0,,,
y1_d138_EXB_ARN,273.0,,,,,,,,False,,9921086.0,9921586.0,,,
y1_d138_EXB_ARN,278.0,,,,,,,,False,,10098786.0,10099236.0,,,
y1_d138_HYG_PHD,6.0,,,,,,,,False,,101236.0,101698.0,,,
y1_d138_HYG_PHD,7.0,,,,,,,,False,,127174.0,127669.0,,,
y1_d138_HYG_PHD,9.0,,,,,,,,False,,199082.0,199544.0,,,
y1_d138_HYG_PHD,11.0,Safe,10.362,0.594,9.768,81.43144705010864,75.42528459777546,29.935799964377875,True,5.14533630274705,239012.0,239441.0,240035.0,249803.0,269
y1_d138_HYG_PHD,54.0,,,,,,,,False,,1501197.0,1501758.0,,,
y1_d138_HYG_PHD,56.0,,,,,,,,False,,1549773.0,1550301.0,,,
y1_d138_HYG_PHD,59.0,,1.881,0.693,1.188,78.23154415985525,77.4497569455566,71.14146698068905,True,3.302736125912767,1642767.0,1643229.0,1643922.0,1645110.0,37
y1_d138_HYG_PHD,61.0,,,,,,,,False,,1686261.0,1686723.0,,,
y1_d138_HYG_PHD,76.0,,,,,,,,False,,2204626.0,2205088.0,,,
y1_d138_HYG_PHD,78.0,,,,,,,,False,,2234821.0,2235316.0,,,
y1_d138_HYG_PHD,79.0,,,,,,,,False,,2255974.0,2256436.0,,,
y1_d138_HYG_PHD,80.0,,,,,,,,False,,2275279.0,2275807.0,,,
y1_d138_HYG_PHD,82.0,,,,,,,,False,,2307058.0,2307520.0,,,
y1_d138_HYG_PHD,85.0,,,,,,,,False,,2355799.0,2356261.0,,,
y1_d138_HYG_PHD,103.0,,,,,,,,False,,2980225.0,2980654.0,,,
y1_d138_HYG_PHD,112.0,,,,,,,,False,,3281747.0,3282209.0,,,
y1_d138_HYG_PHD,113.0,,,,,,,,False,,3304154.0,3304682.0,,,
y1_d138_HYG_PHD,114.0,,,,,,,,False,,3331577.0,3332039.0,,,
y1_d138_HYG_PHD,129.0,,,,,,,,False,,3977948.0,3978443.0,,,
y1_d138_HYG_PHD,133.0,,,,,,,,False,,4098365.0,4098860.0,,,
y1_d138_HYG_PHD,136.0,,,,,,,,False,,4163970.0,4164465.0,,,
y1_d138_HYG_PHD,137.0,,,,,,,,False,,4184661.0,4185123.0,,,
y1_d138_HYG_PHD,159.0,,,,,,,,False,,7907229.0,7907691.0,,,
y1_d138_HYG_PHD,160.0,,,,,,,,False,,7925049.0,7925643.0,,,
y1_d138_HYG_PHD,161.0,,,,,,,,False,,7949205.0,7949667.0,,,
y1_d138_HYG_PHD,166.0,,,,,,,,False,,8219839.0,8220301.0,,,
y1_d138_HYG_PHD,168.0,Safe,1.914,0.726,1.188,79.78131323936631,78.91259792907071,71.7700226283072,True,4.474492637024835,8268349.0,8268877.0,8269603.0,8270791.0,37
y1_d138_HYG_PHD,212.0,,,,,,,,False,,9831098.0,9831593.0,,,
y1_d138_HYG_PHD,213.0,,,,,,,,False,,9853274.0,9853736.0,,,
y1_d138_HYG_PHD,214.0,,,,,,,,False,,9878123.0,9878585.0,,,
y1_d138_HYG_PHD,227.0,,,,,,,,False,,10357053.0,10357548.0,,,
y1_d138_HYG_PHD,228.0,,,,,,,,False,,10375137.0,10375632.0,,,
y1_d138_HYG_PHD,230.0,,,,,,,,False,,10457538.0,10458033.0,,,
y1_d138_HYG_PHD,231.0,,,,,,,,False,,10476150.0,10476645.0,,,
y1_d138_HYG_PHD,232.0,,,,,,,,False,,10498656.0,10499151.0,,,
y1_d138_HYG_PHD,294.0,,,,,,,,False,,12548189.0,12548651.0,,,
y1_d138_HYG_PHD,295.0,,,,,,,,False,,12563303.0,12563765.0,,,
y1_d138_QBR_ANI,5.0,,,,,,,,False,,198669.0,199119.0,,,
y1_d138_QBR_ANI,6.0,,,,,,,,False,,221219.0,221719.0,,,
y1_d138_QBR_ANI,8.0,,,,,,,,False,,266719.0,267269.0,,,
y1_d138_QBR_ANI,11.0,,,,,,,,False,,392619.0,393169.0,,,
y1_d138_QBR_ANI,12.0,,,,,,,,False,,410469.0,411019.0,,,
y1_d138_QBR_ANI,14.0,,,,,,,,False,,467969.0,468469.0,,,
y1_d138_QBR_ANI,18.0,,,,,,,,False,,580319.0,580819.0,,,
y1_d138_QBR_ANI,19.0,,,,,,,,False,,599019.0,599519.0,,,
y1_d138_QBR_ANI,45.0,,,,,,,,False,,1449469.0,1449919.0,,,
y1_d138_QBR_ANI,46.0,,,,,,,,False,,1467969.0,1468419.0,,,
y1_d138_QBR_ANI,47.0,,,,,,,,False,,1484969.0,1485469.0,,,
y1_d138_QBR_ANI,48.0,,,,,,,,False,,1506819.0,1507269.0,,,
y1_d138_QBR_ANI,49.0,,,,,,,,False,,1524469.0,1524919.0,,,
y1_d138_QBR_ANI,68.0,,,,,,,,False,,2197969.0,2198419.0,,,
y1_d138_QBR_ANI,75.0,,,,,,,,False,,2475519.0,2476019.0,,,
y1_d138_QBR_ANI,76.0,,,,,,,,False,,2495319.0,2495869.0,,,
y1_d138_QBR_ANI,77.0,,,,,,,,False,,2515969.0,2516469.0,,,
y1_d138_QBR_ANI,78.0,,,,,,,,False,,2533819.0,2534319.0,,,
y1_d138_QBR_ANI,84.0,,,,,,,,False,,2722569.0,2723169.0,,,
y1_d138_QBR_ANI,85.0,,,,,,,,False,,2741269.0,2741869.0,,,
y1_d138_QBR_ANI,100.0,,,,,,,,False,,3261019.0,3261469.0,,,
y1_d138_QBR_ANI,101.0,,,,,,,,False,,3281569.0,3282019.0,,,
y1_d138_QBR_ANI,102.0,,,,,,,,False,,3300769.0,3301269.0,,,
y1_d138_QBR_ANI,103.0,,,,,,,,False,,3327819.0,3328319.0,,,
y1_d138_QBR_ANI,104.0,,,,,,,,False,,3350419.0,3350919.0,,,
y1_d138_QBR_ANI,106.0,,,,,,,,False,,3421869.0,3422369.0,,,
y1_d138_QBR_ANI,107.0,,,,,,,,False,,3441369.0,3441819.0,,,
y1_d138_QBR_ANI,124.0,,,,,,,,False,,4042619.0,4043069.0,,,
y1_d138_QBR_ANI,135.0,,,,,,,,False,,4481819.0,4482269.0,,,
y1_d138_QBR_ANI,136.0,,,,,,,,False,,4503619.0,4504069.0,,,
y1_d138_QBR_ANI,172.0,,,,,,,,False,,5696969.0,5697419.0,,,
y1_d138_QBR_ANI,174.0,,,,,,,,False,,5736619.0,5737069.0,,,
y1_d138_QBR_ANI,176.0,,,,,,,,False,,5803469.0,5803919.0,,,
y1_d138_QBR_ANI,177.0,,,,,,,,False,,5821219.0,5821669.0,,,
y1_d138_QBR_ANI,178.0,"Out (inning-ending, verify)",2.0,0.75,1.25,78.58284528072092,77.65173094630339,70.0529608358411,True,3.2420982971975283,5840469.0,5840919.0,5841669.0,5842919.0,26
y1_d138_QBR_ANI,205.0,,,,,,,,False,,7021219.0,7021669.0,,,
y1_d138_QBR_ANI,206.0,,,,,,,,False,,7050069.0,7050569.0,,,
y1_d138_QBR_ANI,207.0,,,,,,,,False,,7076369.0,7076919.0,,,
y1_d138_QBR_ANI,208.0,,,,,,,,False,,7123719.0,7124219.0,,,
y1_d138_QBR_ANI,209.0,,,,,,,,False,,7157819.0,7158319.0,,,
y1_d138_QBR_ANI,224.0,,,,,,,,False,,7682819.0,7683369.0,,,
y1_d138_QBR_ANI,225.0,,,,,,,,False,,7707169.0,7707669.0,,,
y1_d138_QBR_ANI,226.0,,,,,,,,False,,7731369.0,7731869.0,,,
y1_d138_QBR_ANI,227.0,,,,,,,,False,,7756719.0,7757169.0,,,
y1_d138_QBR_ANI,238.0,,,,,,,,False,,8247369.0,8251719.0,,,
y1_d138_QBR_ANI,254.0,,,,,,,,False,,8687969.0,8688519.0,,,
y1_d138_QBR_ANI,255.0,,,,,,,,False,,8706469.0,8706969.0,,,
y1_d138_QBR_ANI,256.0,,,,,,,,False,,8728369.0,8728819.0,,,
y1_d138_QBR_ANI,257.0,,,,,,,,False,,8753519.0,8753969.0,,,
y1_d138_QBR_ANI,269.0,,,,,,,,False,,9294269.0,9294719.0,,,
y1_d138_QBR_ANI,270.0,,,,,,,,False,,9325869.0,9326319.0,,,
y1_d138_QBR_ANI,271.0,,,,,,,,False,,9346569.0,9347019.0,,,
y1_d138_QBR_ANI,274.0,,,,,,,,False,,9434419.0,9434919.0,,,
y1_d138_QBR_ANI,276.0,,,,,,,,False,,9488369.0,9488819.0,,,
y1_d138_QBR_ANI,293.0,,,,,,,,False,,10058719.0,10059169.0,,,
y1_d138_QBR_ANI,294.0,,,,,,,,False,,10079369.0,10079819.0,,,
y1_d138_QBR_ANI,295.0,,,,,,,,False,,10100619.0,10101119.0,,,
y1_d138_QBR_ANI,296.0,,,,,,,,False,,10120769.0,10121269.0,,,
y1_d138_QBR_ANI,297.0,,,,,,,,False,,10136319.0,10136769.0,,,
y1_d138_QBR_ANI,298.0,,,,,,,,False,,10157519.0,10157969.0,,,
y1_d138_QBR_ANI,310.0,,,,,,,,False,,10750119.0,10750569.0,,,
y1_d138_QBR_ANI,311.0,,,,,,,,False,,10773469.0,10773969.0,,,
y1_d139_GNX_PHD,57.0,,,,,,,,False,,1858953.0,1859403.0,,,
y1_d139_GNX_PHD,60.0,,,,,,,,False,,2009003.0,2009453.0,,,
y1_d139_GNX_PHD,61.0,,,,,,,,False,,2040803.0,2041353.0,,,
y1_d139_GNX_PHD,68.0,,,,,,,,False,,2268553.0,2269053.0,,,
y1_d139_GNX_PHD,69.0,,,,,,,,False,,2288503.0,2288953.0,,,
y1_d139_GNX_PHD,70.0,,,,,,,,False,,2306953.0,2307403.0,,,
y1_d139_GNX_PHD,81.0,,,,,,,,False,,2684303.0,2684753.0,,,
y1_d139_GNX_PHD,85.0,,,,,,,,False,,2797703.0,2798203.0,,,
y1_d139_GNX_PHD,86.0,,,,,,,,False,,2834903.0,2835353.0,,,
y1_d139_GNX_PHD,87.0,,,,,,,,False,,2859753.0,2860203.0,,,
y1_d139_GNX_PHD,91.0,,,,,,,,False,,2984203.0,2984603.0,,,
y1_d139_GNX_PHD,119.0,,,,,,,,False,,3888303.0,,,,
y1_d139_GNX_PHD,143.0,,,,,,,,False,,4815103.0,4815603.0,,,
y1_d139_GNX_PHD,158.0,,,,,,,,False,,5395953.0,5396403.0,,,
y1_d139_GNX_PHD,160.0,,,,,,,,False,,5440603.0,5441053.0,,,
y1_d139_GNX_PHD,163.0,,,,,,,,False,,5503553.0,,,,
y1_d139_GNX_PHD,185.0,,,,,,,,False,,6268803.0,6269353.0,,,
y1_d139_GNX_PHD,186.0,,,,,,,,False,,6291253.0,6291803.0,,,
y1_d139_GNX_PHD,189.0,,,,,,,,False,,6393503.0,6394053.0,,,
y1_d139_GNX_PHD,259.0,,,,,,,,False,,8795303.0,8795753.0,,,
y1_d139_GNX_PHD,262.0,,1.95,0.7,1.25,76.88189643942843,76.08216500646736,69.57200091599931,True,2.8301861584556955,8886453.0,8886903.0,8887603.0,8888853.0,26
y1_d139_GNX_PHD,267.0,,,,,,,,False,,9162953.0,9163403.0,,,
y1_d139_GNX_PHD,268.0,,,,,,,,False,,9186803.0,9187253.0,,,
y1_d139_GNX_PHD,270.0,,,,,,,,False,,9243603.0,9244153.0,,,
y1_d139_GNX_PHD,271.0,,,,,,,,False,,9275253.0,9275703.0,,,
y1_d139_GNX_PHD,272.0,,,,,,,,False,,9296153.0,9296603.0,,,
y1_d139_GNX_PHD,274.0,,,0.7,,,,,False,,9352503.0,9353103.0,9353803.0,,
y1_d139_GNX_PHD,286.0,,,,,,,,False,,9834953.0,9835403.0,,,
y1_d139_GNX_PHD,288.0,,,,,,,,False,,9879453.0,9879903.0,,,
y1_d139_GNX_PHD,289.0,,,,,,,,False,,9901153.0,9901603.0,,,
y1_d139_GNX_PHD,321.0,,,,,,,,False,,11096753.0,11097253.0,,,
y1_d139_GNX_PHD,322.0,,,,,,,,False,,11115253.0,,,,
y1_d139_GNX_PHD,325.0,,,,,,,,False,,11341853.0,11342353.0,,,
y1_d139_GNX_PHD,326.0,,,,,,,,False,,11356603.0,11357103.0,,,
y1_d139_GNX_PHD,327.0,,,,,,,,False,,11371853.0,11374203.0,,,
y1_d139_GNX_PHD,328.0,,,,,,,,False,,11402553.0,11403103.0,,,
y1_d139_GNX_PHD,330.0,,,,,,,,False,,11451853.0,11452353.0,,,
y1_d139_QBR_ANI,5.0,,,,,,,,False,,89424.0,89924.0,,,
y1_d139_QBR_ANI,6.0,Safe,7.4,0.6,6.8,74.67493583409498,71.74090562066674,34.333698798247845,False,35.81314705772332,111974.0,112524.0,113124.0,119924.0,103
y1_d139_QBR_ANI,11.0,,,,,,,,False,,258574.0,259024.0,,,
y1_d139_QBR_ANI,13.0,,,,,,,,False,,302624.0,303124.0,,,
y1_d139_QBR_ANI,14.0,Safe,,,,,,,False,,324624.0,325124.0,,,
y1_d139_QBR_ANI,56.0,,,,,,,,False,,1692874.0,1693324.0,,,
y1_d139_QBR_ANI,57.0,Safe,2.05,0.65,1.4,72.05679880744175,71.19207379278599,64.47889411423279,True,6.78885572735025,1713174.0,1713624.0,1714274.0,1715674.0,29
y1_d139_QBR_ANI,87.0,,,,,,,,False,,2695524.0,2695974.0,,,
y1_d139_QBR_ANI,89.0,,,,,,,,False,,2743474.0,2743974.0,,,
y1_d139_QBR_ANI,91.0,,,,,,,,False,,2798574.0,2799024.0,,,
y1_d139_QBR_ANI,92.0,,,,,,,,False,,2824074.0,2829874.0,,,
y1_d139_QBR_ANI,93.0,,,,,,,,False,,2863424.0,2863924.0,,,
y1_d139_QBR_ANI,109.0,,,,,,,,False,,3403074.0,3403574.0,,,
y1_d139_QBR_ANI,110.0,,,,,,,,False,,3419074.0,3419524.0,,,
y1_d139_QBR_ANI,150.0,,,,,,,,False,,5088474.0,5088974.0,,,
y1_d139_QBR_ANI,151.0,,,,,,,,False,,5108774.0,5109274.0,,,
y1_d139_QBR_ANI,152.0,,,,,,,,False,,5125274.0,5125774.0,,,
y1_d139_QBR_ANI,155.0,,,,,,,,False,,5187524.0,5188074.0,,,
y1_d139_QBR_ANI,156.0,,,,,,,,False,,5206874.0,5207424.0,,,
y1_d139_QBR_ANI,164.0,,,,,,,,False,,5512474.0,5512924.0,,,
y1_d139_QBR_ANI,165.0,,,,,,,,False,,5529124.0,5529574.0,,,
y1_d139_QBR_ANI,167.0,,,,,,,,False,,5576174.0,5576624.0,,,
y1_d139_QBR_ANI,185.0,,,,,,,,False,,6083574.0,6084024.0,,,
y1_d139_QBR_ANI,186.0,,,,,,,,False,,6105274.0,6105774.0,,,
y1_d139_QBR_ANI,196.0,,,,,,,,False,,6460574.0,6461024.0,,,
y1_d139_QBR_ANI,223.0,,,,,,,,False,,7724274.0,7724774.0,,,
y1_d139_QBR_ANI,224.0,,,,,,,,False,,7744424.0,7744974.0,,,
y1_d139_QBR_ANI,225.0,,,,,,,,False,,7765374.0,7765874.0,,,
y1_d139_QBR_ANI,226.0,,,,,,,,False,,7792624.0,7793074.0,,,
y1_d139_QBR_ANI,227.0,,,,,,,,False,,7813424.0,7813924.0,,,
y1_d139_QBR_ANI,305.0,,,,,,,,False,,10426074.0,10426574.0,,,
y1_d139_QBR_ANI,307.0,,,,,,,,False,,10478374.0,10478874.0,,,
y1_d139_QBR_ANI,321.0,,,,,,,,False,,10934074.0,10934574.0,,,
y1_d139_QBR_ANI,322.0,,,,,,,,False,,10953724.0,10954224.0,,,
y1_d139_QBR_ANI,324.0,,,,,,,,False,,11012424.0,11012974.0,,,
y1_d139_QBR_ANI,325.0,,,,,,,,False,,11025724.0,11026224.0,,,
y1_d139_QBR_ANI,326.0,,,,,,,,False,,11046074.0,11046524.0,,,
y1_d139_QBR_ANI,327.0,,,,,,,,False,,11065774.0,11066274.0,,,
y1_d139_QBR_ANI,328.0,,,,,,,,False,,11085474.0,11086024.0,,,
y1_d139_QBR_ANI,329.0,,,,,,,,False,,11119474.0,11120024.0,,,
y1_d139_QBR_ANI,332.0,,,,,,,,False,,11191774.0,11192274.0,,,
y1_d139_QBR_ANI,354.0,,,,,,,,False,,11951274.0,11951724.0,,,
y1_d139_QBR_ANI,355.0,,,,,,,,False,,11970074.0,11970524.0,,,
y1_d139_QBR_ANI,359.0,,,,,,,,False,,12051874.0,12052424.0,,,
y1_d139_QBR_ANI,360.0,,,,,,,,False,,12070924.0,12071424.0,,,
y1_d139_QBR_ANI,363.0,,,,,,,,False,,12165174.0,12165674.0,,,
y1_d139_QBR_ANI,365.0,,,,,,,,False,,12231724.0,12232224.0,,,
y1_d139_QBR_ANI,366.0,,,,,,,,False,,12247424.0,12247874.0,,,
y1_d139_QBR_ANI,367.0,,,,,,,,False,,12262824.0,12263374.0,,,
y1_d139_QBR_ANI,369.0,,,,,,,,False,,12306274.0,12306824.0,,,
y1_d139_QBR_ANI,388.0,,,,,,,,False,,12982874.0,12983324.0,,,
y1_d139_QBR_ANI,389.0,,,,,,,,False,,12999974.0,13000424.0,,,
y1_d139_VAS_ARN,15.0,,,,,,,,False,,273913.0,274413.0,,,
y1_d139_VAS_ARN,17.0,,,,,,,,False,,322663.0,323113.0,,,
y1_d139_VAS_ARN,18.0,,,,,,,,False,,341913.0,342363.0,,,
y1_d139_VAS_ARN,76.0,,,,,,,,False,,2290413.0,2290963.0,,,
y1_d139_VAS_ARN,77.0,,,,,,,,False,,2318513.0,2319013.0,,,
y1_d139_VAS_ARN,78.0,,,,,,,,False,,2344013.0,2344513.0,,,
y1_d139_VAS_ARN,80.0,,,,,,,,False,,2397813.0,2398313.0,,,
y1_d139_VAS_ARN,89.0,,,,,,,,False,,2699563.0,2700013.0,,,
y1_d139_VAS_ARN,101.0,,,,,,,,False,,3158513.0,3158963.0,,,
y1_d139_VAS_ARN,104.0,,,,,,,,False,,3222513.0,3222963.0,,,
y1_d139_VAS_ARN,105.0,,,,,,,,False,,3249763.0,3250263.0,,,
y1_d139_VAS_ARN,107.0,,,,,,,,False,,3312513.0,3312963.0,,,
y1_d139_VAS_ARN,108.0,,,,,,,,False,,3347413.0,3347963.0,,,
y1_d139_VAS_ARN,109.0,,,,,,,,False,,3372463.0,3372913.0,,,
y1_d139_VAS_ARN,112.0,,,,,,,,False,,3450413.0,3450913.0,,,
y1_d139_VAS_ARN,140.0,,,,,,,,False,,4580463.0,4580963.0,,,
y1_d139_VAS_ARN,142.0,,,,,,,,False,,4637163.0,4637663.0,,,
y1_d139_VAS_ARN,144.0,,,,,,,,False,,4677963.0,4678413.0,,,
y1_d139_VAS_ARN,162.0,,,,,,,,False,,5206813.0,5207313.0,,,
y1_d139_VAS_ARN,165.0,,,,,,,,False,,5276313.0,5276763.0,,,
y1_d139_VAS_ARN,166.0,,,,,,,,False,,5298613.0,5299113.0,,,
y1_d139_VAS_ARN,167.0,,,,,,,,False,,5327663.0,5328113.0,,,
y1_d139_VAS_ARN,181.0,,,,,,,,False,,5786263.0,5786713.0,,,
y1_d139_VAS_ARN,182.0,,,,,,,,False,,5802763.0,5803263.0,,,
y1_d139_VAS_ARN,183.0,,,,,,,,False,,5821763.0,5822213.0,,,
y1_d139_VAS_ARN,184.0,,,,,,,,False,,5842363.0,5842863.0,,,
y1_d139_VAS_ARN,185.0,,,,,,,,False,,5878413.0,5878913.0,,,
y1_d139_VAS_ARN,187.0,,,,,,,,False,,5942163.0,5942663.0,,,
y1_d139_VAS_ARN,194.0,,,,,,,,False,,6255963.0,6256413.0,,,
y1_d139_VAS_ARN,195.0,,,,,,,,False,,6283313.0,6283763.0,,,
y1_d139_VAS_ARN,196.0,,,,,,,,False,,6306113.0,6306563.0,,,
y1_d139_VAS_ARN,197.0,,,,,,,,False,,6339313.0,6339813.0,,,
y1_d139_VAS_ARN,198.0,,,,,,,,False,,6363313.0,6363713.0,,,
y1_d139_VAS_ARN,199.0,,,,,,,,False,,6386813.0,6387263.0,,,
y1_d139_VAS_ARN,200.0,,,,,,,,False,,6409513.0,6409963.0,,,
y1_d139_VAS_ARN,214.0,,,,,,,,False,,7043913.0,7044413.0,,,
y1_d139_VAS_ARN,215.0,,,,,,,,False,,7060563.0,7061113.0,,,
y1_d139_VAS_ARN,217.0,,,,,,,,False,,7110113.0,7110563.0,,,
y1_d139_VAS_ARN,218.0,,,,,,,,False,,7130963.0,7131413.0,,,
y1_d139_VAS_ARN,224.0,,,,,,,,False,,7482963.0,7483413.0,,,
y1_d139_VAS_ARN,226.0,,,,,,,,False,,7567563.0,7568013.0,,,
y1_d139_VAS_ARN,227.0,,,,,,,,False,,7588463.0,7588963.0,,,
y1_d139_VAS_ARN,255.0,,,,,,,,False,,8600963.0,8601463.0,,,
y1_d139_VAS_ARN,256.0,,,,,,,,False,,8615063.0,8615613.0,,,
y1_d139_VAS_ARN,258.0,,,,,,,,False,,8673013.0,8673513.0,,,
y1_d139_VAS_ARN,259.0,,,,,,,,False,,8690813.0,8691313.0,,,
y1_d139_VAS_ARN,260.0,,,,,,,,False,,8721363.0,8721863.0,,,
y1_d139_VAS_ARN,262.0,,,,,,,,False,,8790963.0,8791463.0,,,
y1_d139_VAS_ARN,263.0,,,,,,,,False,,8806063.0,8806563.0,,,
y1_d139_VAS_ARN,264.0,,,,,,,,False,,8822963.0,,,,
y1_d139_VAS_ARN,275.0,,,,,,,,False,,9206113.0,9206563.0,,,
y1_d139_VAS_ARN,281.0,,,,,,,,False,,9393663.0,9394163.0,,,
y1_d139_VAS_ARN,304.0,,,,,,,,False,,10350363.0,10350813.0,,,
y1_d139_VAS_ARN,305.0,,,,,,,,False,,10367713.0,10368163.0,,,
y1_d140_GNX_PHD,9.0,,,,,,,,False,,291808.0,292258.0,,,
y1_d140_GNX_PHD,11.0,,,,,,,,False,,327208.0,327658.0,,,
y1_d140_GNX_PHD,16.0,,,,,,,,False,,608258.0,608758.0,,,
y1_d140_GNX_PHD,19.0,,,,,,,,False,,679308.0,679858.0,,,
y1_d140_GNX_PHD,38.0,,,,,,,,False,,1206108.0,1206558.0,,,
y1_d140_GNX_PHD,39.0,,,,,,,,False,,1224158.0,1224558.0,,,
y1_d140_GNX_PHD,40.0,,,,,,,,False,,1243708.0,1244158.0,,,
y1_d140_GNX_PHD,42.0,,,,,,,,False,,1303558.0,1304008.0,,,
y1_d140_GNX_PHD,43.0,,,,,,,,False,,1318058.0,1318508.0,,,
y1_d140_GNX_PHD,44.0,,,,,,,,False,,1335708.0,1336158.0,,,
y1_d140_GNX_PHD,57.0,,,,,,,,False,,1785308.0,1785808.0,,,
y1_d140_GNX_PHD,65.0,,,,,,,,False,,2140658.0,2141108.0,,,
y1_d140_GNX_PHD,67.0,,,,,,,,False,,2180958.0,2181408.0,,,
y1_d140_GNX_PHD,68.0,,,,,,,,False,,2198558.0,2199108.0,,,
y1_d140_GNX_PHD,85.0,,,,,,,,False,,2989058.0,2989508.0,,,
y1_d140_GNX_PHD,86.0,,,,,,,,False,,3008308.0,3008858.0,,,
y1_d140_GNX_PHD,87.0,,,,,,,,False,,3030158.0,3030558.0,,,
y1_d140_GNX_PHD,88.0,,,,,,,,False,,3052158.0,3052608.0,,,
y1_d140_GNX_PHD,89.0,,,,,,,,False,,3077158.0,3077608.0,,,
y1_d140_GNX_PHD,121.0,,,,,,,,False,,4187758.0,4188258.0,,,
y1_d140_GNX_PHD,122.0,,1.8,0.65,1.15,82.44358816296734,81.60729326296331,74.8289757768611,True,1.4488986500069243,4205508.0,4206008.0,4206658.0,4207808.0,24
y1_d140_GNX_PHD,133.0,,,,,,,,False,,4762058.0,4762508.0,,,
y1_d140_GNX_PHD,150.0,,,,,,,,False,,5338558.0,5339008.0,,,
y1_d140_GNX_PHD,163.0,,,,,,,,False,,5772558.0,5773058.0,,,
y1_d140_GNX_PHD,166.0,,,,,,,,False,,5875158.0,5875608.0,,,
y1_d140_GNX_PHD,211.0,,,,,,,,False,,7452958.0,7453408.0,,,
y1_d140_GNX_PHD,212.0,,,,,,,,False,,7478908.0,7479358.0,,,
y1_d140_GNX_PHD,214.0,,,,,,,,False,,7536308.0,7536858.0,,,
y1_d140_GNX_PHD,216.0,,,,,,,,False,,7602808.0,7603258.0,,,
y1_d140_GNX_PHD,217.0,,,,,,,,False,,7640508.0,7641058.0,,,
y1_d140_GNX_PHD,218.0,,,,,,,,False,,7668008.0,7668458.0,,,
y1_d140_GNX_PHD,219.0,,,,,,,,False,,7691908.0,7697458.0,,,
y1_d140_GNX_PHD,220.0,,,,,,,,False,,7733908.0,7734358.0,,,
y1_d140_GNX_PHD,228.0,,,,,,,,False,,8320658.0,8321158.0,,,
y1_d140_GNX_PHD,230.0,,,,,,,,False,,8373508.0,8374008.0,,,
y1_d140_GNX_PHD,232.0,,,,,,,,False,,8427708.0,8428208.0,,,
y1_d140_GNX_PHD,233.0,,,,,,,,False,,8479908.0,8480358.0,,,
y1_d140_QBR_ANI,12.0,,,,,,,,False,,337363.0,337913.0,,,
y1_d140_QBR_ANI,14.0,,,,,,,,False,,393663.0,394113.0,,,
y1_d140_QBR_ANI,15.0,,1.95,0.7,1.25,80.03097943448387,79.2272471315884,72.74745985255277,True,2.462393266412243,417613.0,418163.0,418863.0,420113.0,26
y1_d140_QBR_ANI,17.0,,,,,,,,False,,504813.0,505313.0,,,
y1_d140_QBR_ANI,18.0,,,,,,,,False,,525663.0,526163.0,,,
y1_d140_QBR_ANI,19.0,,,,,,,,False,,554963.0,555413.0,,,
y1_d140_QBR_ANI,20.0,,,,,,,,False,,585313.0,585863.0,,,
y1_d140_QBR_ANI,22.0,,,,,,,,False,,791563.0,792063.0,,,
y1_d140_QBR_ANI,23.0,,,,,,,,False,,811113.0,811613.0,,,
y1_d140_QBR_ANI,24.0,,,,,,,,False,,832213.0,832713.0,,,
y1_d140_QBR_ANI,25.0,,,,,,,,False,,854013.0,854613.0,,,
y1_d140_QBR_ANI,26.0,,,,,,,,False,,879663.0,880163.0,,,
y1_d140_QBR_ANI,28.0,,,,,,,,False,,935263.0,935713.0,,,
y1_d140_QBR_ANI,29.0,,,,,,,,False,,970713.0,971213.0,,,
y1_d140_QBR_ANI,30.0,,,,,,,,False,,991713.0,992213.0,,,
y1_d140_QBR_ANI,31.0,,,,,,,,False,,1014963.0,1015513.0,,,
y1_d140_QBR_ANI,41.0,,,,,,,,False,,1442063.0,1442563.0,,,
y1_d140_QBR_ANI,42.0,,,,,,,,False,,1465063.0,1465613.0,,,
y1_d140_QBR_ANI,62.0,,,,,,,,False,,2265113.0,2265613.0,,,
y1_d140_QBR_ANI,63.0,,,,,,,,False,,2283313.0,2283863.0,,,
y1_d140_QBR_ANI,64.0,,,,,,,,False,,2324563.0,2325013.0,,,
y1_d140_QBR_ANI,65.0,,,,,,,,False,,2353863.0,2354363.0,,,
y1_d140_QBR_ANI,66.0,,,,,,,,False,,2389363.0,2389913.0,,,
y1_d140_QBR_ANI,68.0,,,,,,,,False,,2473813.0,2474313.0,,,
y1_d140_QBR_ANI,94.0,,,,,,,,False,,3455813.0,3456313.0,,,
y1_d140_QBR_ANI,120.0,,,,,,,,False,,4346363.0,4346963.0,,,
y1_d140_QBR_ANI,121.0,,,,,,,,False,,4372913.0,4373413.0,,,
y1_d140_QBR_ANI,122.0,,,,,,,,False,,4396763.0,4397363.0,,,
y1_d140_QBR_ANI,123.0,,,,,,,,False,,4433713.0,4434213.0,,,
y1_d140_QBR_ANI,124.0,,,,,,,,False,,4459313.0,4459763.0,,,
y1_d140_QBR_ANI,125.0,,,,,,,,False,,4479113.0,4479713.0,,,
y1_d140_QBR_ANI,126.0,,,,,,,,False,,4506413.0,4506863.0,,,
y1_d140_QBR_ANI,128.0,,,,,,,,False,,4557713.0,4558213.0,,,
y1_d140_QBR_ANI,151.0,,,,,,,,False,,5431213.0,5431713.0,,,
y1_d140_QBR_ANI,152.0,,,,,,,,False,,5466613.0,5467113.0,,,
y1_d140_QBR_ANI,153.0,,,,,,,,False,,5499113.0,5499563.0,,,
y1_d140_QBR_ANI,154.0,,,,,,,,False,,5523013.0,5523513.0,,,
y1_d140_QBR_ANI,155.0,,,,,,,,False,,5544513.0,5545113.0,,,
y1_d140_QBR_ANI,158.0,,,,,,,,False,,5620813.0,5624813.0,,,
y1_d140_QBR_ANI,159.0,,,,,,,,False,,5659113.0,5659613.0,,,
y1_d140_QBR_ANI,160.0,,,,,,,,False,,5681963.0,5682563.0,,,
y1_d140_QBR_ANI,183.0,,,,,,,,False,,6795463.0,6795913.0,,,
y1_d140_QBR_ANI,184.0,,,,,,,,False,,6812463.0,6812913.0,,,
y1_d140_QBR_ANI,208.0,,,,,,,,False,,7637713.0,7638163.0,,,
y1_d140_QBR_ANI,209.0,,,,,,,,False,,7660113.0,7660613.0,,,
y1_d140_QBR_ANI,210.0,,,,,,,,False,,7686963.0,7687463.0,,,
y1_d140_QBR_ANI,211.0,,,,,,,,False,,7724463.0,7724913.0,,,
y1_d140_QBR_ANI,212.0,,,,,,,,False,,7747513.0,7747963.0,,,
y1_d140_QBR_ANI,213.0,,,,,,,,False,,7771963.0,7772463.0,,,
y1_d140_QBR_ANI,214.0,,,,,,,,False,,7807563.0,7808063.0,,,
y1_d140_QBR_ANI,250.0,,,,,,,,False,,9090063.0,9090513.0,,,
y1_d140_QBR_ANI,252.0,,,,,,,,False,,9141513.0,9142013.0,,,
y1_d140_QBR_ANI,277.0,,,,,,,,False,,10227563.0,10228013.0,,,
y1_d140_QBR_ANI,278.0,,,,,,,,False,,10251063.0,10251613.0,,,
y1_d140_QBR_ANI,281.0,,,,,,,,False,,10364363.0,10364813.0,,,
y1_d140_QBR_ANI,289.0,,,,,,,,False,,10740013.0,10740463.0,,,
y1_d140_QBR_ANI,290.0,,,,,,,,False,,10763613.0,10764113.0,,,
y1_d140_QBR_ANI,291.0,,,,,,,,False,,10790263.0,10790763.0,,,
y1_d140_QBR_ANI,292.0,,,,,,,,False,,10816463.0,10816913.0,,,
y1_d140_QBR_ANI,293.0,,,,,,,,False,,10842063.0,10842563.0,,,
y1_d140_QBR_ANI,294.0,,,,,,,,False,,10870013.0,10870463.0,,,
y1_d140_QBR_ANI,295.0,,,,,,,,False,,10903063.0,10903513.0,,,
y1_d140_QBR_ANI,296.0,,,,,,,,False,,10924763.0,10925213.0,,,
y1_d140_QBR_ANI,297.0,,,,,,,,False,,10949813.0,10950263.0,,,
y1_d140_QBR_ANI,298.0,,,,,,,,False,,10977963.0,10978413.0,,,
y1_d140_QBR_ANI,315.0,,,,,,,,False,,11666913.0,11667413.0,,,
y1_d140_QBR_ANI,317.0,,,,,,,,False,,11728713.0,11729213.0,,,
y1_d140_QBR_ANI,318.0,,,,,,,,False,,11760263.0,11760713.0,,,
y1_d140_QBR_ANI,320.0,,,,,,,,False,,11839713.0,11840213.0,,,
y1_d140_QBR_ANI,323.0,,,,,,,,False,,11974713.0,11975163.0,,,
y1_d140_QBR_ANI,325.0,,,,,,,,False,,12066263.0,12066813.0,,,
y1_d140_QBR_ANI,326.0,,,,,,,,False,,12101813.0,12102363.0,,,
y1_d140_QBR_ANI,327.0,,,,,,,,False,,12128313.0,12128763.0,,,
y1_d140_QBR_ANI,328.0,,,,,,,,False,,12157763.0,12158213.0,,,
y1_d140_QBR_ANI,329.0,,,,,,,,False,,12190163.0,12190713.0,,,
y1_d140_QBR_ANI,341.0,,,,,,,,False,,12680963.0,12681463.0,,,
y1_d140_QBR_ANI,342.0,,,,,,,,False,,12702713.0,12703213.0,,,
y1_d140_QBR_ANI,354.0,,,,,,,,False,,13165113.0,13165613.0,,,
y1_d140_QBR_ANI,355.0,,,,,,,,False,,13203163.0,13203663.0,,,
y1_d140_QBR_ANI,356.0,,,,,,,,False,,13253563.0,13254063.0,,,
y1_d140_QBR_ANI,359.0,,,,,,,,False,,13366163.0,13366613.0,,,
y1_d140_QBR_ANI,379.0,,,,,,,,False,,14297813.0,14298263.0,,,
y1_d140_QBR_ANI,380.0,,,,,,,,False,,14385413.0,14385963.0,,,
y1_d140_QBR_ANI,382.0,,,,,,,,False,,14441063.0,14441513.0,,,
y1_d140_QBR_ANI,383.0,,,,,,,,False,,14471563.0,14472063.0,,,
y1_d140_QBR_ANI,385.0,,,,,,,,False,,14589913.0,14590363.0,,,
y1_d140_QBR_ANI,386.0,,,,,,,,False,,14613613.0,14614013.0,,,
y1_d140_QBR_ANI,387.0,,,,,,,,False,,14645163.0,14645663.0,,,
y1_d140_QBR_ANI,389.0,,,,,,,,False,,14703763.0,14704263.0,,,
y1_d140_QBR_ANI,390.0,,,,,,,,False,,14736163.0,14736663.0,,,
y1_d140_VAS_ARN,20.0,,,,,,,,False,,566581.0,567031.0,,,
y1_d140_VAS_ARN,22.0,,,,,,,,False,,632481.0,632931.0,,,
y1_d140_VAS_ARN,23.0,,,,,,,,False,,657231.0,657681.0,,,
y1_d140_VAS_ARN,24.0,,,,,,,,False,,682181.0,682681.0,,,
y1_d140_VAS_ARN,27.0,,,,,,,,False,,776431.0,776931.0,,,
y1_d140_VAS_ARN,35.0,,,,,,,,False,,1085581.0,1086131.0,,,
y1_d140_VAS_ARN,36.0,,,,,,,,False,,1103581.0,1104031.0,,,
y1_d140_VAS_ARN,37.0,,,,,,,,False,,1140081.0,1140581.0,,,
y1_d140_VAS_ARN,38.0,,,,,,,,False,,1159681.0,1160181.0,,,
y1_d140_VAS_ARN,39.0,,,,,,,,False,,1183281.0,1183831.0,,,
y1_d140_VAS_ARN,40.0,,,,,,,,False,,1219031.0,1219481.0,,,
y1_d140_VAS_ARN,41.0,,,,,,,,False,,1238631.0,1239181.0,,,
y1_d140_VAS_ARN,43.0,,,,,,,,False,,1280731.0,1281231.0,,,
y1_d140_VAS_ARN,44.0,,,,,,,,False,,1302081.0,1302631.0,,,
y1_d140_VAS_ARN,82.0,,,,,,,,False,,2683681.0,2684181.0,,,
y1_d140_VAS_ARN,88.0,,,,,,,,False,,2969281.0,2969781.0,,,
y1_d140_VAS_ARN,90.0,,,,,,,,False,,2999431.0,2999931.0,,,
y1_d140_VAS_ARN,109.0,,,,,,,,False,,3397631.0,3398081.0,,,
y1_d140_VAS_ARN,110.0,,,,,,,,False,,3415381.0,3415881.0,,,
y1_d140_VAS_ARN,111.0,,,,,,,,False,,3444631.0,3445131.0,,,
y1_d140_VAS_ARN,112.0,,,,,,,,False,,3466481.0,3466981.0,,,
y1_d140_VAS_ARN,114.0,,,,,,,,False,,3571231.0,3571731.0,,,
y1_d140_VAS_ARN,115.0,,,,,,,,False,,3590731.0,3591181.0,,,
y1_d140_VAS_ARN,116.0,,,,,,,,False,,3611131.0,3611681.0,,,
y1_d140_VAS_ARN,118.0,,,,,,,,False,,3657981.0,3658481.0,,,
y1_d140_VAS_ARN,120.0,,,,,,,,False,,3710431.0,3710931.0,,,
y1_d140_VAS_ARN,135.0,,,,,,,,False,,4235881.0,4236381.0,,,
y1_d140_VAS_ARN,136.0,,,,,,,,False,,4259781.0,4260281.0,,,
y1_d140_VAS_ARN,137.0,,,,,,,,False,,4285231.0,4285731.0,,,
y1_d140_VAS_ARN,164.0,,,,,,,,False,,5274181.0,5274681.0,,,
y1_d140_VAS_ARN,231.0,,,,,,,,False,,7577131.0,7577581.0,,,
y1_d140_VAS_ARN,233.0,,,,,,,,False,,7615581.0,7616081.0,,,
y1_d140_VAS_ARN,235.0,,,,,,,,False,,7656181.0,7656631.0,,,
y1_d140_VAS_ARN,237.0,,,,,,,,False,,7710731.0,7711231.0,,,
y1_d140_VAS_ARN,239.0,,,,,,,,False,,7778731.0,7779231.0,,,
y1_d140_VAS_ARN,240.0,,,,,,,,False,,7798031.0,7798581.0,,,
y1_d140_VAS_ARN,241.0,,,,,,,,False,,7818081.0,7818581.0,,,
y1_d140_VAS_ARN,280.0,,,,,,,,False,,9231231.0,9231781.0,,,
y1_d140_VAS_ARN,281.0,,,,,,,,False,,9251681.0,9252181.0,,,
y1_d140_VAS_ARN,282.0,,,,,,,,False,,9278781.0,9279281.0,,,
y1_d140_VAS_ARN,283.0,,,,,,,,False,,9313581.0,9314131.0,,,
y1_d140_VAS_ARN,284.0,Safe,1.9,0.65,1.25,76.67308815125512,75.89150843581362,67.9052479664629,True,2.453397635738555,9351981.0,9352481.0,9353131.0,9354381.0,26
y1_d141_GNX_PHD,9.0,,,,,,,,False,,273288.0,273750.0,,,
y1_d141_GNX_PHD,10.0,,,,,,,,False,,292296.0,292791.0,,,
y1_d141_GNX_PHD,12.0,,,,,,,,False,,334206.0,334668.0,,,
y1_d141_GNX_PHD,13.0,,,,,,,,False,,354567.0,355029.0,,,
y1_d141_GNX_PHD,25.0,,,,,,,,False,,762910.0,763405.0,,,
y1_d141_GNX_PHD,27.0,,,,,,,,False,,801157.0,801652.0,,,
y1_d141_GNX_PHD,29.0,,,,,,,,False,,844882.0,845344.0,,,
y1_d141_GNX_PHD,30.0,,,,,,,,False,,867850.0,868345.0,,,
y1_d141_GNX_PHD,58.0,,,,,,,,False,,1631475.0,1631937.0,,,
y1_d141_GNX_PHD,60.0,,,,,,,,False,,1676124.0,1676685.0,,,
y1_d141_GNX_PHD,61.0,,,,,,,,False,,1719717.0,1720179.0,,,
y1_d141_GNX_PHD,63.0,,,,,,,,False,,1757238.0,1757700.0,,,
y1_d141_GNX_PHD,90.0,,,,,,,,False,,2724502.0,2724964.0,,,
y1_d141_GNX_PHD,91.0,,1.749,0.594,1.155,80.1181799731405,79.29921244972333,72.45085653456088,True,5.498150095861507,2754730.0,2755192.0,2755786.0,2756941.0,36
y1_d141_GNX_PHD,96.0,,,,,,,,False,,3016256.0,3016718.0,,,
y1_d141_GNX_PHD,97.0,,3.135,1.848,1.287,78.71867828211084,77.77595461928607,68.42436602591947,True,4.482264158689934,3043052.0,3043580.0,3045428.0,3046715.0,40
y1_d141_GNX_PHD,99.0,,,,,,,,False,,3128291.0,3128786.0,,,
y1_d141_GNX_PHD,141.0,,,,,,,,False,,4528482.0,4529010.0,,,
y1_d141_GNX_PHD,143.0,,,,,,,,False,,4562307.0,4562802.0,,,
y1_d141_GNX_PHD,144.0,,,,,,,,False,,4577718.0,4578180.0,,,
y1_d141_GNX_PHD,168.0,,,,,,,,False,,5563924.0,5564419.0,,,
y1_d141_GNX_PHD,169.0,,,,,,,,False,,5583097.0,5583658.0,,,
y1_d141_GNX_PHD,171.0,,,,,,,,False,,5627680.0,5628175.0,,,
y1_d141_GNX_PHD,172.0,,,,,,,,False,,5650285.0,5650813.0,,,
y1_d141_GNX_PHD,173.0,,,,,,,,False,,5670712.0,5671306.0,,,
y1_d141_GNX_PHD,204.0,,,,,,,,False,,6906167.0,6906662.0,,,
y1_d141_GNX_PHD,205.0,,,,,,,,False,,6926066.0,6926594.0,,,
y1_d141_GNX_PHD,206.0,,,,,,,,False,,6947516.0,6947978.0,,,
y1_d141_GNX_PHD,208.0,,,,,,,,False,,7033812.0,7034274.0,,,
y1_d141_GNX_PHD,209.0,,,,,,,,False,,7053084.0,7053546.0,,,
y1_d141_GNX_PHD,210.0,,,,,,,,False,,7072389.0,7072884.0,,,
y1_d141_GNX_PHD,220.0,,,,,,,,False,,7455849.0,7456377.0,,,
y1_d141_GNX_PHD,221.0,,,,,,,,False,,7481523.0,7482018.0,,,
y1_d141_GNX_PHD,222.0,,,,,,,,False,,7504260.0,7504788.0,,,
y1_d141_GNX_PHD,223.0,,,,,,,,False,,7529604.0,7530066.0,,,
y1_d141_GNX_PHD,224.0,,,,,,,,False,,7561053.0,7561515.0,,,
y1_d141_GNX_PHD,257.0,,,,,,,,False,,8800633.0,8801095.0,,,
y1_d141_GNX_PHD,258.0,,,,,,,,False,,8813866.0,8814361.0,,,
y1_d141_GNX_PHD,273.0,,,,,,,,False,,9337676.0,9338204.0,,,
y1_d141_GNX_PHD,274.0,,,,,,,,False,,9354077.0,9354605.0,,,
y1_d141_GNX_PHD,275.0,,,,,,,,False,,9372260.0,9372788.0,,,
y1_d141_QBR_ANI,14.0,,,,,,,,False,,341344.0,341806.0,,,
y1_d141_QBR_ANI,15.0,,,,,,,,False,,357712.0,358240.0,,,
y1_d141_QBR_ANI,54.0,,,,,,,,False,,1586567.0,1587029.0,,,
y1_d141_QBR_ANI,56.0,,,,,,,,False,,1623230.0,1623725.0,,,
y1_d141_QBR_ANI,58.0,Safe,1.947,0.759,1.188,75.95109152820307,75.33120184426645,70.52424140016169,True,3.1154276752219583,1679957.0,1680485.0,1681244.0,1682432.0,37
y1_d141_QBR_ANI,110.0,,,,,,,,False,,3585082.0,3585577.0,,,
y1_d141_QBR_ANI,130.0,,,,,,,,False,,4357877.0,4358339.0,,,
y1_d141_QBR_ANI,131.0,,,,,,,,False,,4371638.0,4372331.0,,,
y1_d141_QBR_ANI,144.0,,,,,,,,False,,4711307.0,4711769.0,,,
y1_d141_QBR_ANI,145.0,,,,,,,,False,,4725629.0,4726322.0,,,
y1_d141_QBR_ANI,146.0,,,,,,,,False,,4740677.0,4741139.0,,,
y1_d141_QBR_ANI,158.0,,,,,,,,False,,5246502.0,5246997.0,,,
y1_d141_QBR_ANI,160.0,,,,,,,,False,,5304615.0,5305110.0,,,
y1_d141_QBR_ANI,161.0,,,,,,,,False,,5320158.0,5320686.0,,,
y1_d141_QBR_ANI,162.0,,,,,,,,False,,5338935.0,5339430.0,,,
y1_d141_QBR_ANI,165.0,,,,,,,,False,,5406486.0,5407179.0,,,
y1_d141_QBR_ANI,189.0,,,,,,,,False,,6201424.0,6201919.0,,,
y1_d141_QBR_ANI,191.0,,,,,,,,False,,6228022.0,,,,
y1_d141_QBR_ANI,196.0,,,,,,,,False,,6392593.0,6393286.0,,,
y1_d141_QBR_ANI,197.0,,,,,,,,False,,6410446.0,6410974.0,,,
y1_d141_QBR_ANI,198.0,,,,,,,,False,,6430180.0,,,,
y1_d141_QBR_ANI,203.0,,,,,,,,False,,6618676.0,6619138.0,,,
y1_d141_QBR_ANI,205.0,,,,,,,,False,,6797834.0,6798296.0,,,
y1_d141_QBR_ANI,206.0,,,,,,,,False,,6815654.0,6816116.0,,,
y1_d141_QBR_ANI,207.0,,,,,,,,False,,6836510.0,6836972.0,,,
y1_d141_QBR_ANI,208.0,,,,,,,,False,,6857234.0,6857696.0,,,
y1_d141_QBR_ANI,210.0,,,,,,,,False,,6902114.0,6902543.0,,,
y1_d141_QBR_ANI,212.0,,,,,,,,False,,6983888.0,6984317.0,,,
y1_d141_QBR_ANI,213.0,,,,,,,,False,,7000091.0,7000553.0,,,
y1_d141_QBR_ANI,215.0,,,,,,,,False,,7041869.0,7042364.0,,,
y1_d141_QBR_ANI,232.0,,,,,,,,False,,7575743.0,7576304.0,,,
y1_d141_QBR_ANI,241.0,,,,,,,,False,,7798395.0,7798956.0,,,
y1_d141_QBR_ANI,242.0,,,,,,,,False,,7814598.0,7815258.0,,,
y1_d141_QBR_ANI,243.0,,,,,,,,False,,7836477.0,7837071.0,,,
y1_d141_QBR_ANI,245.0,,,,,,,,False,,7874658.0,7875186.0,,,
y1_d141_QBR_ANI,246.0,,,,,,,,False,,7888815.0,7889376.0,,,
y1_d141_QBR_ANI,260.0,,,,,,,,False,,8361804.0,8362299.0,,,
y1_d141_QBR_ANI,262.0,,,,,,,,False,,8400744.0,8401272.0,,,
y1_d141_QBR_ANI,274.0,,,,,,,,False,,8803444.0,8804005.0,,,
y1_d141_QBR_ANI,276.0,,,,,,,,False,,8843770.0,8844364.0,,,
y1_d141_QBR_ANI,277.0,,,,,,,,False,,8855749.0,8856310.0,,,
y1_d141_QBR_ANI,278.0,,,,,,,,False,,8868025.0,8868652.0,,,
y1_d141_QBR_ANI,279.0,,,,,,,,False,,8880004.0,8880598.0,,,
y1_d141_QBR_ANI,281.0,,,,,,,,False,,8912707.0,8913268.0,,,
y1_d141_QBR_ANI,301.0,,,,,,,,False,,9449683.0,9450640.0,,,
y1_d141_QBR_ANI,336.0,,,,,,,,False,,10159844.0,10160603.0,,,
y1_d141_QBR_ANI,337.0,,,,,,,,False,,10170008.0,10170602.0,,,
y1_d141_QBR_ANI,339.0,,,,,,,,False,,10192085.0,10192646.0,,,
y1_d141_QBR_ANI,349.0,,,,,,,,False,,10403351.0,10403978.0,,,
y1_d142_KVN_VAS,29.0,,,,,,,,False,,948173.0,948623.0,,,
y1_d142_KVN_VAS,30.0,,,,,,,,False,,970373.0,970873.0,,,
y1_d142_KVN_VAS,31.0,,,,,,,,False,,991073.0,991523.0,,,
y1_d142_KVN_VAS,42.0,,,,,,,,False,,1239723.0,1240173.0,,,
y1_d142_KVN_VAS,43.0,,,,,,,,False,,1278523.0,1278973.0,,,
y1_d142_KVN_VAS,44.0,,,,,,,,False,,1295573.0,1296073.0,,,
y1_d142_KVN_VAS,45.0,,,,,,,,False,,1313273.0,1313773.0,,,
y1_d142_KVN_VAS,46.0,,,,,,,,False,,1336323.0,1336823.0,,,
y1_d142_KVN_VAS,47.0,,,,,,,,False,,1353423.0,1353873.0,,,
y1_d142_KVN_VAS,78.0,,,,,,,,False,,2320923.0,2321423.0,,,
y1_d142_KVN_VAS,83.0,,,,,,,,False,,2453423.0,2453973.0,,,
y1_d142_KVN_VAS,85.0,,,,,,,,False,,2515523.0,2516073.0,,,
y1_d142_KVN_VAS,88.0,,,,,,,,False,,2601273.0,2601723.0,,,
y1_d142_KVN_VAS,115.0,,,,,,,,False,,3470173.0,3470723.0,,,
y1_d142_KVN_VAS,117.0,,,,,,,,False,,3527473.0,3528073.0,,,
y1_d142_KVN_VAS,118.0,,,,,,,,False,,3548273.0,3548823.0,,,
y1_d142_KVN_VAS,119.0,,,,,,,,False,,3570523.0,3571073.0,,,
y1_d142_KVN_VAS,130.0,,,,,,,,False,,3929223.0,3929723.0,,,
y1_d142_KVN_VAS,136.0,,,,,,,,False,,4190123.0,4190673.0,,,
y1_d142_KVN_VAS,138.0,,,,,,,,False,,4244073.0,4244573.0,,,
y1_d142_KVN_VAS,139.0,,,,,,,,False,,4278673.0,4279223.0,,,
y1_d142_KVN_VAS,162.0,,,,,,,,False,,4971473.0,,,,
y1_d142_KVN_VAS,252.0,,,,,,,,False,,8286673.0,8287273.0,,,
y1_d142_KVN_VAS,253.0,,,,,,,,False,,8304873.0,8305323.0,,,
y1_d142_KVN_VAS,254.0,,,,,,,,False,,8326023.0,8326523.0,,,
y1_d142_KVN_VAS,255.0,,,,,,,,False,,8348323.0,8348773.0,,,
y1_d142_KVN_VAS,257.0,,,,,,,,False,,8400973.0,8401473.0,,,
y1_d142_KVN_VAS,259.0,,,,,,,,False,,8464323.0,8464823.0,,,
y1_d142_KVN_VAS,264.0,,,,,,,,False,,8673973.0,8674423.0,,,
y1_d142_KVN_VAS,265.0,,,,,,,,False,,8697273.0,8697723.0,,,
y1_d142_KVN_VAS,266.0,,,,,,,,False,,8717823.0,8718373.0,,,
y1_d142_KVN_VAS,267.0,,,,,,,,False,,8739323.0,8739773.0,,,
y1_d142_KVN_VAS,279.0,,,,,,,,False,,9130373.0,9130823.0,,,
y1_d142_KVN_VAS,289.0,,,,,,,,False,,9405923.0,9406373.0,,,
y1_d143_ADQ_ANI,38.0,,,,,,,,False,,1192554.0,1193004.0,,,
y1_d143_ADQ_ANI,39.0,,,,,,,,False,,1216754.0,1217254.0,,,
y1_d143_ADQ_ANI,40.0,,,,,,,,False,,1242904.0,1243354.0,,,
y1_d143_ADQ_ANI,42.0,,,,,,,,False,,1302554.0,1303004.0,,,
y1_d143_ADQ_ANI,55.0,,,,,,,,False,,1695204.0,1695654.0,,,
y1_d143_ADQ_ANI,91.0,,,,,,,,False,,2906804.0,2907354.0,,,
y1_d143_ADQ_ANI,92.0,,,,,,,,False,,2928554.0,2929054.0,,,
y1_d143_ADQ_ANI,109.0,,,,,,,,False,,3714004.0,3714454.0,,,
y1_d143_ADQ_ANI,110.0,,,,,,,,False,,3735204.0,3735654.0,,,
y1_d143_ADQ_ANI,111.0,,,,,,,,False,,3766254.0,3766754.0,,,
y1_d143_ADQ_ANI,112.0,,,,,,,,False,,3789004.0,3789504.0,,,
y1_d143_ADQ_ANI,113.0,,,,,,,,False,,3812204.0,3812654.0,,,
y1_d143_ADQ_ANI,123.0,,,,,,,,False,,4189204.0,4189654.0,,,
y1_d143_ADQ_ANI,124.0,,,,,,,,False,,4208804.0,4209254.0,,,
y1_d143_ADQ_ANI,125.0,,,,,,,,False,,4231804.0,4232254.0,,,
y1_d143_ADQ_ANI,129.0,,,,,,,,False,,4399554.0,4400054.0,,,
y1_d143_ADQ_ANI,131.0,,,,,,,,False,,4456504.0,4456954.0,,,
y1_d143_ADQ_ANI,132.0,,,,,,,,False,,4480054.0,4480554.0,,,
y1_d143_ADQ_ANI,134.0,,,,,,,,False,,4531704.0,4532154.0,,,
y1_d143_ADQ_ANI,157.0,,,,,,,,False,,5344254.0,5344704.0,,,
y1_d143_ADQ_ANI,158.0,,,,,,,,False,,5366604.0,5367154.0,,,
y1_d143_ADQ_ANI,160.0,,,,,,,,False,,5416304.0,5416804.0,,,
y1_d143_ADQ_ANI,162.0,,,,,,,,False,,5482404.0,5482854.0,,,
y1_d143_ADQ_ANI,203.0,,,,,,,,False,,6930854.0,6931304.0,,,
y1_d143_ADQ_ANI,228.0,,,,,,,,False,,7864654.0,7865154.0,,,
y1_d143_ADQ_ANI,229.0,,,,,,,,False,,7889104.0,7889654.0,,,
y1_d143_ADQ_ANI,265.0,,,,,,,,False,,9327704.0,9328254.0,,,
y1_d143_ADQ_ANI,266.0,,,,,,,,False,,9345854.0,9346454.0,,,
y1_d143_ADQ_ANI,267.0,,,,,,,,False,,9367904.0,9368404.0,,,
y1_d143_ADQ_ANI,269.0,,,,,,,,False,,9414754.0,9415304.0,,,
y1_d143_KVN_VAS,53.0,,,,,,,,False,,1602109.0,1602604.0,,,
y1_d143_KVN_VAS,54.0,,,,,,,,False,,1621381.0,1621909.0,,,
y1_d143_KVN_VAS,56.0,,1.881,0.693,1.188,82.72947889579258,81.81781844155795,74.43093016214189,True,4.191396073948407,1672531.0,1674577.0,1675270.0,1676458.0,37
y1_d143_KVN_VAS,58.0,,,,,,,,False,,1753711.0,1754173.0,,,
y1_d143_KVN_VAS,74.0,,,,,,,,False,,2348636.0,2349131.0,,,
y1_d143_KVN_VAS,76.0,,,,,,,,False,,2392031.0,2392526.0,,,
y1_d143_KVN_VAS,77.0,,,,,,,,False,,2412227.0,2412755.0,,,
y1_d143_KVN_VAS,78.0,,,,,,,,False,,2436581.0,2437043.0,,,
y1_d143_KVN_VAS,105.0,,,,,,,,False,,3357744.0,3358206.0,,,
y1_d143_KVN_VAS,106.0,,,,,,,,False,,3377049.0,3377544.0,,,
y1_d143_KVN_VAS,109.0,,,,,,,,False,,3464928.0,3465390.0,,,
y1_d143_KVN_VAS,111.0,,,,,,,,False,,3505155.0,3505617.0,,,
y1_d143_KVN_VAS,112.0,,,,,,,,False,,3541191.0,3541653.0,,,
y1_d143_KVN_VAS,115.0,,,,,,,,False,,3624879.0,3625341.0,,,
y1_d143_KVN_VAS,116.0,,,,,,,,False,,3647979.0,3648474.0,,,
y1_d143_KVN_VAS,134.0,,,,,,,,False,,4334842.0,4335304.0,,,
y1_d143_KVN_VAS,135.0,,,,,,,,False,,4356457.0,4356919.0,,,
y1_d143_KVN_VAS,137.0,,,,,,,,False,,4564258.0,4564720.0,,,
y1_d143_KVN_VAS,138.0,,,,,,,,False,,4585015.0,4585510.0,,,
y1_d143_KVN_VAS,181.0,,,,,,,,False,,6236040.0,6236568.0,,,
y1_d143_KVN_VAS,182.0,,,,,,,,False,,6257688.0,6258216.0,,,
y1_d143_KVN_VAS,183.0,,,,,,,,False,,6283824.0,6284286.0,,,
y1_d143_KVN_VAS,185.0,,,,,,,,False,,6337317.0,6337812.0,,,
y1_d143_KVN_VAS,186.0,,,,,,,,False,,6356589.0,6357117.0,,,
y1_d143_KVN_VAS,187.0,,,,,,,,False,,6382989.0,,,,
y1_d143_KVN_VAS,202.0,,,,,,,,False,,6890628.0,6891123.0,,,
y1_d143_KVN_VAS,217.0,,,,,,,,False,,7534888.0,7535350.0,,,
y1_d143_KVN_VAS,228.0,,,,,,,,False,,7994975.0,7995404.0,,,
y1_d143_KVN_VAS,229.0,,,,,,,,False,,8015930.0,8016425.0,,,
y1_d143_KVN_VAS,232.0,,,,,,,,False,,8162813.0,8163275.0,,,
y1_d143_KVN_VAS,246.0,,,,,,,,False,,8663984.0,8664446.0,,,
y1_d144_ADQ_ANI,22.0,,,,,,,,False,,753188.0,753738.0,,,
y1_d144_ADQ_ANI,23.0,,,,,,,,False,,777838.0,778288.0,,,
y1_d144_ADQ_ANI,24.0,,,,,,,,False,,802688.0,803188.0,,,
y1_d144_ADQ_ANI,25.0,,,,,,,,False,,831088.0,831538.0,,,
y1_d144_ADQ_ANI,26.0,,,0.65,,,,,False,,855588.0,856038.0,856688.0,,
y1_d144_ADQ_ANI,41.0,,,,,,,,False,,1378188.0,1378638.0,,,
y1_d144_ADQ_ANI,42.0,,,,,,,,False,,1400188.0,1400738.0,,,
y1_d144_ADQ_ANI,44.0,,,,,,,,False,,1444688.0,1445188.0,,,
y1_d144_ADQ_ANI,46.0,,,,,,,,False,,1508888.0,1509338.0,,,
y1_d144_ADQ_ANI,58.0,,,,,,,,False,,1951888.0,1952338.0,,,
y1_d144_ADQ_ANI,99.0,,,,,,,,False,,3455588.0,3456188.0,,,
y1_d144_ADQ_ANI,100.0,,,,,,,,False,,3477238.0,3477788.0,,,
y1_d144_ADQ_ANI,101.0,,,,,,,,False,,3497838.0,,,,
y1_d144_ADQ_ANI,102.0,,,,,,,,False,,3543438.0,3543988.0,,,
y1_d144_ADQ_ANI,139.0,,,,,,,,False,,4936888.0,4937388.0,,,
y1_d144_ADQ_ANI,141.0,,,,,,,,False,,4989138.0,4989688.0,,,
y1_d144_ADQ_ANI,142.0,,,,,,,,False,,5011238.0,5011788.0,,,
y1_d144_ADQ_ANI,145.0,,,,,,,,False,,5105938.0,5106438.0,,,
y1_d144_ADQ_ANI,146.0,,,,,,,,False,,5132038.0,5132538.0,,,
y1_d144_ADQ_ANI,148.0,,,,,,,,False,,5198738.0,5199288.0,,,
y1_d144_ADQ_ANI,149.0,,,,,,,,False,,5218288.0,5218788.0,,,
y1_d144_ADQ_ANI,150.0,,,,,,,,False,,5241238.0,5241788.0,,,
y1_d144_ADQ_ANI,151.0,,,,,,,,False,,5271638.0,5272188.0,,,
y1_d144_ADQ_ANI,153.0,,,,,,,,False,,5327488.0,5327988.0,,,
y1_d144_ADQ_ANI,162.0,,,,,,,,False,,5710638.0,5711088.0,,,
y1_d144_ADQ_ANI,164.0,,,,,,,,False,,5789838.0,5790338.0,,,
y1_d144_ADQ_ANI,174.0,,,,,,,,False,,6188988.0,6189438.0,,,
y1_d144_ADQ_ANI,176.0,,,,,,,,False,,6255338.0,6255888.0,,,
y1_d144_ADQ_ANI,184.0,,,,,,,,False,,6632888.0,6633438.0,,,
y1_d144_ADQ_ANI,188.0,,,,,,,,False,,6917738.0,6918188.0,,,
y1_d144_ADQ_ANI,189.0,,,,,,,,False,,6939338.0,6939838.0,,,
y1_d144_ADQ_ANI,191.0,,,,,,,,False,,7010538.0,7011038.0,,,
y1_d144_ADQ_ANI,193.0,,,,,,,,False,,7073538.0,7074038.0,,,
y1_d144_ADQ_ANI,194.0,,,,,,,,False,,7092588.0,7093138.0,,,
y1_d144_ADQ_ANI,201.0,,,,,,,,False,,7388188.0,7388638.0,,,
y1_d144_ADQ_ANI,203.0,,,,,,,,False,,7443888.0,7444388.0,,,
y1_d144_ADQ_ANI,204.0,,,,,,,,False,,7469588.0,7470088.0,,,
y1_d144_ADQ_ANI,205.0,,,,,,,,False,,7507788.0,7508238.0,,,
y1_d144_ADQ_ANI,207.0,,,,,,,,False,,7550788.0,7551288.0,,,
y1_d144_ADQ_ANI,242.0,,,,,,,,False,,8813638.0,8814088.0,,,
y1_d144_ADQ_ANI,243.0,,,,,,,,False,,8832488.0,8833038.0,,,
y1_d144_ADQ_ANI,244.0,,,,,,,,False,,8860138.0,8860638.0,,,
y1_d144_ADQ_ANI,245.0,,,,,,,,False,,8889988.0,8890488.0,,,
y1_d144_ADQ_ANI,246.0,,,,,,,,False,,8918538.0,8919038.0,,,
y1_d144_ADQ_ANI,247.0,,,,,,,,False,,8946938.0,8947438.0,,,
y1_d144_ADQ_ANI,248.0,,,,,,,,False,,8984838.0,8985338.0,,,
y1_d144_ADQ_ANI,249.0,,,,,,,,False,,9006188.0,,,,
y1_d144_ADQ_ANI,276.0,,,,,,,,False,,10258288.0,10258738.0,,,
y1_d144_ADQ_ANI,277.0,,,,,,,,False,,10282938.0,10283438.0,,,
y1_d144_ADQ_ANI,278.0,,,,,,,,False,,10313988.0,10314488.0,,,
y1_d144_ADQ_ANI,279.0,,,,,,,,False,,10338638.0,10339088.0,,,
y1_d144_ADQ_ANI,280.0,,,,,,,,False,,10368138.0,10368638.0,,,
y1_d144_ADQ_ANI,284.0,,,,,,,,False,,10531688.0,10532238.0,,,
y1_d144_ADQ_ANI,285.0,,,,,,,,False,,10554738.0,10555188.0,,,
y1_d144_ADQ_ANI,287.0,,,,,,,,False,,10618588.0,10619038.0,,,
y1_d144_ADQ_ANI,288.0,,,,,,,,False,,10641488.0,10641988.0,,,
y1_d144_ADQ_ANI,290.0,,,,,,,,False,,10685138.0,10685688.0,,,
y1_d144_ALC_ARN,6.0,,,,,,,,False,,120392.0,120892.0,,,
y1_d144_ALC_ARN,7.0,,,,,,,,False,,139642.0,140142.0,,,
y1_d144_ALC_ARN,8.0,,,,,,,,False,,161242.0,161742.0,,,
y1_d144_ALC_ARN,9.0,,,,,,,,False,,184342.0,184842.0,,,
y1_d144_ALC_ARN,10.0,Safe,5.2,0.65,4.55,77.66420865026696,74.4443198018131,23.6839338914341,False,20.68034160085896,207542.0,208092.0,208742.0,213292.0,92
y1_d144_ALC_ARN,36.0,,,,,,,,False,,1129342.0,1129842.0,,,
y1_d144_ALC_ARN,62.0,,,,,,,,False,,1956292.0,1956892.0,,,
y1_d144_ALC_ARN,64.0,,,,,,,,False,,2006042.0,2006492.0,,,
y1_d144_ALC_ARN,65.0,,,,,,,,False,,2054442.0,2054942.0,,,
y1_d144_ALC_ARN,69.0,,,,,,,,False,,2180992.0,2181492.0,,,
y1_d144_ALC_ARN,70.0,,,,,,,,False,,2205192.0,2205692.0,,,
y1_d144_ALC_ARN,71.0,,,,,,,,False,,2227642.0,2228192.0,,,
y1_d144_ALC_ARN,87.0,,,,,,,,False,,2777842.0,2778392.0,,,
y1_d144_ALC_ARN,91.0,,,,,,,,False,,2867542.0,2868142.0,,,
y1_d144_ALC_ARN,98.0,,,,,,,,False,,3020292.0,3020892.0,,,
y1_d144_ALC_ARN,123.0,,,,,,,,False,,3706092.0,3706692.0,,,
y1_d144_ALC_ARN,124.0,,,,,,,,False,,3726292.0,3726742.0,,,
y1_d144_ALC_ARN,125.0,,,,,,,,False,,3748092.0,3748592.0,,,
y1_d144_ALC_ARN,195.0,,,,,,,,False,,5886692.0,5887142.0,,,
y1_d144_ALC_ARN,196.0,,,,,,,,False,,5902692.0,5903142.0,,,
y1_d144_ALC_ARN,211.0,,,,,,,,False,,7003892.0,7004392.0,,,
y1_d144_ALC_ARN,213.0,,,,,,,,False,,7039342.0,7039842.0,,,
y1_d144_ALC_ARN,214.0,,,,,,,,False,,7064592.0,7065092.0,,,
y1_d144_ALC_ARN,217.0,,,,,,,,False,,7136492.0,7137042.0,,,
y1_d144_ALC_ARN,218.0,,,,,,,,False,,7167192.0,7167792.0,,,
y1_d144_ALC_ARN,219.0,,,,,,,,False,,7187392.0,7187892.0,,,
y1_d144_ALC_ARN,227.0,,,,,,,,False,,7560342.0,7560892.0,,,
y1_d144_ALC_ARN,228.0,,,,,,,,False,,7579392.0,7579892.0,,,
y1_d144_ALC_ARN,229.0,,,,,,,,False,,7599192.0,7599692.0,,,
y1_d144_ALC_ARN,230.0,,,,,,,,False,,7624692.0,,,,
y1_d144_ALC_ARN,271.0,,,,,,,,False,,11054392.0,11054892.0,,,
y1_d144_ALC_ARN,272.0,,,,,,,,False,,11073192.0,11073692.0,,,
y1_d144_ALC_ARN,273.0,,,,,,,,False,,11093642.0,11094092.0,,,
y1_d144_ALC_ARN,274.0,,,,,,,,False,,11115742.0,,,,
y1_d144_ALC_ARN,278.0,,,,,,,,False,,11256192.0,11256692.0,,,
y1_d144_ALC_ARN,279.0,,,,,,,,False,,11276292.0,11276792.0,,,
y1_d144_ALC_ARN,280.0,,,,,,,,False,,11299892.0,11300342.0,,,
y1_d144_ALC_ARN,281.0,,,,,,,,False,,11383042.0,11383542.0,,,
y1_d144_ALC_ARN,282.0,,,,,,,,False,,11415042.0,11415542.0,,,
y1_d144_ALC_ARN,283.0,,,,,,,,False,,11434992.0,11435492.0,,,
y1_d144_ALC_ARN,284.0,,,,,,,,False,,11464892.0,11465342.0,,,
y1_d144_ALC_ARN,285.0,,,,,,,,False,,11486092.0,11486592.0,,,
y1_d144_ALC_ARN,287.0,,,,,,,,False,,11537842.0,11538342.0,,,
y1_d144_BKO_VAS,5.0,,,,,,,,False,,194364.0,194864.0,,,
y1_d144_BKO_VAS,6.0,,,,,,,,False,,217664.0,218214.0,,,
y1_d144_BKO_VAS,7.0,,,,,,,,False,,238214.0,238714.0,,,
y1_d144_BKO_VAS,9.0,,,,,,,,False,,281814.0,282314.0,,,
y1_d144_BKO_VAS,10.0,,,,,,,,False,,316814.0,317314.0,,,
y1_d144_BKO_VAS,11.0,,,,,,,,False,,339414.0,339914.0,,,
y1_d144_BKO_VAS,12.0,,2.0,0.9,1.1,83.32797837190974,82.61997839601072,76.83956306781934,True,5.098396579677137,362364.0,363914.0,364814.0,365914.0,23
y1_d144_BKO_VAS,35.0,,,,,,,,False,,1503914.0,1504414.0,,,
y1_d144_BKO_VAS,36.0,,,,,,,,False,,1523064.0,1523514.0,,,
y1_d144_BKO_VAS,38.0,,,,,,,,False,,1569164.0,1569614.0,,,
y1_d144_BKO_VAS,39.0,,,,,,,,False,,1589164.0,1589614.0,,,
y1_d144_BKO_VAS,44.0,,,,,,,,False,,1778414.0,1778914.0,,,
y1_d144_BKO_VAS,49.0,"Out (inning-ending, verify)",1.9,0.65,1.25,75.6517235670009,74.94613260633602,69.46510823155191,True,2.6464194352810506,1932764.0,1933264.0,1933914.0,1935164.0,26
y1_d144_BKO_VAS,71.0,,,,,,,,False,,2741614.0,2742114.0,,,
y1_d144_BKO_VAS,72.0,,,,,,,,False,,2761564.0,2762014.0,,,
y1_d144_BKO_VAS,95.0,,,,,,,,False,,3455164.0,3455664.0,,,
y1_d144_BKO_VAS,112.0,,,,,,,,False,,3979364.0,3979864.0,,,
y1_d144_BKO_VAS,118.0,,,,,,,,False,,4130564.0,4131014.0,,,
y1_d144_BKO_VAS,120.0,,,,,,,,False,,4181764.0,4182214.0,,,
y1_d144_BKO_VAS,121.0,,,,,,,,False,,4206614.0,4207114.0,,,
y1_d144_BKO_VAS,129.0,,,,,,,,False,,4585164.0,4585614.0,,,
y1_d144_BKO_VAS,133.0,,,,,,,,False,,4687464.0,4687914.0,,,
y1_d144_BKO_VAS,164.0,,,,,,,,False,,5890414.0,5890864.0,,,
y1_d144_BKO_VAS,172.0,,,,,,,,False,,6264664.0,6265164.0,,,
y1_d144_BKO_VAS,173.0,,,,,,,,False,,6286264.0,6286764.0,,,
y1_d144_BKO_VAS,174.0,,,,,,,,False,,6304914.0,6305364.0,,,
y1_d144_BKO_VAS,176.0,,,,,,,,False,,6353914.0,6354364.0,,,
y1_d144_BKO_VAS,180.0,,,,,,,,False,,6473464.0,6473914.0,,,
y1_d144_BKO_VAS,181.0,,,,,,,,False,,6501514.0,6502014.0,,,
y1_d144_BKO_VAS,182.0,,,,,,,,False,,6521064.0,6521514.0,,,
y1_d144_BKO_VAS,215.0,,,,,,,,False,,7939564.0,7940064.0,,,
y1_d144_BKO_VAS,216.0,,,,,,,,False,,7966914.0,7967414.0,,,
y1_d144_BKO_VAS,218.0,,,,,,,,False,,8019914.0,8020414.0,,,
y1_d144_BKO_VAS,237.0,,,,,,,,False,,8632164.0,8632614.0,,,
y1_d144_BKO_VAS,238.0,,,,,,,,False,,8651364.0,8651814.0,,,
y1_d144_BKO_VAS,239.0,,,,,,,,False,,8670664.0,8671114.0,,,
y1_d144_BKO_VAS,242.0,,,,,,,,False,,8747614.0,8748064.0,,,
y1_d144_BKO_VAS,243.0,,,,,,,,False,,8768864.0,8769314.0,,,
y1_d144_BKO_VAS,244.0,,,,,,,,False,,8790014.0,8790564.0,,,
y1_d144_BKO_VAS,246.0,,,,,,,,False,,8851314.0,8851864.0,,,
y1_d144_BKO_VAS,247.0,,,,,,,,False,,8869214.0,8869714.0,,,
y1_d144_BKO_VAS,266.0,,,,,,,,False,,9532264.0,9532714.0,,,
y1_d144_BKO_VAS,270.0,,,,,,,,False,,9640764.0,9641214.0,,,
y1_d144_BKO_VAS,271.0,,,,,,,,False,,9664364.0,9664814.0,,,
y1_d144_BKO_VAS,272.0,,,,,,,,False,,9690214.0,9690714.0,,,
y1_d144_BKO_VAS,273.0,,,,,,,,False,,9714714.0,9715214.0,,,
y1_d145_ADQ_ANI,31.0,,,,,,,,False,,972571.0,973121.0,,,
y1_d145_ADQ_ANI,32.0,,,,,,,,False,,996871.0,997421.0,,,
y1_d145_ADQ_ANI,33.0,,,,,,,,False,,1017971.0,1018421.0,,,
y1_d145_ADQ_ANI,34.0,,,,,,,,False,,1040521.0,1041021.0,,,
y1_d145_ADQ_ANI,55.0,,,,,,,,False,,1935571.0,1936121.0,,,
y1_d145_ADQ_ANI,58.0,,,,,,,,False,,2014621.0,2015121.0,,,
y1_d145_ADQ_ANI,61.0,,,,,,,,False,,2094971.0,2095471.0,,,
y1_d145_ADQ_ANI,62.0,,,,,,,,False,,2126421.0,2126921.0,,,
y1_d145_ADQ_ANI,63.0,,,,,,,,False,,2142721.0,2143221.0,,,
y1_d145_ADQ_ANI,65.0,,,,,,,,False,,2183371.0,2183871.0,,,
y1_d145_ADQ_ANI,114.0,,,,,,,,False,,3992021.0,3992471.0,,,
y1_d145_ADQ_ANI,115.0,,,,,,,,False,,4019721.0,4020221.0,,,
y1_d145_ADQ_ANI,116.0,,,,,,,,False,,4045821.0,4046271.0,,,
y1_d145_ADQ_ANI,118.0,,,0.65,,,,,False,,4105071.0,4105571.0,4106221.0,,
y1_d145_ADQ_ANI,122.0,,,,,,,,False,,4226921.0,4227371.0,,,
y1_d145_ADQ_ANI,146.0,,,,,,,,False,,5226071.0,5226521.0,,,
y1_d145_ADQ_ANI,147.0,,,,,,,,False,,5248771.0,5249271.0,,,
y1_d145_ADQ_ANI,148.0,,,,,,,,False,,5283171.0,5283671.0,,,
y1_d145_ADQ_ANI,152.0,,,,,,,,False,,5398471.0,5399021.0,,,
y1_d145_ADQ_ANI,153.0,,,,,,,,False,,5422471.0,5422971.0,,,
y1_d145_ADQ_ANI,154.0,,,,,,,,False,,5446371.0,5446821.0,,,
y1_d145_ADQ_ANI,155.0,,,,,,,,False,,5475421.0,5475871.0,,,
y1_d145_ADQ_ANI,178.0,,,,,,,,False,,6389321.0,6389871.0,,,
y1_d145_ADQ_ANI,179.0,,,,,,,,False,,6423071.0,6423571.0,,,
y1_d145_ADQ_ANI,203.0,,,,,,,,False,,7501871.0,7502321.0,,,
y1_d145_ADQ_ANI,206.0,,,,,,,,False,,7584621.0,7585071.0,,,
y1_d145_ADQ_ANI,207.0,,,,,,,,False,,7610971.0,7613271.0,,,
y1_d145_ADQ_ANI,208.0,,,,,,,,False,,7657821.0,7662271.0,,,
y1_d145_ADQ_ANI,222.0,,,,,,,,False,,8132621.0,8133071.0,,,
y1_d145_ADQ_ANI,224.0,,,,,,,,False,,8187021.0,8187521.0,,,
y1_d145_ADQ_ANI,225.0,,,,,,,,False,,8215421.0,8215971.0,,,
y1_d145_ADQ_ANI,226.0,,,,,,,,False,,8242571.0,8243021.0,,,
y1_d145_ADQ_ANI,252.0,,,,,,,,False,,9243371.0,9243871.0,,,
y1_d145_ADQ_ANI,254.0,,,,,,,,False,,9320671.0,9321171.0,,,
y1_d145_ADQ_ANI,255.0,,,,,,,,False,,9340971.0,9341421.0,,,
y1_d145_ADQ_ANI,256.0,,,,,,,,False,,9365971.0,9366421.0,,,
y1_d145_ADQ_ANI,257.0,,,,,,,,False,,9391721.0,9392171.0,,,
y1_d145_ADQ_ANI,258.0,,,,,,,,False,,9436871.0,9437321.0,,,
y1_d145_ADQ_ANI,259.0,Safe,,,,,,,False,,9463271.0,9463721.0,,,
y1_d145_ADQ_ANI,307.0,,,,,,,,False,,11028521.0,11028971.0,,,
y1_d145_ADQ_ANI,308.0,,,,,,,,False,,11044871.0,11045371.0,,,
y1_d145_ADQ_ANI,357.0,,,,,,,,False,,12933221.0,12933671.0,,,
y1_d145_ADQ_ANI,358.0,,,,,,,,False,,12964621.0,12965071.0,,,
y1_d145_ADQ_ANI,366.0,,,,,,,,False,,13193671.0,13194121.0,,,
y1_d145_ADQ_ANI,368.0,Safe,1.95,0.75,1.2,77.08377235270022,76.30409706782311,69.7795594715374,True,3.062817878340716,13230421.0,13230921.0,13231671.0,13232871.0,25
y1_d145_ALC_ARN,28.0,,,,,,,,False,,759315.0,759765.0,,,
y1_d145_ALC_ARN,29.0,,,,,,,,False,,776365.0,776865.0,,,
y1_d145_ALC_ARN,30.0,Safe,,1.85,,,,,False,,795465.0,795965.0,797815.0,,
y1_d145_ALC_ARN,59.0,,,,,,,,False,,1795165.0,1795665.0,,,
y1_d145_ALC_ARN,80.0,,,,,,,,False,,2491065.0,2491565.0,,,
y1_d145_ALC_ARN,85.0,Safe,1.95,0.65,1.3,73.33826209828723,72.52276621554599,66.36111134483858,True,5.267544086328237,2612315.0,2612815.0,2613465.0,2614765.0,27
y1_d145_ALC_ARN,91.0,,,,,,,,False,,2825865.0,2826315.0,,,
y1_d145_ALC_ARN,93.0,,,,,,,,False,,2897015.0,2897565.0,,,
y1_d145_ALC_ARN,102.0,,,,,,,,False,,3231565.0,3232115.0,,,
y1_d145_ALC_ARN,113.0,,,,,,,,False,,3643815.0,3644365.0,,,
y1_d145_ALC_ARN,114.0,,,,,,,,False,,3667415.0,3667915.0,,,
y1_d145_ALC_ARN,116.0,,,,,,,,False,,3700715.0,3701265.0,,,
y1_d145_ALC_ARN,117.0,,,,,,,,False,,3719665.0,3720115.0,,,
y1_d145_ALC_ARN,138.0,,,,,,,,False,,4397265.0,4397715.0,,,
y1_d145_ALC_ARN,140.0,,,,,,,,False,,4430215.0,4430715.0,,,
y1_d145_ALC_ARN,141.0,,,,,,,,False,,4457965.0,4458465.0,,,
y1_d145_ALC_ARN,158.0,,,,,,,,False,,5022965.0,5023515.0,,,
y1_d145_ALC_ARN,163.0,Out,2.1,0.75,1.35,74.42850995207127,73.49289536373115,66.29675567155638,True,6.1372989174127355,5157065.0,5157565.0,5158315.0,5159665.0,28
y1_d145_ALC_ARN,168.0,Safe,,1.6,,,,,False,,5518965.0,5519465.0,5521065.0,,
y1_d145_ALC_ARN,173.0,,,,,,,,False,,5851515.0,5852065.0,,,
y1_d145_ALC_ARN,174.0,,,,,,,,False,,5871715.0,5872165.0,,,
y1_d145_ALC_ARN,175.0,,,,,,,,False,,5893715.0,5894265.0,,,
y1_d145_ALC_ARN,176.0,,,,,,,,False,,5918265.0,5918765.0,,,
y1_d145_ALC_ARN,177.0,,,,,,,,False,,5981915.0,5982365.0,,,
y1_d145_ALC_ARN,179.0,,,,,,,,False,,6018765.0,6019215.0,,,
y1_d145_ALC_ARN,180.0,,,,,,,,False,,6037665.0,6038165.0,,,
y1_d145_ALC_ARN,192.0,,,,,,,,False,,6466615.0,6467065.0,,,
y1_d145_ALC_ARN,194.0,,,,,,,,False,,6514715.0,6515265.0,,,
y1_d145_ALC_ARN,197.0,,,,,,,,False,,6718015.0,6718515.0,,,
y1_d145_ALC_ARN,198.0,,,,,,,,False,,6748365.0,6748915.0,,,
y1_d145_BKO_VAS,8.0,,,,,,,,False,,186897.0,187347.0,,,
y1_d145_BKO_VAS,11.0,,,,,,,,False,,282347.0,,,,
y1_d145_BKO_VAS,12.0,,,,,,,,False,,332897.0,333397.0,,,
y1_d145_BKO_VAS,14.0,,,,,,,,False,,422047.0,422497.0,,,
y1_d145_BKO_VAS,15.0,,,,,,,,False,,441297.0,441747.0,,,
y1_d145_BKO_VAS,16.0,,,,,,,,False,,464397.0,464847.0,,,
y1_d145_BKO_VAS,24.0,,,,,,,,False,,638797.0,639297.0,,,
y1_d145_BKO_VAS,32.0,,,,,,,,False,,858997.0,859447.0,,,
y1_d145_BKO_VAS,33.0,,,,,,,,False,,873197.0,873747.0,,,
y1_d145_BKO_VAS,45.0,,,,,,,,False,,1260347.0,1260847.0,,,
y1_d145_BKO_VAS,46.0,,,,,,,,False,,1278447.0,1278947.0,,,
y1_d145_BKO_VAS,47.0,,,,,,,,False,,1294947.0,1295397.0,,,
y1_d145_BKO_VAS,48.0,,,,,,,,False,,1313197.0,,,,
y1_d145_BKO_VAS,72.0,,,,,,,,False,,1991147.0,1991697.0,,,
y1_d145_BKO_VAS,73.0,,,,,,,,False,,2007097.0,2007597.0,,,
y1_d145_BKO_VAS,74.0,,,,,,,,False,,2029547.0,2029997.0,,,
y1_d145_BKO_VAS,75.0,,2.0,0.7,1.3,76.14964710606755,75.36994597777414,67.10050795553927,True,3.8158167936622602,2052247.0,2052697.0,2053397.0,2054697.0,27
y1_d145_BKO_VAS,118.0,,,,,,,,False,,3514397.0,3514897.0,,,
y1_d145_BKO_VAS,119.0,,,,,,,,False,,3534747.0,3535247.0,,,
y1_d145_BKO_VAS,120.0,,,,,,,,False,,3553947.0,3554497.0,,,
y1_d145_BKO_VAS,123.0,,,,,,,,False,,3621447.0,3621947.0,,,
y1_d145_BKO_VAS,134.0,,,,,,,,False,,4061247.0,4061747.0,,,
y1_d145_BKO_VAS,136.0,,,,,,,,False,,4118147.0,4118697.0,,,
y1_d145_BKO_VAS,175.0,,,,,,,,False,,5469497.0,5469997.0,,,
y1_d145_BKO_VAS,176.0,,,,,,,,False,,5485847.0,5486397.0,,,
y1_d145_BKO_VAS,177.0,,,,,,,,False,,5503847.0,5504347.0,,,
y1_d145_BKO_VAS,178.0,,,,,,,,False,,5524797.0,5525247.0,,,
y1_d145_BKO_VAS,179.0,,,,,,,,False,,5549547.0,5549997.0,,,
y1_d145_BKO_VAS,207.0,,,,,,,,False,,6762197.0,6762697.0,,,
y1_d145_BKO_VAS,208.0,,,,,,,,False,,6778397.0,6778947.0,,,
y1_d145_BKO_VAS,230.0,,,,,,,,False,,7585997.0,7586547.0,,,
y1_d145_BKO_VAS,289.0,,,,,,,,False,,9545247.0,9545697.0,,,
y1_d145_BKO_VAS,290.0,,,,,,,,False,,9567747.0,9568247.0,,,
y1_d145_BKO_VAS,292.0,,,,,,,,False,,9626847.0,9627397.0,,,
y1_d146_ADQ_ANI,5.0,,,,,,,,False,,101055.0,101505.0,,,
y1_d146_ADQ_ANI,6.0,,,,,,,,False,,123855.0,124355.0,,,
y1_d146_ADQ_ANI,7.0,,,,,,,,False,,151555.0,152105.0,,,
y1_d146_ADQ_ANI,8.0,,,,,,,,False,,173055.0,173505.0,,,
y1_d146_ADQ_ANI,9.0,,,,,,,,False,,199405.0,199855.0,,,
y1_d146_ADQ_ANI,10.0,,,,,,,,False,,228305.0,228805.0,,,
y1_d146_ADQ_ANI,11.0,,,,,,,,False,,270205.0,270655.0,,,
y1_d146_ADQ_ANI,13.0,,,,,,,,False,,321955.0,322405.0,,,
y1_d146_ADQ_ANI,14.0,Safe,,2.5,,,,,False,,344555.0,345105.0,347605.0,,
y1_d146_ADQ_ANI,38.0,,,,,,,,False,,1076405.0,1076905.0,,,
y1_d146_ADQ_ANI,49.0,,,,,,,,False,,1491955.0,1492505.0,,,
y1_d146_ADQ_ANI,50.0,,,,,,,,False,,1515005.0,1515455.0,,,
y1_d146_ADQ_ANI,51.0,,,,,,,,False,,1538755.0,1539305.0,,,
y1_d146_ADQ_ANI,52.0,,,,,,,,False,,1568955.0,1569405.0,,,
y1_d146_ADQ_ANI,54.0,,,,,,,,False,,1624005.0,1624555.0,,,
y1_d146_ADQ_ANI,57.0,,,,,,,,False,,1759155.0,1759655.0,,,
y1_d146_ADQ_ANI,58.0,,,,,,,,False,,1779955.0,1780455.0,,,
y1_d146_ADQ_ANI,60.0,,,,,,,,False,,1857505.0,1858005.0,,,
y1_d146_ADQ_ANI,61.0,,,,,,,,False,,1880505.0,1881005.0,,,
y1_d146_ADQ_ANI,62.0,,,,,,,,False,,1909255.0,1909755.0,,,
y1_d146_ADQ_ANI,63.0,,,,,,,,False,,1946905.0,1947355.0,,,
y1_d146_ADQ_ANI,64.0,,,,,,,,False,,1973455.0,1973905.0,,,
y1_d146_ADQ_ANI,69.0,,,,,,,,False,,2264705.0,2265255.0,,,
y1_d146_ADQ_ANI,70.0,,,,,,,,False,,2286855.0,2287305.0,,,
y1_d146_ADQ_ANI,84.0,,,,,,,,False,,2799405.0,2799905.0,,,
y1_d146_ADQ_ANI,85.0,,,,,,,,False,,2820655.0,2821205.0,,,
y1_d146_ADQ_ANI,91.0,,,,,,,,False,,3065705.0,3066205.0,,,
y1_d146_ADQ_ANI,92.0,,,,,,,,False,,3088455.0,3088905.0,,,
y1_d146_ADQ_ANI,93.0,,,,,,,,False,,3110205.0,3110755.0,,,
y1_d146_ADQ_ANI,94.0,,,,,,,,False,,3135305.0,3135805.0,,,
y1_d146_ADQ_ANI,95.0,,,,,,,,False,,3159755.0,3160205.0,,,
y1_d146_ADQ_ANI,120.0,,,,,,,,False,,3971455.0,3971905.0,,,
y1_d146_ADQ_ANI,121.0,,,,,,,,False,,4000355.0,4000905.0,,,
y1_d146_ADQ_ANI,122.0,,,,,,,,False,,4035655.0,4036105.0,,,
y1_d146_ADQ_ANI,123.0,,,,,,,,False,,4058855.0,4059355.0,,,
y1_d146_ADQ_ANI,124.0,,,,,,,,False,,4088405.0,4088855.0,,,
y1_d146_ADQ_ANI,125.0,,,,,,,,False,,4124455.0,4125005.0,,,
y1_d146_ADQ_ANI,127.0,,,,,,,,False,,4169105.0,4169555.0,,,
y1_d146_ADQ_ANI,129.0,,,,,,,,False,,4235105.0,4235655.0,,,
y1_d146_ADQ_ANI,131.0,,,,,,,,False,,4291155.0,4291605.0,,,
y1_d146_ADQ_ANI,153.0,,,,,,,,False,,5384355.0,5384905.0,,,
y1_d146_ADQ_ANI,154.0,,,,,,,,False,,5406555.0,5407005.0,,,
y1_d146_ADQ_ANI,155.0,,,,,,,,False,,5430205.0,5430705.0,,,
y1_d146_ADQ_ANI,157.0,,,,,,,,False,,5511855.0,5512405.0,,,
y1_d146_ADQ_ANI,158.0,,,,,,,,False,,5546805.0,5547355.0,,,
y1_d146_ADQ_ANI,178.0,,,,,,,,False,,6211655.0,6212155.0,,,
y1_d146_ADQ_ANI,179.0,,,,,,,,False,,6227055.0,6227605.0,,,
y1_d146_ADQ_ANI,180.0,,,,,,,,False,,6244755.0,6245255.0,,,
y1_d146_ADQ_ANI,182.0,,,,,,,,False,,6290505.0,6291005.0,,,
y1_d146_ADQ_ANI,213.0,,,,,,,,False,,7367505.0,7368005.0,,,
y1_d146_ADQ_ANI,231.0,,,,,,,,False,,7911305.0,7911805.0,,,
y1_d146_ADQ_ANI,233.0,,,,,,,,False,,7954455.0,7954955.0,,,
y1_d146_ADQ_ANI,235.0,,,,,,,,False,,8011055.0,8011555.0,,,
y1_d146_ADQ_ANI,244.0,,,,,,,,False,,8340105.0,8340605.0,,,
y1_d146_ADQ_ANI,245.0,,,,,,,,False,,8359305.0,8359755.0,,,
y1_d146_ADQ_ANI,246.0,,,,,,,,False,,8377955.0,8378505.0,,,
y1_d146_ADQ_ANI,247.0,,,,,,,,False,,8395455.0,8396005.0,,,
y1_d146_ADQ_ANI,248.0,,,,,,,,False,,8414205.0,8414755.0,,,
y1_d146_ADQ_ANI,249.0,,,,,,,,False,,8429755.0,8430255.0,,,
y1_d146_ADQ_ANI,295.0,,,,,,,,False,,10158855.0,10159305.0,,,
y1_d146_ADQ_ANI,297.0,,,,,,,,False,,10232655.0,10233155.0,,,
y1_d146_ADQ_ANI,299.0,,,,,,,,False,,10309755.0,10310205.0,,,
y1_d146_ADQ_ANI,300.0,,,,,,,,False,,10348655.0,10349105.0,,,
y1_d146_ADQ_ANI,304.0,,,,,,,,False,,10483055.0,10483555.0,,,
y1_d146_ADQ_ANI,311.0,,,,,,,,False,,10849605.0,10850155.0,,,
y1_d146_ADQ_ANI,312.0,,,,,,,,False,,10869605.0,10870105.0,,,
y1_d146_ADQ_ANI,314.0,,,,,,,,False,,10948555.0,10949005.0,,,
y1_d146_ADQ_ANI,315.0,,,,,,,,False,,10975605.0,10976155.0,,,
y1_d146_ADQ_ANI,316.0,,,,,,,,False,,11001855.0,11002355.0,,,
y1_d146_ADQ_ANI,317.0,,,,,,,,False,,11028255.0,11028805.0,,,
y1_d146_ADQ_ANI,318.0,,,,,,,,False,,11054805.0,11055255.0,,,
y1_d146_ADQ_ANI,330.0,,,,,,,,False,,11571805.0,11572305.0,,,
y1_d146_ADQ_ANI,332.0,,,,,,,,False,,11653805.0,11654255.0,,,
y1_d146_ADQ_ANI,334.0,,,,,,,,False,,11738905.0,11739355.0,,,
y1_d146_ADQ_ANI,335.0,,,,,,,,False,,11764605.0,11765055.0,,,
y1_d146_ADQ_ANI,338.0,,,,,,,,False,,12021405.0,12021905.0,,,
y1_d146_ADQ_ANI,340.0,,,,,,,,False,,12071455.0,12071955.0,,,
y1_d146_ADQ_ANI,341.0,,,,,,,,False,,12095005.0,12095505.0,,,
y1_d146_ADQ_ANI,343.0,,,,,,,,False,,12172905.0,12173405.0,,,
y1_d146_ADQ_ANI,345.0,,,,,,,,False,,12242855.0,12243355.0,,,
y1_d146_ADQ_ANI,347.0,,,,,,,,False,,12301555.0,12302055.0,,,
y1_d146_ADQ_ANI,348.0,,,,,,,,False,,12356305.0,12356805.0,,,
y1_d146_ADQ_ANI,349.0,,,,,,,,False,,12389605.0,,,,
y1_d146_ADQ_ANI,352.0,,,,,,,,False,,12525205.0,12525705.0,,,
y1_d146_ADQ_ANI,356.0,,,,,,,,False,,12687305.0,12687805.0,,,
y1_d146_ADQ_ANI,357.0,,,,,,,,False,,12715255.0,12715755.0,,,
y1_d146_ADQ_ANI,358.0,,,,,,,,False,,12743155.0,12743655.0,,,
y1_d146_ADQ_ANI,359.0,,,,,,,,False,,12780605.0,12781105.0,,,
y1_d146_VHA_PHD,12.0,,,,,,,,False,,339493.0,339943.0,,,
y1_d146_VHA_PHD,13.0,,,,,,,,False,,359193.0,359643.0,,,
y1_d146_VHA_PHD,14.0,,,,,,,,False,,387543.0,387993.0,,,
y1_d146_VHA_PHD,15.0,,,,,,,,False,,418393.0,418943.0,,,
y1_d146_VHA_PHD,23.0,,,,,,,,False,,757593.0,758093.0,,,
y1_d146_VHA_PHD,109.0,,,,,,,,False,,3673943.0,3674393.0,,,
y1_d146_VHA_PHD,110.0,,,,,,,,False,,3701293.0,3701743.0,,,
y1_d146_VHA_PHD,111.0,,,,,,,,False,,3728293.0,3728843.0,,,
y1_d146_VHA_PHD,112.0,,,,,,,,False,,3765693.0,3772743.0,,,
y1_d146_VHA_PHD,126.0,,,,,,,,False,,4317743.0,4318243.0,,,
y1_d146_VHA_PHD,127.0,,,,,,,,False,,4360693.0,4361143.0,,,
y1_d146_VHA_PHD,129.0,,,,,,,,False,,4417443.0,4417893.0,,,
y1_d146_VHA_PHD,157.0,,,,,,,,False,,5392693.0,5393243.0,,,
y1_d146_VHA_PHD,158.0,,,,,,,,False,,5413793.0,5414293.0,,,
y1_d146_VHA_PHD,159.0,,,,,,,,False,,5436343.0,5436843.0,,,
y1_d146_VHA_PHD,166.0,,,,,,,,False,,5609043.0,5609593.0,,,
y1_d146_VHA_PHD,167.0,,,,,,,,False,,5622143.0,5622693.0,,,
y1_d146_VHA_PHD,168.0,,,,,,,,False,,5647943.0,5648493.0,,,
y1_d146_VHA_PHD,173.0,,,,,,,,False,,5879343.0,5879793.0,,,
y1_d146_VHA_PHD,175.0,,,,,,,,False,,5943793.0,5944243.0,,,
y1_d146_VHA_PHD,177.0,,,,,,,,False,,5988193.0,5988743.0,,,
y1_d146_VHA_PHD,178.0,,,,,,,,False,,6011593.0,6012143.0,,,
y1_d146_VHA_PHD,179.0,,,,,,,,False,,6039793.0,6040243.0,,,
y1_d146_VHA_PHD,180.0,,,,,,,,False,,6065293.0,6065843.0,,,
y1_d146_VHA_PHD,193.0,,,,,,,,False,,6455393.0,6455943.0,,,
y1_d146_VHA_PHD,194.0,,,,,,,,False,,6467943.0,6468493.0,,,
y1_d146_VHA_PHD,195.0,,,,,,,,False,,6489743.0,6490193.0,,,
y1_d146_VHA_PHD,196.0,,,,,,,,False,,6503443.0,6503943.0,,,
y1_d146_VHA_PHD,219.0,,,,,,,,False,,7306493.0,7306993.0,,,
y1_d146_VHA_PHD,220.0,,,,,,,,False,,7323993.0,7324493.0,,,
y1_d146_VHA_PHD,221.0,,,,,,,,False,,7342243.0,7345493.0,,,
y1_d146_VHA_PHD,224.0,,,,,,,,False,,7435343.0,7435993.0,,,
y1_d146_VHA_PHD,226.0,,,,,,,,False,,7479793.0,7480293.0,,,
y1_d146_VHA_PHD,227.0,,,,,,,,False,,7518243.0,7518743.0,,,
y1_d146_VHA_PHD,281.0,,,,,,,,False,,9322893.0,9323343.0,,,
y1_d146_VHA_PHD,282.0,,,,,,,,False,,9345493.0,9345943.0,,,
y1_d146_VHA_PHD,283.0,,,,,,,,False,,9366343.0,9366793.0,,,
y1_d146_VHA_PHD,285.0,,,,,,,,False,,9405993.0,9409343.0,,,
y1_d146_VHA_PHD,286.0,,,,,,,,False,,9432693.0,9433193.0,,,
y1_d147_VHA_PHD,17.0,,,,,,,,False,,514515.0,514965.0,,,
y1_d147_VHA_PHD,19.0,,,,,,,,False,,592465.0,592965.0,,,
y1_d147_VHA_PHD,24.0,,,,,,,,False,,728415.0,728915.0,,,
y1_d147_VHA_PHD,41.0,,,,,,,,False,,1364415.0,1364865.0,,,
y1_d147_VHA_PHD,43.0,,,,,,,,False,,1405015.0,,,,
y1_d147_VHA_PHD,92.0,,,,,,,,False,,3050615.0,3051065.0,,,
y1_d147_VHA_PHD,101.0,,,,,,,,False,,3230365.0,3230815.0,,,
y1_d147_VHA_PHD,102.0,,,,,,,,False,,3248265.0,3248715.0,,,
y1_d147_VHA_PHD,129.0,,,,,,,,False,,4191615.0,4192165.0,,,
y1_d147_VHA_PHD,134.0,,,,,,,,False,,4360865.0,4361415.0,,,
y1_d147_VHA_PHD,135.0,,,,,,,,False,,4383265.0,4383765.0,,,
y1_d147_VHA_PHD,144.0,,,,,,,,False,,4732865.0,4733365.0,,,
y1_d147_VHA_PHD,145.0,,,,,,,,False,,4761415.0,4761965.0,,,
y1_d147_VHA_PHD,146.0,,,,,,,,False,,4788815.0,4789265.0,,,
y1_d147_VHA_PHD,158.0,,,,,,,,False,,5202365.0,5202865.0,,,
y1_d147_VHA_PHD,159.0,,,,,,,,False,,5220315.0,5220765.0,,,
y1_d147_VHA_PHD,160.0,,,,,,,,False,,5237565.0,5238065.0,,,
y1_d147_VHA_PHD,161.0,,,,,,,,False,,5268815.0,5269265.0,,,
y1_d147_VHA_PHD,162.0,,,,,,,,False,,5286815.0,5287315.0,,,
y1_d147_VHA_PHD,199.0,,,,,,,,False,,6586415.0,6586915.0,,,
y1_d147_VHA_PHD,200.0,,,,,,,,False,,6609015.0,6609465.0,,,
y1_d147_VHA_PHD,202.0,,,,,,,,False,,6657565.0,6658015.0,,,
y1_d147_VHA_PHD,205.0,,,,,,,,False,,6785565.0,6786065.0,,,
y1_d147_VHA_PHD,206.0,,,,,,,,False,,6823515.0,6823965.0,,,
y1_d147_VHA_PHD,207.0,,,,,,,,False,,6846965.0,6847465.0,,,
y1_d147_VHA_PHD,209.0,,,,,,,,False,,6904415.0,6904915.0,,,
y1_d147_VHA_PHD,210.0,,,,,,,,False,,6931465.0,6931965.0,,,
y1_d147_VHA_PHD,218.0,,,,,,,,False,,7402765.0,7403265.0,,,
y1_d147_VHA_PHD,219.0,,,,,,,,False,,7420615.0,7421115.0,,,
y1_d147_VHA_PHD,220.0,,,,,,,,False,,7439265.0,7439715.0,,,
y1_d147_VHA_PHD,221.0,,,,,,,,False,,7457465.0,7457965.0,,,
y1_d147_VHA_PHD,243.0,,,,,,,,False,,8389965.0,8390515.0,,,
y1_d147_VHA_PHD,263.0,,,,,,,,False,,9088965.0,9089415.0,,,
y1_d147_VHA_PHD,265.0,,,,,,,,False,,9132915.0,9133365.0,,,
y1_d147_VHA_PHD,266.0,,,,,,,,False,,9148215.0,9148715.0,,,
y1_d147_VHA_PHD,267.0,,,,,,,,False,,9182365.0,9182865.0,,,
y1_d147_VHA_PHD,270.0,,,,,,,,False,,9269415.0,9269865.0,,,
y1_d148_VHA_PHD,8.0,,,,,,,,False,,156458.0,156920.0,,,
y1_d148_VHA_PHD,9.0,,,,,,,,False,,175994.0,176489.0,,,
y1_d148_VHA_PHD,16.0,,,,,,,,False,,348585.0,349146.0,,,
y1_d148_VHA_PHD,17.0,,,,,,,,False,,372609.0,373104.0,,,
y1_d148_VHA_PHD,21.0,,,,,,,,False,,461676.0,462138.0,,,
y1_d148_VHA_PHD,22.0,,,,,,,,False,,485898.0,486393.0,,,
y1_d148_VHA_PHD,33.0,,,,,,,,False,,895527.0,896055.0,,,
y1_d148_VHA_PHD,34.0,,,,,,,,False,,916218.0,916713.0,,,
y1_d148_VHA_PHD,35.0,"Out (inning-ending, verify)",1.914,0.693,1.221,77.86981337915184,77.03408492758443,70.6067379837083,True,1.945413051156376,937173.0,937635.0,938328.0,939549.0,38
y1_d148_VHA_PHD,53.0,,,,,,,,False,,1563580.0,1564108.0,,,
y1_d148_VHA_PHD,55.0,,,,,,,,False,,1598890.0,1599352.0,,,
y1_d148_VHA_PHD,56.0,,1.914,0.693,1.221,78.5061124122677,77.72430488840284,71.47689793509494,True,3.488274156242329,1618591.0,1619053.0,1619746.0,1620967.0,38
y1_d148_VHA_PHD,78.0,Safe,1.782,0.627,1.155,80.94042940438486,80.16039042701813,73.93543588595351,True,1.2671908495849835,2393828.0,2394323.0,2394950.0,2396105.0,36
y1_d148_VHA_PHD,86.0,,,,,,,,False,,2687561.0,2688023.0,,,
y1_d148_VHA_PHD,88.0,,,,,,,,False,,2725016.0,,,,
y1_d148_VHA_PHD,161.0,,,,,,,,False,,5024854.0,5025316.0,,,
y1_d148_VHA_PHD,162.0,,,,,,,,False,,5042377.0,5042905.0,,,
y1_d148_VHA_PHD,163.0,,,2.871,,,,,False,,5064091.0,5064586.0,5067457.0,,
y1_d148_VHA_PHD,165.0,,,,,,,,False,,5145535.0,5146063.0,,,
y1_d148_VHA_PHD,200.0,,,,,,,,False,,6335814.0,6336375.0,,,
y1_d148_VHA_PHD,201.0,,,,,,,,False,,6361092.0,6361620.0,,,
y1_d148_VHA_PHD,202.0,,1.881,0.627,1.254,76.50324696428606,75.86432984865938,71.37203611268745,True,1.1406269367350421,6380859.0,6381321.0,6381948.0,6383202.0,39
y1_d148_VHA_PHD,204.0,,,,,,,,False,,6445374.0,6445869.0,,,
y1_d148_VHA_PHD,229.0,,,,,,,,False,,7477813.0,7478242.0,,,
y1_d148_VHA_PHD,233.0,,,,,,,,False,,7574965.0,7575394.0,,,
y1_d148_VHA_PHD,234.0,,,,,,,,False,,7592851.0,7593379.0,,,
y1_d148_VHA_PHD,237.0,,,,,,,,False,,7718317.0,7718746.0,,,
y1_d148_VHA_PHD,239.0,,,,,,,,False,,7797352.0,7797880.0,,,
y1_d148_VHA_PHD,244.0,,,,,,,,False,,7931662.0,7932091.0,,,
y1_d148_VHA_PHD,246.0,,,,,,,,False,,8045974.0,8046502.0,,,
y1_d148_VHA_PHD,247.0,,,,,,,,False,,8063200.0,8063728.0,,,
y1_d148_VHA_PHD,249.0,,,,,,,,False,,8114284.0,8114812.0,,,
y1_d148_VHA_PHD,262.0,,,,,,,,False,,8562722.0,8563283.0,,,
y1_d148_VHA_PHD,284.0,,,,,,,,False,,9278954.0,9279416.0,,,
y1_d148_VHA_PHD,286.0,,,,,,,,False,,9464943.0,9465405.0,,,
y1_d149_VNG_VAS,49.0,,,,,,,,False,,1566841.0,,,,
y1_d149_VNG_VAS,110.0,,,,,,,,False,,3589041.0,3589541.0,,,
y1_d149_VNG_VAS,111.0,,,,,,,,False,,3606941.0,3607441.0,,,
y1_d149_VNG_VAS,112.0,Safe,1.9,0.65,1.25,78.162759833367,77.30448459977364,70.38248797407698,True,5.6571701875295854,3627141.0,3627591.0,3628241.0,3629491.0,26
y1_d149_VNG_VAS,166.0,,,,,,,,False,,5758491.0,5758941.0,,,
y1_d149_VNG_VAS,167.0,,,,,,,,False,,5786191.0,5786641.0,,,
y1_d149_VNG_VAS,168.0,,,,,,,,False,,5815041.0,5815541.0,,,
y1_d149_VNG_VAS,169.0,,,,,,,,False,,5839991.0,5840491.0,,,
y1_d149_VNG_VAS,170.0,,,,,,,,False,,5866991.0,5867491.0,,,
y1_d149_VNG_VAS,171.0,,,,,,,,False,,5895141.0,5895591.0,,,
y1_d149_VNG_VAS,172.0,,,,,,,,False,,5929441.0,5929941.0,,,
y1_d149_VNG_VAS,173.0,,,,,,,,False,,5962241.0,5962741.0,,,
y1_d149_VNG_VAS,176.0,,,,,,,,False,,6065341.0,6065841.0,,,
y1_d149_VNG_VAS,177.0,,,,,,,,False,,6092541.0,6092991.0,,,
y1_d149_VNG_VAS,201.0,,,,,,,,False,,6999291.0,6999791.0,,,
y1_d149_VNG_VAS,202.0,,,,,,,,False,,7021941.0,7022441.0,,,
y1_d149_VNG_VAS,203.0,,,,,,,,False,,7045341.0,7045791.0,,,
y1_d149_VNG_VAS,206.0,,,,,,,,False,,7144841.0,7145291.0,,,
y1_d149_VNG_VAS,221.0,,,,,,,,False,,7669291.0,7669741.0,,,
y1_d149_VNG_VAS,226.0,,,,,,,,False,,7838541.0,7838991.0,,,
y1_d149_VNG_VAS,227.0,,,,,,,,False,,7854941.0,7855391.0,,,
y1_d149_VNG_VAS,231.0,,,,,,,,False,,7956291.0,7956741.0,,,
y1_d149_VNG_VAS,232.0,,,,,,,,False,,7987591.0,7988041.0,,,
y1_d149_VNG_VAS,262.0,,,,,,,,False,,9106341.0,9106791.0,,,
y1_d149_VNG_VAS,263.0,,,,,,,,False,,9127291.0,9127741.0,,,
y1_d149_VNG_VAS,265.0,,,,,,,,False,,9191591.0,9191991.0,,,
y1_d149_VNG_VAS,266.0,,,,,,,,False,,9217041.0,9217491.0,,,
y1_d149_VNG_VAS,267.0,,,,,,,,False,,9238891.0,9239341.0,,,
y1_d149_VNG_VAS,268.0,,,,,,,,False,,9268441.0,9268891.0,,,
y1_d149_VNG_VAS,269.0,,,,,,,,False,,9295841.0,9296341.0,,,
y1_d150_VNG_VAS,11.0,,,,,,,,False,,286318.0,286818.0,,,
y1_d150_VNG_VAS,14.0,,,,,,,,False,,368468.0,368968.0,,,
y1_d150_VNG_VAS,16.0,,,,,,,,False,,412968.0,413468.0,,,
y1_d150_VNG_VAS,17.0,,,,,,,,False,,429218.0,429718.0,,,
y1_d150_VNG_VAS,18.0,"Out (inning-ending, verify)",2.0,0.8,1.2,81.1971421089932,80.31553862972972,73.157952461943,True,2.022665652204281,448368.0,448868.0,449668.0,450868.0,25
y1_d150_VNG_VAS,25.0,,,,,,,,False,,731668.0,732168.0,,,
y1_d150_VNG_VAS,26.0,,,,,,,,False,,754268.0,754818.0,,,
y1_d150_VNG_VAS,29.0,,,,,,,,False,,839668.0,840218.0,,,
y1_d150_VNG_VAS,30.0,,1.95,0.75,1.2,79.02455213189722,78.25876745119672,70.64580322273909,True,2.8652455006818665,855818.0,856318.0,857068.0,858268.0,25
y1_d150_VNG_VAS,31.0,,,,,,,,False,,889668.0,890118.0,,,
y1_d150_VNG_VAS,32.0,,,,,,,,False,,904318.0,904768.0,,,
y1_d150_VNG_VAS,35.0,,,,,,,,False,,964218.0,964718.0,,,
y1_d150_VNG_VAS,36.0,,,,,,,,False,,1007268.0,1007768.0,,,
y1_d150_VNG_VAS,42.0,,,,,,,,False,,1300268.0,1300768.0,,,
y1_d150_VNG_VAS,43.0,,,,,,,,False,,1320918.0,1321418.0,,,
y1_d150_VNG_VAS,61.0,,,,,,,,False,,1911418.0,1911918.0,,,
y1_d150_VNG_VAS,63.0,,,,,,,,False,,1953118.0,1953718.0,,,
y1_d150_VNG_VAS,65.0,,,,,,,,False,,2004768.0,2005318.0,,,
y1_d150_VNG_VAS,66.0,,,,,,,,False,,2035618.0,2036068.0,,,
y1_d150_VNG_VAS,67.0,,,,,,,,False,,2056118.0,2056568.0,,,
y1_d150_VNG_VAS,80.0,,,,,,,,False,,2507918.0,2508368.0,,,
y1_d150_VNG_VAS,81.0,,,,,,,,False,,2527468.0,2528018.0,,,
y1_d150_VNG_VAS,82.0,,,,,,,,False,,2554268.0,2554768.0,,,
y1_d150_VNG_VAS,83.0,,,,,,,,False,,2574118.0,2574618.0,,,
y1_d150_VNG_VAS,87.0,,,,,,,,False,,2695168.0,2695768.0,,,
y1_d150_VNG_VAS,88.0,,,,,,,,False,,2716868.0,2717468.0,,,
y1_d150_VNG_VAS,89.0,,,,,,,,False,,2814418.0,2814918.0,,,
y1_d150_VNG_VAS,93.0,,,,,,,,False,,2957968.0,2958468.0,,,
y1_d150_VNG_VAS,94.0,,,,,,,,False,,2977568.0,2978118.0,,,
y1_d150_VNG_VAS,95.0,,,,,,,,False,,3000568.0,3001168.0,,,
y1_d150_VNG_VAS,96.0,,,,,,,,False,,3016968.0,3017418.0,,,
y1_d150_VNG_VAS,106.0,,,,,,,,False,,3354018.0,3354568.0,,,
y1_d150_VNG_VAS,107.0,,,,,,,,False,,3369618.0,3370118.0,,,
y1_d150_VNG_VAS,108.0,,,,,,,,False,,3391918.0,3392418.0,,,
y1_d150_VNG_VAS,110.0,,,,,,,,False,,3456918.0,3457418.0,,,
y1_d150_VNG_VAS,111.0,,,,,,,,False,,3477318.0,3477818.0,,,
y1_d150_VNG_VAS,150.0,"Out (inning-ending, verify)",1.9,0.75,1.15,81.24122340634169,80.50524330073698,74.37293276584778,True,5.621382006409057,4969818.0,4970268.0,4971018.0,4972168.0,24
y1_d150_VNG_VAS,172.0,,,,,,,,False,,5729268.0,5729718.0,,,
y1_d150_VNG_VAS,173.0,,,,,,,,False,,5757268.0,5757718.0,,,
y1_d150_VNG_VAS,195.0,,,,,,,,False,,6652618.0,6653118.0,,,
y1_d150_VNG_VAS,197.0,,,,,,,,False,,6713318.0,6713818.0,,,
y1_d150_VNG_VAS,199.0,,,,,,,,False,,6786868.0,6787418.0,,,
y1_d150_VNG_VAS,220.0,,,,,,,,False,,7506968.0,7507418.0,,,
y1_d150_VNG_VAS,222.0,,,,,,,,False,,7553368.0,7553818.0,,,
y1_d150_VNG_VAS,225.0,,,,,,,,False,,7633368.0,7633818.0,,,
y1_d150_VNG_VAS,226.0,,,,,,,,False,,7656818.0,7657318.0,,,
y1_d150_VNG_VAS,229.0,,,,,,,,False,,7747668.0,7748218.0,,,
y1_d150_VNG_VAS,255.0,,,,,,,,False,,8558668.0,8559118.0,,,
y1_d150_VNG_VAS,256.0,,,,,,,,False,,8577518.0,8578018.0,,,
y1_d150_VNG_VAS,257.0,,,,,,,,False,,8599668.0,8600118.0,,,
y1_d150_VNG_VAS,258.0,,,,,,,,False,,8619968.0,8620418.0,,,
y1_d150_VNG_VAS,259.0,,,,,,,,False,,8638668.0,8639168.0,,,
y1_d150_VNG_VAS,272.0,,,,,,,,False,,9177468.0,,,,
y1_d150_VNG_VAS,304.0,,,,,,,,False,,10252368.0,10252868.0,,,
y1_d150_VNG_VAS,305.0,,,,,,,,False,,10269718.0,10270268.0,,,
y1_d151_VNG_VAS,16.0,,,,,,,,False,,486997.0,487497.0,,,
y1_d151_VNG_VAS,18.0,,,,,,,,False,,525947.0,526397.0,,,
y1_d151_VNG_VAS,19.0,,,,,,,,False,,546497.0,547097.0,,,
y1_d151_VNG_VAS,65.0,,,,,,,,False,,2011097.0,2011547.0,,,
y1_d151_VNG_VAS,92.0,,,,,,,,False,,2892497.0,2892947.0,,,
y1_d151_VNG_VAS,93.0,,,,,,,,False,,2916847.0,2917397.0,,,
y1_d151_VNG_VAS,96.0,,,,,,,,False,,2995147.0,2995647.0,,,
y1_d151_VNG_VAS,97.0,,,,,,,,False,,3012197.0,3012697.0,,,
y1_d151_VNG_VAS,98.0,Safe,1.9,0.65,1.25,79.31990550382812,78.47831458973403,68.74135306953765,True,3.4703087146067633,3034097.0,3034547.0,3035197.0,3036447.0,26
y1_d151_VNG_VAS,111.0,,,,,,,,False,,3505697.0,3506147.0,,,
y1_d151_VNG_VAS,112.0,,,,,,,,False,,3526197.0,3526647.0,,,
y1_d151_VNG_VAS,113.0,,,,,,,,False,,3546947.0,3547397.0,,,
y1_d151_VNG_VAS,114.0,,,,,,,,False,,3568697.0,3569197.0,,,
y1_d151_VNG_VAS,115.0,,,,,,,,False,,3617597.0,3618097.0,,,
y1_d151_VNG_VAS,117.0,,,,,,,,False,,3670747.0,3671197.0,,,
y1_d151_VNG_VAS,136.0,,,,,,,,False,,4409547.0,4410047.0,,,
y1_d151_VNG_VAS,138.0,,,,,,,,False,,4469697.0,4470147.0,,,
y1_d151_VNG_VAS,140.0,,,,,,,,False,,4528997.0,4529597.0,,,
y1_d151_VNG_VAS,141.0,,,,,,,,False,,4543397.0,4543847.0,,,
y1_d151_VNG_VAS,143.0,,,,,,,,False,,4587297.0,4587897.0,,,
y1_d151_VNG_VAS,182.0,,,,,,,,False,,5940597.0,5941197.0,,,
y1_d151_VNG_VAS,183.0,,,,,,,,False,,5960847.0,5961347.0,,,
y1_d151_VNG_VAS,185.0,,,,,,,,False,,6031947.0,6032447.0,,,
y1_d151_VNG_VAS,186.0,,,,,,,,False,,6051247.0,6051747.0,,,
y1_d151_VNG_VAS,190.0,,,,,,,,False,,6196497.0,6196997.0,,,
y1_d151_VNG_VAS,248.0,,,,,,,,False,,8249897.0,8250397.0,,,
y1_d151_VNG_VAS,249.0,,,,,,,,False,,8270297.0,8270747.0,,,
y1_d151_VNG_VAS,250.0,,,,,,,,False,,8296297.0,8296847.0,,,
y1_d151_VNG_VAS,252.0,,,,,,,,False,,8360597.0,8361197.0,,,
y1_d151_VNG_VAS,253.0,,,,,,,,False,,8389997.0,8390497.0,,,
y1_d151_VNG_VAS,254.0,,,,,,,,False,,8455897.0,8456397.0,,,
y1_d151_VNG_VAS,268.0,,,,,,,,False,,8907697.0,8908297.0,,,
y1_d151_VNG_VAS,269.0,,,,,,,,False,,8924247.0,8924697.0,,,
y1_d151_VNG_VAS,270.0,,,,,,,,False,,8941247.0,8941697.0,,,
y1_d151_VNG_VAS,289.0,,,,,,,,False,,9714447.0,9714947.0,,,
y1_d151_VNG_VAS,290.0,,,,,,,,False,,9734097.0,9734547.0,,,
y1_d151_VNG_VAS,291.0,,,,,,,,False,,9757847.0,9758297.0,,,
y1_d151_VNG_VAS,292.0,,,,,,,,False,,9782197.0,9782697.0,,,
y1_d151_VNG_VAS,294.0,,,,,,,,False,,9844997.0,9845447.0,,,
y1_d151_VNG_VAS,296.0,,,,,,,,False,,9928747.0,9929197.0,,,
y1_d151_VNG_VAS,297.0,,,,,,,,False,,9949997.0,9950497.0,,,
y1_d151_VNG_VAS,298.0,,,,,,,,False,,10006897.0,10007347.0,,,
y1_d151_VNG_VAS,299.0,,,,,,,,False,,10025897.0,10026347.0,,,
y1_d152_RME_ARN,2.0,,,,,,,,False,,54431.0,54931.0,,,
y1_d152_RME_ARN,4.0,,,,,,,,False,,101631.0,102131.0,,,
y1_d152_RME_ARN,5.0,,,,,,,,False,,125081.0,125581.0,,,
y1_d152_RME_ARN,6.0,,,,,,,,False,,150581.0,151081.0,,,
y1_d152_RME_ARN,8.0,,,,,,,,False,,223931.0,224381.0,,,
y1_d152_RME_ARN,9.0,,,,,,,,False,,250181.0,253131.0,,,
y1_d152_RME_ARN,10.0,,,,,,,,False,,323231.0,323681.0,,,
y1_d152_RME_ARN,21.0,,,,,,,,False,,620581.0,621031.0,,,
y1_d152_RME_ARN,22.0,,,,,,,,False,,644331.0,644781.0,,,
y1_d152_RME_ARN,23.0,,,,,,,,False,,667331.0,667831.0,,,
y1_d152_RME_ARN,24.0,,,,,,,,False,,692231.0,692681.0,,,
y1_d152_RME_ARN,33.0,,,,,,,,False,,1052981.0,1053431.0,,,
y1_d152_RME_ARN,35.0,Safe,,,,,,,False,,1100381.0,1103331.0,,,
y1_d152_RME_ARN,48.0,,,,,,,,False,,1541931.0,1542431.0,,,
y1_d152_RME_ARN,49.0,,,,,,,,False,,1561581.0,1562031.0,,,
y1_d152_RME_ARN,51.0,,,,,,,,False,,1611681.0,1612131.0,,,
y1_d152_RME_ARN,60.0,,,,,,,,False,,1983131.0,1983581.0,,,
y1_d152_RME_ARN,62.0,,,,,,,,False,,2042331.0,2042831.0,,,
y1_d152_RME_ARN,68.0,,,,,,,,False,,2230781.0,2231231.0,,,
y1_d152_RME_ARN,70.0,,,,,,,,False,,2289681.0,2290131.0,,,
y1_d152_RME_ARN,71.0,,,,,,,,False,,2311981.0,2312481.0,,,
y1_d152_RME_ARN,73.0,,,,,,,,False,,2371631.0,2372131.0,,,
y1_d152_RME_ARN,75.0,,,,,,,,False,,2432731.0,2433231.0,,,
y1_d152_RME_ARN,95.0,,,,,,,,False,,3164981.0,3165531.0,,,
y1_d152_RME_ARN,96.0,,,,,,,,False,,3206181.0,3206681.0,,,
y1_d152_RME_ARN,116.0,,,,,,,,False,,3943531.0,3944031.0,,,
y1_d152_RME_ARN,117.0,,,,,,,,False,,3965731.0,3968581.0,,,
y1_d152_RME_ARN,118.0,,,,,,,,False,,3999781.0,4000281.0,,,
y1_d152_RME_ARN,120.0,,,,,,,,False,,4068881.0,4069381.0,,,
y1_d152_RME_ARN,121.0,,,,,,,,False,,4087231.0,4087681.0,,,
y1_d152_RME_ARN,122.0,,,,,,,,False,,4111031.0,4111481.0,,,
y1_d152_RME_ARN,128.0,,,,,,,,False,,4397731.0,4398231.0,,,
y1_d152_RME_ARN,136.0,,,,,,,,False,,4688781.0,4689231.0,,,
y1_d152_RME_ARN,168.0,,,,,,,,False,,5818931.0,5819381.0,,,
y1_d152_RME_ARN,190.0,,,,,,,,False,,6527331.0,6527781.0,,,
y1_d152_RME_ARN,191.0,,,,,,,,False,,6549681.0,6550131.0,,,
y1_d152_RME_ARN,193.0,,,,,,,,False,,6594331.0,6594781.0,,,
y1_d152_RME_ARN,194.0,,,,,,,,False,,6614781.0,6615231.0,,,
y1_d152_RME_ARN,196.0,,,,,,,,False,,6668581.0,6669081.0,,,
y1_d152_RME_ARN,212.0,,,,,,,,False,,7417981.0,7418431.0,,,
y1_d152_RME_ARN,214.0,,,,,,,,False,,7472581.0,7473181.0,,,
y1_d152_RME_ARN,216.0,,,,,,,,False,,7524981.0,7525481.0,,,
y1_d152_RME_ARN,217.0,,,,,,,,False,,7558031.0,7558481.0,,,
y1_d152_RME_ARN,218.0,,,,,,,,False,,7580431.0,7580931.0,,,
y1_d152_RME_ARN,219.0,,,,,,,,False,,7605281.0,7605731.0,,,
y1_d152_RME_ARN,246.0,,,,,,,,False,,8556731.0,8557231.0,,,
y1_d152_RME_ARN,247.0,,,,,,,,False,,8582131.0,8582631.0,,,
y1_d152_RME_ARN,248.0,,,,,,,,False,,8606731.0,8607181.0,,,
y1_d152_RME_ARN,249.0,,,,,,,,False,,8629081.0,8629581.0,,,
y1_d152_RME_ARN,250.0,,,,,,,,False,,8659731.0,8660181.0,,,
y1_d152_RME_ARN,251.0,,,,,,,,False,,8694331.0,8694831.0,,,
y1_d152_RME_ARN,252.0,,,,,,,,False,,8717581.0,8718031.0,,,
y1_d152_RME_ARN,253.0,,,,,,,,False,,8740781.0,8741231.0,,,
y1_d152_RME_ARN,254.0,,,,,,,,False,,8764131.0,8764631.0,,,
y1_d152_RME_ARN,255.0,,,,,,,,False,,8801681.0,8802131.0,,,
y1_d152_RME_ARN,256.0,,,,,,,,False,,8823931.0,8824431.0,,,
y1_d152_RME_ARN,258.0,,,,,,,,False,,9037231.0,9037781.0,,,
y1_d152_RME_ARN,259.0,,,,,,,,False,,9052681.0,9053131.0,,,
y1_d152_RME_ARN,261.0,,,,,,,,False,,9101031.0,9101481.0,,,
y1_d152_RME_ARN,262.0,,,,,,,,False,,9128031.0,9128481.0,,,
y1_d152_RME_ARN,263.0,,,,,,,,False,,9152931.0,9153431.0,,,
y1_d152_RME_ARN,275.0,,,,,,,,False,,9619381.0,9619881.0,,,
y1_d152_RME_ARN,278.0,,,,,,,,False,,9713881.0,9714381.0,,,
y1_d152_RME_ARN,279.0,,,,,,,,False,,9740681.0,9741181.0,,,
y1_d152_RME_ARN,280.0,,,,,,,,False,,9767581.0,9768081.0,,,
y1_d152_RME_ARN,281.0,,,,,,,,False,,9794131.0,9794681.0,,,
y1_d152_RME_ARN,283.0,,,,,,,,False,,9847481.0,9848031.0,,,
y1_d152_RME_ARN,284.0,,,,,,,,False,,9872331.0,9872831.0,,,
y1_d152_RME_ARN,285.0,,,,,,,,False,,9895031.0,9895581.0,,,
y1_d152_RME_ARN,286.0,,,,,,,,False,,9922681.0,9923181.0,,,
y1_d152_RME_ARN,309.0,,,,,,,,False,,10624681.0,10625131.0,,,
y1_d152_RME_ARN,310.0,,,,,,,,False,,10641581.0,10642081.0,,,
y1_d152_RME_ARN,311.0,,,,,,,,False,,10658331.0,10658881.0,,,
y1_d152_RME_ARN,312.0,,,,,,,,False,,10677881.0,10678381.0,,,
y1_d152_RME_ARN,313.0,,,,,,,,False,,10711681.0,10712131.0,,,
y1_d152_RME_ARN,314.0,,,,,,,,False,,10734131.0,10734681.0,,,
y1_d152_RME_ARN,315.0,,,,,,,,False,,10751581.0,10752081.0,,,
y1_d152_RME_ARN,316.0,,,,,,,,False,,10769881.0,10770431.0,,,
y1_d152_RME_ARN,323.0,,,,,,,,False,,11058181.0,11058681.0,,,
y1_d152_RME_ARN,325.0,,,,,,,,False,,11104181.0,11104681.0,,,
y1_d152_RME_ARN,326.0,,,,,,,,False,,11120431.0,11120931.0,,,
y1_d152_RME_ARN,328.0,,,,,,,,False,,11166331.0,11166831.0,,,
y1_d152_RME_ARN,330.0,,,,,,,,False,,11212781.0,11213331.0,,,
y1_d152_RME_ARN,331.0,,,,,,,,False,,11241381.0,11241881.0,,,
y1_d152_RME_ARN,332.0,,,,,,,,False,,11256231.0,11256781.0,,,
y1_d152_RME_ARN,333.0,,,,,,,,False,,11273081.0,11273581.0,,,
y1_d152_RME_ARN,334.0,,,,,,,,False,,11290331.0,11290831.0,,,
y1_d152_RME_ARN,337.0,,,2.6,,,,,False,,11351631.0,11352181.0,11354781.0,,
y1_d152_VAS_PHD,6.0,,,,,,,,False,,131672.0,132122.0,,,
y1_d152_VAS_PHD,8.0,,,,,,,,False,,176972.0,177472.0,,,
y1_d152_VAS_PHD,9.0,,,,,,,,False,,199022.0,199472.0,,,
y1_d152_VAS_PHD,10.0,,,,,,,,False,,219222.0,219672.0,,,
y1_d152_VAS_PHD,34.0,,,,,,,,False,,914072.0,914572.0,,,
y1_d152_VAS_PHD,35.0,,,,,,,,False,,932972.0,933472.0,,,
y1_d152_VAS_PHD,36.0,,,,,,,,False,,982072.0,982572.0,,,
y1_d152_VAS_PHD,37.0,,,,,,,,False,,1003172.0,1003722.0,,,
y1_d152_VAS_PHD,43.0,,,,,,,,False,,1151572.0,1152122.0,,,
y1_d152_VAS_PHD,62.0,Safe,1.9,0.7,1.2,79.61590350888679,78.85415417374584,72.66181358196172,True,4.269510566482285,2551972.0,2552372.0,2553072.0,2554272.0,25
y1_d152_VAS_PHD,90.0,,,,,,,,False,,3362922.0,3363422.0,,,
y1_d152_VAS_PHD,92.0,,,,,,,,False,,3407972.0,3408572.0,,,
y1_d152_VAS_PHD,93.0,,,,,,,,False,,3435422.0,3435922.0,,,
y1_d152_VAS_PHD,116.0,,,,,,,,False,,4332322.0,4332872.0,,,
y1_d152_VAS_PHD,118.0,,,,,,,,False,,4370972.0,4371472.0,,,
y1_d152_VAS_PHD,119.0,,,,,,,,False,,4393022.0,4393522.0,,,
y1_d152_VAS_PHD,120.0,,,,,,,,False,,4439872.0,4440372.0,,,
y1_d152_VAS_PHD,122.0,,,,,,,,False,,4497972.0,4498472.0,,,
y1_d152_VAS_PHD,123.0,,,,,,,,False,,4525572.0,4526072.0,,,
y1_d152_VAS_PHD,167.0,,,,,,,,False,,6471572.0,6472022.0,,,
y1_d152_VAS_PHD,168.0,,,,,,,,False,,6488622.0,6489072.0,,,
y1_d152_VAS_PHD,193.0,,,,,,,,False,,7266522.0,7267022.0,,,
y1_d152_VAS_PHD,194.0,,,,,,,,False,,7287622.0,7288172.0,,,
y1_d152_VAS_PHD,196.0,,,,,,,,False,,7357072.0,7357572.0,,,
y1_d152_VAS_PHD,198.0,,,,,,,,False,,7414022.0,7414522.0,,,
y1_d152_VAS_PHD,202.0,,,,,,,,False,,7535772.0,7536222.0,,,
y1_d152_VAS_PHD,203.0,,,,,,,,False,,7557572.0,7558072.0,,,
y1_d152_VAS_PHD,237.0,,,,,,,,False,,8701622.0,8702072.0,,,
y1_d152_VAS_PHD,262.0,,,,,,,,False,,9613722.0,9614222.0,,,
y1_d152_VAS_PHD,265.0,,,,,,,,False,,9686272.0,9686722.0,,,
y1_d152_VAS_PHD,268.0,,,,,,,,False,,9761272.0,9761772.0,,,
y1_d152_VAS_PHD,274.0,,,,,,,,False,,9955222.0,9955672.0,,,
y1_d152_VAS_PHD,280.0,,,,,,,,False,,10223822.0,10224272.0,,,
y1_d152_VAS_PHD,281.0,,,,,,,,False,,10243322.0,10243772.0,,,
y1_d152_VAS_PHD,282.0,,,,,,,,False,,10266372.0,10266822.0,,,
y1_d152_VAS_PHD,284.0,,,,,,,,False,,10328222.0,10328672.0,,,
y1_d152_VAS_PHD,285.0,,,,,,,,False,,10352172.0,10352672.0,,,
y1_d152_VAS_PHD,286.0,,2.1,0.95,1.15,78.27698323057773,77.51329930760029,71.30936357563674,True,4.383822362201654,10376522.0,10376972.0,10377922.0,10379072.0,24
y1_d152_VAS_PHD,287.0,,,,,,,,False,,10411372.0,10411822.0,,,
y1_d152_VAS_PHD,288.0,,,,,,,,False,,10430322.0,10430772.0,,,
y1_d152_VAS_PHD,297.0,Safe,1.9,0.7,1.2,76.45051790240502,75.60829650353483,68.66769325172746,True,2.8801553452124735,10791072.0,10791572.0,10792272.0,10793472.0,25
y1_d152_VAS_PHD,317.0,,,,,,,,False,,11505272.0,11505722.0,,,
y1_d152_VAS_PHD,319.0,,,,,,,,False,,11562372.0,11562922.0,,,
y1_d152_VAS_PHD,320.0,,,,,,,,False,,11582222.0,11582672.0,,,
y1_d152_VAS_PHD,322.0,,,,,,,,False,,11635872.0,11636322.0,,,
y1_d152_VAS_PHD,323.0,,,,,,,,False,,11661022.0,11661522.0,,,
y1_d152_VAS_PHD,340.0,,,,,,,,False,,12206822.0,12207372.0,,,
y1_d152_VAS_PHD,341.0,,,,,,,,False,,12223322.0,12223772.0,,,
y1_d152_VAS_PHD,342.0,,,,,,,,False,,12243872.0,12244322.0,,,
y1_d152_VAS_PHD,344.0,,,,,,,,False,,12290422.0,12290872.0,,,
y1_d152_VAS_PHD,345.0,,,,,,,,False,,12311672.0,12312122.0,,,
y1_d152_VAS_PHD,346.0,,,,,,,,False,,12337622.0,12338072.0,,,
y1_d153.5_RME_ARN,2.0,,,,,,,,False,,46087.0,46537.0,,,
y1_d153.5_RME_ARN,4.0,,,,,,,,False,,79387.0,79837.0,,,
y1_d153.5_RME_ARN,6.0,,,,,,,,False,,121587.0,122087.0,,,
y1_d153.5_RME_ARN,14.0,,,,,,,,False,,389787.0,390237.0,,,
y1_d153.5_RME_ARN,16.0,,,,,,,,False,,435037.0,435537.0,,,
y1_d153.5_RME_ARN,18.0,,,,,,,,False,,480987.0,481437.0,,,
y1_d153.5_RME_ARN,30.0,,,,,,,,False,,931037.0,931487.0,,,
y1_d153.5_RME_ARN,32.0,,,,,,,,False,,1000037.0,1000537.0,,,
y1_d153.5_RME_ARN,33.0,,,,,,,,False,,1033287.0,1033737.0,,,
y1_d153.5_RME_ARN,34.0,,,,,,,,False,,1050387.0,1050937.0,,,
y1_d153.5_RME_ARN,48.0,,,,,,,,False,,1589787.0,1590287.0,,,
y1_d153.5_RME_ARN,49.0,,,,,,,,False,,1607137.0,1607637.0,,,
y1_d153.5_RME_ARN,51.0,,,,,,,,False,,1645937.0,1646437.0,,,
y1_d153.5_RME_ARN,53.0,,,,,,,,False,,1677937.0,1678387.0,,,
y1_d153.5_RME_ARN,54.0,,,,,,,,False,,1697887.0,1698337.0,,,
y1_d153.5_RME_ARN,64.0,,,,,,,,False,,2097087.0,2097537.0,,,
y1_d153.5_RME_ARN,67.0,,,,,,,,False,,2161137.0,2161587.0,,,
y1_d153.5_RME_ARN,68.0,,,,,,,,False,,2182087.0,2182537.0,,,
y1_d153.5_RME_ARN,88.0,,,,,,,,False,,2801687.0,2802237.0,,,
y1_d153.5_RME_ARN,91.0,,,,,,,,False,,2860187.0,2860637.0,,,
y1_d153.5_RME_ARN,137.0,Safe,1.9,0.65,1.25,74.23739282119651,73.54253977913328,68.12320680947519,True,4.713605740785582,4264787.0,4265287.0,4265937.0,4267187.0,26
y1_d153.5_RME_ARN,165.0,,,,,,,,False,,5315437.0,5315887.0,,,
y1_d153.5_RME_ARN,167.0,,,,,,,,False,,5376687.0,5377187.0,,,
y1_d153.5_RME_ARN,168.0,,,,,,,,False,,5392737.0,5393237.0,,,
y1_d153.5_RME_ARN,170.0,,,,,,,,False,,5431487.0,5431937.0,,,
y1_d153.5_RME_ARN,171.0,,,,,,,,False,,5449437.0,5449887.0,,,
y1_d153.5_RME_ARN,184.0,,,,,,,,False,,5993387.0,5993887.0,,,
y1_d153.5_RME_ARN,185.0,,,,,,,,False,,6010037.0,6010537.0,,,
y1_d153.5_RME_ARN,186.0,,,,,,,,False,,6034787.0,6035237.0,,,
y1_d153.5_RME_ARN,187.0,,,,,,,,False,,6053137.0,6053637.0,,,
y1_d153.5_RME_ARN,189.0,,,,,,,,False,,6097987.0,6098437.0,,,
y1_d153.5_RME_ARN,209.0,,,,,,,,False,,6923387.0,6923887.0,,,
y1_d153.5_RME_ARN,210.0,,,,,,,,False,,6944187.0,6944787.0,,,
y1_d153.5_RME_ARN,211.0,,,,,,,,False,,6965387.0,6965887.0,,,
y1_d153.5_RME_ARN,214.0,,,,,,,,False,,7033037.0,7033487.0,,,
y1_d153.5_RME_ARN,264.0,,,,,,,,False,,8995587.0,8996137.0,,,
y1_d153.5_RME_ARN,265.0,,,,,,,,False,,9018137.0,9018637.0,,,
y1_d153.5_RME_ARN,266.0,,,,,,,,False,,9041937.0,9042387.0,,,
y1_d153.5_RME_ARN,267.0,,,,,,,,False,,9075087.0,9075537.0,,,
y1_d153.5_VAS_PHD,16.0,,,,,,,,False,,520272.0,520722.0,,,
y1_d153.5_VAS_PHD,17.0,,,,,,,,False,,536072.0,536522.0,,,
y1_d153.5_VAS_PHD,20.0,,,,,,,,False,,607072.0,607522.0,,,
y1_d153.5_VAS_PHD,21.0,,,,,,,,False,,640872.0,641322.0,,,
y1_d153.5_VAS_PHD,22.0,,,,,,,,False,,659072.0,659522.0,,,
y1_d153.5_VAS_PHD,23.0,,,,,,,,False,,682722.0,683172.0,,,
y1_d153.5_VAS_PHD,25.0,,,,,,,,False,,723622.0,724072.0,,,
y1_d153.5_VAS_PHD,26.0,,,,,,,,False,,748222.0,748672.0,,,
y1_d153.5_VAS_PHD,40.0,,,,,,,,False,,1203122.0,1203672.0,,,
y1_d153.5_VAS_PHD,41.0,,,,,,,,False,,1223972.0,1224572.0,,,
y1_d153.5_VAS_PHD,42.0,,,,,,,,False,,1246772.0,1247372.0,,,
y1_d153.5_VAS_PHD,71.0,,,,,,,,False,,2160222.0,2160772.0,,,
y1_d153.5_VAS_PHD,88.0,,,,,,,,False,,2836822.0,2837322.0,,,
y1_d153.5_VAS_PHD,89.0,,,,,,,,False,,2853322.0,2853922.0,,,
y1_d153.5_VAS_PHD,90.0,,,,,,,,False,,2873322.0,2873922.0,,,
y1_d153.5_VAS_PHD,92.0,,,,,,,,False,,2911522.0,2912022.0,,,
y1_d153.5_VAS_PHD,93.0,,,,,,,,False,,2929822.0,2930372.0,,,
y1_d153.5_VAS_PHD,105.0,,,,,,,,False,,3379472.0,3379972.0,,,
y1_d153.5_VAS_PHD,106.0,,,,,,,,False,,3396222.0,3396672.0,,,
y1_d153.5_VAS_PHD,108.0,,,,,,,,False,,3447822.0,3448322.0,,,
y1_d153.5_VAS_PHD,109.0,,,1.85,,,,,False,,3469972.0,3471472.0,3473322.0,,
y1_d153.5_VAS_PHD,151.0,,,,,,,,False,,4903222.0,4903722.0,,,
y1_d153.5_VAS_PHD,155.0,,,,,,,,False,,4983572.0,4984122.0,,,
y1_d153.5_VAS_PHD,157.0,,,,,,,,False,,5043522.0,5044022.0,,,
y1_d153.5_VAS_PHD,159.0,,,,,,,,False,,5102622.0,5103072.0,,,
y1_d153.5_VAS_PHD,161.0,,,,,,,,False,,5162772.0,5163322.0,,,
y1_d153.5_VAS_PHD,173.0,,,,,,,,False,,5645022.0,5645472.0,,,
y1_d153.5_VAS_PHD,174.0,,,,,,,,False,,5662422.0,5662922.0,,,
y1_d153.5_VAS_PHD,176.0,,,,,,,,False,,5718122.0,5718622.0,,,
y1_d153.5_VAS_PHD,183.0,,,,,,,,False,,6988872.0,6989372.0,,,
y1_d153.5_VAS_PHD,186.0,,,,,,,,False,,7226172.0,7226672.0,,,
y1_d153.5_VAS_PHD,191.0,,,,,,,,False,,7374672.0,7375172.0,,,
y1_d153.5_VAS_PHD,192.0,,,,,,,,False,,7394322.0,7394822.0,,,
y1_d153.5_VAS_PHD,195.0,,,,,,,,False,,7453572.0,7454072.0,,,
y1_d153.5_VAS_PHD,246.0,,,,,,,,False,,9199722.0,9200222.0,,,
y1_d153.5_VAS_PHD,247.0,,,,,,,,False,,9224272.0,9224772.0,,,
y1_d153.5_VAS_PHD,248.0,,,,,,,,False,,9251522.0,9251972.0,,,
y1_d153.5_VAS_PHD,249.0,,,,,,,,False,,9274822.0,9275322.0,,,
y1_d153.5_VAS_PHD,275.0,,,,,,,,False,,10315972.0,10316472.0,,,
y1_d153.5_VAS_PHD,276.0,,,,,,,,False,,10333022.0,10333472.0,,,
y1_d153.5_VAS_PHD,278.0,,,,,,,,False,,10372522.0,10378222.0,,,
y1_d153.5_VAS_PHD,279.0,,,,,,,,False,,10406422.0,10406872.0,,,
y1_d153.5_VAS_PHD,280.0,,,,,,,,False,,10433722.0,10434172.0,,,
y1_d153.5_VAS_PHD,300.0,,,,,,,,False,,11268122.0,11268572.0,,,
y1_d153.5_VAS_PHD,301.0,,,,,,,,False,,11285922.0,11286372.0,,,
y1_d153.5_VAS_PHD,302.0,,,,,,,,False,,11311272.0,11311772.0,,,
y1_d153_RME_ARN,11.0,,,,,,,,False,,333575.0,334075.0,,,
y1_d153_RME_ARN,12.0,,,,,,,,False,,352475.0,352975.0,,,
y1_d153_RME_ARN,13.0,,,,,,,,False,,376375.0,376825.0,,,
y1_d153_RME_ARN,14.0,,,,,,,,False,,400125.0,400675.0,,,
y1_d153_RME_ARN,28.0,,,,,,,,False,,898475.0,898975.0,,,
y1_d153_RME_ARN,63.0,,,,,,,,False,,2122025.0,2122475.0,,,
y1_d153_RME_ARN,64.0,,,,,,,,False,,2141825.0,2142325.0,,,
y1_d153_RME_ARN,109.0,,,,,,,,False,,3887525.0,3888075.0,,,
y1_d153_RME_ARN,110.0,,,,,,,,False,,3912625.0,3913125.0,,,
y1_d153_RME_ARN,113.0,,,,,,,,False,,4003125.0,4003625.0,,,
y1_d153_RME_ARN,114.0,,,,,,,,False,,4026725.0,4027225.0,,,
y1_d153_RME_ARN,115.0,,,,,,,,False,,4048025.0,4048525.0,,,
y1_d153_RME_ARN,116.0,,,,,,,,False,,4070525.0,4071025.0,,,
y1_d153_RME_ARN,117.0,,,,,,,,False,,4094325.0,4094825.0,,,
y1_d153_RME_ARN,118.0,,,,,,,,False,,4123275.0,4123825.0,,,
y1_d153_RME_ARN,156.0,,,,,,,,False,,5502425.0,5502975.0,,,
y1_d153_RME_ARN,157.0,,,,,,,,False,,5524125.0,5524625.0,,,
y1_d153_RME_ARN,179.0,,,,,,,,False,,6281225.0,6281725.0,,,
y1_d153_RME_ARN,180.0,,,,,,,,False,,6298725.0,6299275.0,,,
y1_d153_RME_ARN,181.0,,,,,,,,False,,6318975.0,6319475.0,,,
y1_d153_RME_ARN,188.0,,,,,,,,False,,6629975.0,6630475.0,,,
y1_d153_RME_ARN,190.0,,,,,,,,False,,6684725.0,6685175.0,,,
y1_d153_RME_ARN,193.0,Safe,,,,,,,False,,6777225.0,6781025.0,,,
y1_d153_VAS_PHD,4.0,,,,,,,,False,,61491.0,61991.0,,,
y1_d153_VAS_PHD,5.0,,,,,,,,False,,79541.0,79991.0,,,
y1_d153_VAS_PHD,7.0,,,,,,,,False,,112641.0,113091.0,,,
y1_d153_VAS_PHD,24.0,,,,,,,,False,,614391.0,614841.0,,,
y1_d153_VAS_PHD,25.0,,,,,,,,False,,632691.0,633191.0,,,
y1_d153_VAS_PHD,26.0,,,,,,,,False,,656791.0,657241.0,,,
y1_d153_VAS_PHD,27.0,,,,,,,,False,,676891.0,677341.0,,,
y1_d153_VAS_PHD,28.0,,,,,,,,False,,699391.0,699841.0,,,
y1_d153_VAS_PHD,29.0,,,,,,,,False,,727841.0,728291.0,,,
y1_d153_VAS_PHD,30.0,,,,,,,,False,,743391.0,743891.0,,,
y1_d153_VAS_PHD,31.0,,,,,,,,False,,758991.0,759441.0,,,
y1_d153_VAS_PHD,32.0,,,,,,,,False,,776141.0,776591.0,,,
y1_d153_VAS_PHD,34.0,,,,,,,,False,,817141.0,817591.0,,,
y1_d153_VAS_PHD,48.0,,,,,,,,False,,1443341.0,1443841.0,,,
y1_d153_VAS_PHD,49.0,,,,,,,,False,,1462441.0,1462941.0,,,
y1_d153_VAS_PHD,52.0,,,,,,,,False,,1537091.0,1537641.0,,,
y1_d153_VAS_PHD,53.0,,,,,,,,False,,1553791.0,1554291.0,,,
y1_d153_VAS_PHD,55.0,,,,,,,,False,,1597391.0,1597891.0,,,
y1_d153_VAS_PHD,56.0,,,,,,,,False,,1621391.0,1621841.0,,,
y1_d153_VAS_PHD,58.0,,,,,,,,False,,1676591.0,1677091.0,,,
y1_d153_VAS_PHD,61.0,Safe,,,,,,,False,,1724041.0,1724541.0,,,
y1_d153_VAS_PHD,74.0,,,,,,,,False,,2183791.0,2184291.0,,,
y1_d153_VAS_PHD,76.0,,,,,,,,False,,2239441.0,2239941.0,,,
y1_d153_VAS_PHD,78.0,,,,,,,,False,,2300291.0,2300741.0,,,
y1_d153_VAS_PHD,79.0,,,,,,,,False,,2337041.0,2337491.0,,,
y1_d153_VAS_PHD,82.0,,,,,,,,False,,2448941.0,2449491.0,,,
y1_d153_VAS_PHD,83.0,,,,,,,,False,,2467491.0,2467941.0,,,
y1_d153_VAS_PHD,84.0,,,,,,,,False,,2485291.0,2485841.0,,,
y1_d153_VAS_PHD,126.0,,,,,,,,False,,3792491.0,3792991.0,,,
y1_d153_VAS_PHD,136.0,,,,,,,,False,,4125491.0,4126041.0,,,
y1_d153_VAS_PHD,137.0,,,,,,,,False,,4148991.0,4149441.0,,,
y1_d153_VAS_PHD,138.0,,,,,,,,False,,4175291.0,4175741.0,,,
y1_d153_VAS_PHD,146.0,,,,,,,,False,,4515591.0,4516141.0,,,
y1_d153_VAS_PHD,149.0,,,,,,,,False,,4576591.0,4581241.0,,,
y1_d153_VAS_PHD,151.0,,,,,,,,False,,4655041.0,4655491.0,,,
y1_d153_VAS_PHD,160.0,,,,,,,,False,,4873391.0,4873891.0,,,
y1_d153_VAS_PHD,167.0,,,,,,,,False,,5110841.0,5111341.0,,,
y1_d153_VAS_PHD,190.0,,,,,,,,False,,5934741.0,5935291.0,,,
y1_d153_VAS_PHD,191.0,,,,,,,,False,,5953941.0,5954441.0,,,
y1_d153_VAS_PHD,202.0,,,,,,,,False,,6537641.0,6538091.0,,,
y1_d153_VAS_PHD,203.0,,,,,,,,False,,6552691.0,6553141.0,,,
y1_d153_VAS_PHD,204.0,,,,,,,,False,,6567941.0,6568441.0,,,
y1_d153_VAS_PHD,205.0,,,,,,,,False,,6587991.0,6588441.0,,,
y1_d153_VAS_PHD,229.0,,,,,,,,False,,7385391.0,7385941.0,,,
y1_d153_VAS_PHD,230.0,,,,,,,,False,,7403191.0,7403641.0,,,
y1_d153_VAS_PHD,231.0,,,,,,,,False,,7428741.0,7429191.0,,,
y1_d153_VAS_PHD,234.0,,,,,,,,False,,7506641.0,7507191.0,,,
y1_d153_VAS_PHD,235.0,,,,,,,,False,,7529541.0,7529991.0,,,
y1_d153_VAS_PHD,237.0,,,,,,,,False,,7599141.0,7599691.0,,,
y1_d153_VAS_PHD,240.0,,,,,,,,False,,7673041.0,7673491.0,,,
y1_d154_VAS_PHD,6.0,,,,,,,,False,,137285.0,137835.0,,,
y1_d154_VAS_PHD,7.0,,,,,,,,False,,156135.0,156685.0,,,
y1_d154_VAS_PHD,8.0,,,,,,,,False,,190985.0,191435.0,,,
y1_d154_VAS_PHD,9.0,,,,,,,,False,,210385.0,210885.0,,,
y1_d154_VAS_PHD,10.0,,,,,,,,False,,245135.0,245685.0,,,
y1_d154_VAS_PHD,67.0,,,,,,,,False,,2212435.0,2212935.0,,,
y1_d154_VAS_PHD,72.0,,,,,,,,False,,2368835.0,2369285.0,,,
y1_d154_VAS_PHD,75.0,"Out (inning-ending, verify)",1.85,0.65,1.2,79.03471564915549,78.31821728300693,72.76161083135773,True,5.3209699220059115,2438885.0,2439385.0,2440035.0,2441235.0,25
y1_d154_VAS_PHD,110.0,,,,,,,,False,,3676585.0,3677085.0,,,
y1_d154_VAS_PHD,113.0,,,,,,,,False,,3800685.0,3801185.0,,,
y1_d154_VAS_PHD,114.0,,,,,,,,False,,3831635.0,3832235.0,,,
y1_d154_VAS_PHD,115.0,,,,,,,,False,,3855285.0,3855885.0,,,
y1_d154_VAS_PHD,116.0,,,,,,,,False,,3885435.0,3885935.0,,,
y1_d154_VAS_PHD,131.0,,,,,,,,False,,4443085.0,4443635.0,,,
y1_d154_VAS_PHD,134.0,,,,,,,,False,,4513435.0,4513935.0,,,
y1_d154_VAS_PHD,137.0,,,,,,,,False,,4613285.0,4613735.0,,,
y1_d154_VAS_PHD,145.0,,,,,,,,False,,4964185.0,4964685.0,,,
y1_d154_VAS_PHD,146.0,,,,,,,,False,,4984835.0,4985335.0,,,
y1_d154_VAS_PHD,147.0,,,,,,,,False,,5008235.0,5008785.0,,,
y1_d154_VAS_PHD,149.0,,,,,,,,False,,5073735.0,5074235.0,,,
y1_d154_VAS_PHD,173.0,,,,,,,,False,,6230185.0,6230635.0,,,
y1_d154_VAS_PHD,174.0,,,,,,,,False,,6246385.0,6246835.0,,,
y1_d154_VAS_PHD,187.0,,,,,,,,False,,6748735.0,6749285.0,,,
y1_d154_VAS_PHD,188.0,,,,,,,,False,,6766685.0,6769535.0,,,
y1_d154_VAS_PHD,189.0,,,,,,,,False,,6794585.0,6795085.0,,,
y1_d154_VAS_PHD,190.0,,,,,,,,False,,6811485.0,6811935.0,,,
y1_d154_VAS_PHD,192.0,,,,,,,,False,,6854935.0,6855435.0,,,
y1_d154_VAS_PHD,195.0,,,,,,,,False,,6951985.0,6952485.0,,,
y1_d154_VAS_PHD,197.0,,,,,,,,False,,6988785.0,6989285.0,,,
y1_d154_VAS_PHD,199.0,,,,,,,,False,,7034985.0,7035485.0,,,
y1_d154_VAS_PHD,200.0,,,,,,,,False,,7061485.0,7061985.0,,,
y1_d154_VAS_PHD,201.0,,,,,,,,False,,7081085.0,7081585.0,,,
y1_d154_VAS_PHD,202.0,,,,,,,,False,,7098035.0,7098485.0,,,
y1_d154_VAS_PHD,203.0,,,,,,,,False,,7117635.0,7118135.0,,,
y1_d154_VAS_PHD,213.0,,,,,,,,False,,7530985.0,7531435.0,,,
y1_d154_VAS_PHD,217.0,,,,,,,,False,,7653035.0,7653485.0,,,
y1_d154_VAS_PHD,218.0,,,,,,,,False,,7672935.0,7673435.0,,,
y1_d154_VAS_PHD,219.0,,,,,,,,False,,7693135.0,7693635.0,,,
y1_d154_VAS_PHD,229.0,,,,,,,,False,,8078485.0,8078935.0,,,
y1_d154_VAS_PHD,230.0,,,,,,,,False,,8104085.0,8104535.0,,,
y1_d154_VAS_PHD,231.0,,,,,,,,False,,8124585.0,8125035.0,,,
y1_d154_VAS_PHD,234.0,,,,,,,,False,,8210385.0,8210835.0,,,
y1_d154_VAS_PHD,235.0,,,,,,,,False,,8239435.0,8239885.0,,,
y1_d154_VAS_PHD,236.0,,,,,,,,False,,8256885.0,8257335.0,,,
y1_d154_VAS_PHD,237.0,,,,,,,,False,,8276785.0,8277235.0,,,
y1_d154_VAS_PHD,245.0,,,,,,,,False,,8587635.0,8588085.0,,,
y1_d154_VAS_PHD,246.0,,,,,,,,False,,8606785.0,8607235.0,,,
y1_d154_VAS_PHD,258.0,,,,,,,,False,,9022035.0,9022585.0,,,
y1_d155.5_XOZ_ARN,15.0,,,,,,,,False,,439587.0,440082.0,,,
y1_d155.5_XOZ_ARN,27.0,,,,,,,,False,,821760.0,822255.0,,,
y1_d155.5_XOZ_ARN,28.0,"Out (inning-ending, verify)",1.914,0.726,1.188,78.69276975886201,77.9363921740361,71.93106975596412,True,2.848546472473049,842946.0,843408.0,844134.0,845322.0,37
y1_d155.5_XOZ_ARN,36.0,,,,,,,,False,,1164598.0,1165126.0,,,
y1_d155.5_XOZ_ARN,37.0,,,,,,,,False,,1184761.0,1185289.0,,,
y1_d155.5_XOZ_ARN,67.0,,,,,,,,False,,2247791.0,2248253.0,,,
y1_d155.5_XOZ_ARN,68.0,,,,,,,,False,,2266304.0,2266766.0,,,
y1_d155.5_XOZ_ARN,69.0,,,,,,,,False,,2289635.0,2290196.0,,,
y1_d155.5_XOZ_ARN,99.0,,,,,,,,False,,3282111.0,3282606.0,,,
y1_d155.5_XOZ_ARN,100.0,,,,,,,,False,,3303396.0,3303858.0,,,
y1_d155.5_XOZ_ARN,101.0,,,,,,,,False,,3322536.0,3322998.0,,,
y1_d155.5_XOZ_ARN,110.0,,,,,,,,False,,3696987.0,3697515.0,,,
y1_d155.5_XOZ_ARN,113.0,,,0.726,,,,,False,,3746850.0,3747312.0,3748038.0,,
y1_d155.5_XOZ_ARN,115.0,,,,,,,,False,,3779916.0,3780378.0,,,
y1_d155.5_XOZ_ARN,117.0,,,,,,,,False,,3881820.0,3882348.0,,,
y1_d155.5_XOZ_ARN,118.0,,,,,,,,False,,3901653.0,,,,
y1_d155.5_XOZ_ARN,146.0,,,,,,,,False,,4895680.0,4896142.0,,,
y1_d155.5_XOZ_ARN,147.0,,,,,,,,False,,4918516.0,4918978.0,,,
y1_d155.5_XOZ_ARN,148.0,,,,,,,,False,,4942507.0,4943002.0,,,
y1_d155.5_XOZ_ARN,183.0,,,,,,,,False,,6395169.0,6395730.0,,,
y1_d155.5_XOZ_ARN,186.0,,,,,,,,False,,6508161.0,6508689.0,,,
y1_d155.5_XOZ_ARN,187.0,,,,,,,,False,,6525882.0,6526410.0,,,
y1_d155.5_XOZ_ARN,189.0,,,,,,,,False,,6576075.0,6576603.0,,,
y1_d155_VAS_PHD,20.0,,,,,,,,False,,590027.0,590588.0,,,
y1_d155_VAS_PHD,21.0,,,,,,,,False,,608144.0,608606.0,,,
y1_d155_VAS_PHD,22.0,,,,,,,,False,,629000.0,629495.0,,,
y1_d155_VAS_PHD,23.0,,,,,,,,False,,652826.0,653321.0,,,
y1_d155_VAS_PHD,25.0,,,,,,,,False,,721797.0,722292.0,,,
y1_d155_VAS_PHD,56.0,,,,,,,,False,,1653156.0,1653618.0,,,
y1_d155_VAS_PHD,189.0,,,,,,,,False,,6237422.0,6237884.0,,,
y1_d155_VAS_PHD,190.0,,,,,,,,False,,6255836.0,6256298.0,,,
y1_d155_VAS_PHD,193.0,Safe,2.046,0.759,1.287,75.14082884909749,74.31046762295391,67.93212689382165,True,1.961142098924853,6323519.0,6324014.0,6324773.0,6326060.0,40
y1_d155_VAS_PHD,213.0,,,,,,,,False,,6980583.0,6981045.0,,,
y1_d155_VAS_PHD,216.0,,,,,,,,False,,7045593.0,7046055.0,,,
y1_d155_VAS_PHD,217.0,,,,,,,,False,,7064997.0,7065492.0,,,
y1_d155_VAS_PHD,220.0,,,,,,,,False,,7138158.0,7138653.0,,,
y1_d155_VAS_PHD,222.0,,,,,,,,False,,7209933.0,7210461.0,,,
y1_d155_VAS_PHD,224.0,,,,,,,,False,,7248411.0,7248840.0,,,
y1_d155_VAS_PHD,225.0,,,,,,,,False,,7266561.0,7267023.0,,,
y1_d155_VAS_PHD,228.0,,,,,,,,False,,7348137.0,7348632.0,,,
y1_d155_VAS_PHD,236.0,,,,,,,,False,,7694836.0,7695298.0,,,
y1_d155_VAS_PHD,237.0,,,,,,,,False,,7713679.0,7714207.0,,,
y1_d155_VAS_PHD,267.0,,,,,,,,False,,8711006.0,8711468.0,,,
y1_d155_XOZ_ARN,21.0,,,,,,,,False,,636544.0,637039.0,,,
y1_d155_XOZ_ARN,55.0,,,,,,,,False,,1718351.0,1718813.0,,,
y1_d155_XOZ_ARN,56.0,,,,,,,,False,,1740329.0,1740824.0,,,
y1_d155_XOZ_ARN,92.0,,,,,,,,False,,2842695.0,2843157.0,,,
y1_d155_XOZ_ARN,93.0,,,,,,,,False,,2879391.0,2879853.0,,,
y1_d155_XOZ_ARN,95.0,,,,,,,,False,,2925987.0,2926515.0,,,
y1_d155_XOZ_ARN,96.0,,,,,,,,False,,2960076.0,2960538.0,,,
y1_d155_XOZ_ARN,98.0,,,,,,,,False,,3004164.0,3004659.0,,,
y1_d155_XOZ_ARN,101.0,,,,,,,,False,,3083001.0,3083496.0,,,
y1_d155_XOZ_ARN,103.0,Safe,1.98,0.693,1.287,73.10413091386867,72.3343235004721,66.53473841461208,True,5.458627755587332,3128277.0,3128739.0,3129432.0,3130719.0,40
y1_d155_XOZ_ARN,118.0,,,,,,,,False,,3671293.0,3671821.0,,,
y1_d155_XOZ_ARN,119.0,,,,,,,,False,,3695680.0,3696175.0,,,
y1_d155_XOZ_ARN,121.0,,,,,,,,False,,3762439.0,3762901.0,,,
y1_d155_XOZ_ARN,122.0,,,,,,,,False,,3782173.0,3782635.0,,,
y1_d155_XOZ_ARN,139.0,,,,,,,,False,,4287503.0,4287965.0,,,
y1_d155_XOZ_ARN,141.0,,,,,,,,False,,4330172.0,4330634.0,,,
y1_d155_XOZ_ARN,158.0,,,,,,,,False,,4946216.0,4946711.0,,,
y1_d155_XOZ_ARN,160.0,,,,,,,,False,,4993538.0,4994033.0,,,
y1_d155_XOZ_ARN,161.0,,,,,,,,False,,5018519.0,5019014.0,,,
y1_d155_XOZ_ARN,162.0,,,,,,,,False,,5050694.0,5051156.0,,,
y1_d155_XOZ_ARN,185.0,,,,,,,,False,,5838471.0,5838933.0,,,
y1_d155_XOZ_ARN,186.0,,,,,,,,False,,5859030.0,5859558.0,,,
y1_d155_XOZ_ARN,187.0,,,,,,,,False,,5887839.0,5888367.0,,,
y1_d155_XOZ_ARN,188.0,,,,,,,,False,,5914602.0,5915064.0,,,
y1_d155_XOZ_ARN,190.0,,,,,,,,False,,6006540.0,6007002.0,,,
y1_d155_XOZ_ARN,191.0,,,,,,,,False,,6032148.0,6032610.0,,,
y1_d155_XOZ_ARN,192.0,,,,,,,,False,,6054852.0,6055314.0,,,
y1_d155_XOZ_ARN,193.0,,,,,,,,False,,6080493.0,6080955.0,,,
y1_d155_XOZ_ARN,194.0,,,,,,,,False,,6105177.0,6105639.0,,,
y1_d155_XOZ_ARN,208.0,,,,,,,,False,,6692710.0,6693238.0,,,
y1_d155_XOZ_ARN,209.0,,,,,,,,False,,6717955.0,6718450.0,,,
y1_d155_XOZ_ARN,210.0,,,,,,,,False,,6738184.0,6738712.0,,,
y1_d155_XOZ_ARN,212.0,,,,,,,,False,,6776860.0,6777388.0,,,
y1_d155_XOZ_ARN,228.0,,,,,,,,False,,7290308.0,7290836.0,,,
y1_d155_XOZ_ARN,229.0,,,,,,,,False,,7317071.0,7317533.0,,,
y1_d155_XOZ_ARN,230.0,,,,,,,,False,,7351952.0,7352480.0,,,
y1_d155_XOZ_ARN,233.0,,,,,,,,False,,7473194.0,7473656.0,,,
y1_d155_XOZ_ARN,234.0,,,,,,,,False,,7509263.0,7509725.0,,,
y1_d155_XOZ_ARN,236.0,,,,,,,,False,,7562129.0,7562591.0,,,
y1_d155_XOZ_ARN,237.0,,,,,,,,False,,7584800.0,7585262.0,,,
y1_d159_KZR_VAS,11.0,,,,,,,,False,,312723.0,313223.0,,,
y1_d159_KZR_VAS,12.0,,,,,,,,False,,330473.0,330923.0,,,
y1_d159_KZR_VAS,13.0,,,,,,,,False,,355673.0,356173.0,,,
y1_d159_KZR_VAS,14.0,,,,,,,,False,,376123.0,376623.0,,,
y1_d159_KZR_VAS,16.0,,,,,,,,False,,430023.0,430523.0,,,
y1_d159_KZR_VAS,19.0,,,,,,,,False,,506423.0,506873.0,,,
y1_d159_KZR_VAS,47.0,,,,,,,,False,,1367223.0,1367673.0,,,
y1_d159_KZR_VAS,48.0,,,,,,,,False,,1389273.0,1389823.0,,,
y1_d159_KZR_VAS,49.0,,,,,,,,False,,1412723.0,1413273.0,,,
y1_d159_KZR_VAS,50.0,,,0.8,,,,,False,,1448773.0,1449223.0,1450023.0,,
y1_d159_KZR_VAS,82.0,,,,,,,,False,,2537273.0,2537773.0,,,
y1_d159_KZR_VAS,83.0,,,,,,,,False,,2557473.0,2557923.0,,,
y1_d159_KZR_VAS,84.0,,,,,,,,False,,2581073.0,2581623.0,,,
y1_d159_KZR_VAS,85.0,,,,,,,,False,,2603623.0,2604123.0,,,
y1_d159_KZR_VAS,90.0,,,,,,,,False,,2807023.0,2807473.0,,,
y1_d159_KZR_VAS,130.0,,,,,,,,False,,4197123.0,4197573.0,,,
y1_d159_KZR_VAS,132.0,,,,,,,,False,,4247173.0,4247673.0,,,
y1_d159_KZR_VAS,133.0,,,,,,,,False,,4268523.0,4269023.0,,,
y1_d159_KZR_VAS,134.0,,,,,,,,False,,4290673.0,4291223.0,,,
y1_d159_KZR_VAS,135.0,,,0.75,,,,,False,,4310373.0,4310873.0,4311623.0,,
y1_d159_KZR_VAS,136.0,,,,,,,,False,,4358423.0,4358973.0,,,
y1_d159_KZR_VAS,137.0,,,,,,,,False,,4375573.0,4376023.0,,,
y1_d159_KZR_VAS,138.0,,,,,,,,False,,4392623.0,4393073.0,,,
y1_d159_KZR_VAS,139.0,,,,,,,,False,,4411323.0,,,,
y1_d159_KZR_VAS,205.0,,,,,,,,False,,6923273.0,6923723.0,,,
y1_d159_KZR_VAS,207.0,,,,,,,,False,,6957373.0,6957823.0,,,
y1_d159_KZR_VAS,209.0,,,,,,,,False,,7022623.0,7023073.0,,,
y1_d159_KZR_VAS,222.0,,,,,,,,False,,7458723.0,7459273.0,,,
y1_d159_KZR_VAS,223.0,,,,,,,,False,,7481773.0,7482223.0,,,
y1_d159_KZR_VAS,227.0,,,,,,,,False,,7583023.0,7583523.0,,,
y1_d159_KZR_VAS,232.0,,,,,,,,False,,7834723.0,7835173.0,,,
y1_d159_KZR_VAS,233.0,,,,,,,,False,,7852973.0,7853473.0,,,
y1_d159_KZR_VAS,234.0,,,,,,,,False,,7874773.0,7875273.0,,,
y1_d159_KZR_VAS,239.0,,,,,,,,False,,7985473.0,7985923.0,,,
y1_d159_KZR_VAS,240.0,,,,,,,,False,,8016373.0,8016873.0,,,
y1_d159_KZR_VAS,241.0,,,,,,,,False,,8032173.0,8032623.0,,,
y1_d159_KZR_VAS,242.0,,,,,,,,False,,8052773.0,8053223.0,,,
y1_d159_KZR_VAS,243.0,,,,,,,,False,,8068923.0,8069473.0,,,
y1_d159_KZR_VAS,244.0,,,,,,,,False,,8091073.0,8091573.0,,,
y1_d159_KZR_VAS,245.0,,,,,,,,False,,8110473.0,8110973.0,,,
y1_d159_KZR_VAS,251.0,,,,,,,,False,,8468573.0,8469123.0,,,
y1_d159_KZR_VAS,253.0,,,,,,,,False,,8513923.0,8514473.0,,,
y1_d159_KZR_VAS,254.0,,,,,,,,False,,8535973.0,8536523.0,,,
y1_d159_KZR_VAS,255.0,,,,,,,,False,,8716473.0,8716973.0,,,
y1_d159_KZR_VAS,256.0,,,,,,,,False,,8742523.0,,,,
y1_d159_KZR_VAS,261.0,,,,,,,,False,,8944523.0,8945023.0,,,
y1_d159_KZR_VAS,262.0,,,,,,,,False,,8970323.0,8970873.0,,,
y1_d159_KZR_VAS,266.0,,,,,,,,False,,9098323.0,9098823.0,,,
y1_d159_KZR_VAS,267.0,,,,,,,,False,,9143873.0,9144373.0,,,
y1_d159_KZR_VAS,276.0,,,,,,,,False,,9508423.0,9508923.0,,,
y1_d159_KZR_VAS,277.0,,,,,,,,False,,9529123.0,9529623.0,,,
y1_d159_KZR_VAS,278.0,,,,,,,,False,,9550223.0,9550823.0,,,
y1_d159_KZR_VAS,280.0,,,,,,,,False,,9598123.0,9598623.0,,,
y1_d159_KZR_VAS,282.0,,,,,,,,False,,9655523.0,9656023.0,,,
y1_d159_KZR_VAS,283.0,,,,,,,,False,,9673673.0,9674223.0,,,
y1_d160_KZR_VAS,56.0,,,,,,,,False,,1757205.0,1757705.0,,,
y1_d160_KZR_VAS,57.0,,,,,,,,False,,1778905.0,1779405.0,,,
y1_d160_KZR_VAS,59.0,,,,,,,,False,,1834755.0,1835255.0,,,
y1_d160_KZR_VAS,60.0,,,,,,,,False,,1868105.0,1868555.0,,,
y1_d160_KZR_VAS,72.0,,,,,,,,False,,2284205.0,2284655.0,,,
y1_d160_KZR_VAS,124.0,,,,,,,,False,,4026705.0,4027205.0,,,
y1_d160_KZR_VAS,126.0,,,,,,,,False,,4071305.0,4071755.0,,,
y1_d160_KZR_VAS,129.0,,,,,,,,False,,4152055.0,4152505.0,,,
y1_d160_KZR_VAS,139.0,,,,,,,,False,,4534805.0,4535255.0,,,
y1_d160_KZR_VAS,140.0,,,,,,,,False,,4552605.0,4553055.0,,,
y1_d160_KZR_VAS,141.0,,,,,,,,False,,4575305.0,4575755.0,,,
y1_d160_KZR_VAS,142.0,,,,,,,,False,,4599855.0,4600355.0,,,
y1_d160_KZR_VAS,143.0,,,,,,,,False,,4619005.0,4619455.0,,,
y1_d160_KZR_VAS,152.0,,,,,,,,False,,4973355.0,4973805.0,,,
y1_d160_KZR_VAS,153.0,,,,,,,,False,,4992105.0,4992605.0,,,
y1_d160_KZR_VAS,154.0,,,,,,,,False,,5014005.0,5014455.0,,,
y1_d160_KZR_VAS,197.0,,,,,,,,False,,6817455.0,6817955.0,,,
y1_d160_KZR_VAS,217.0,,,,,,,,False,,7514255.0,7514755.0,,,
y1_d160_KZR_VAS,219.0,,,,,,,,False,,7570655.0,7571155.0,,,
y1_d160_KZR_VAS,220.0,,,,,,,,False,,7591505.0,7591955.0,,,
y1_d160_KZR_VAS,221.0,,,,,,,,False,,7615555.0,7616055.0,,,
y1_d160_KZR_VAS,261.0,,,,,,,,False,,8990855.0,8991355.0,,,
y1_d160_KZR_VAS,262.0,,,,,,,,False,,9012005.0,9012555.0,,,
y1_d160_KZR_VAS,263.0,,,,,,,,False,,9036205.0,9036705.0,,,
y1_d160_KZR_VAS,264.0,,,,,,,,False,,9066205.0,9066705.0,,,
y1_d160_KZR_VAS,274.0,,,,,,,,False,,9507405.0,9507905.0,,,
y1_d160_KZR_VAS,275.0,,,,,,,,False,,9527405.0,9527855.0,,,
y1_d160_KZR_VAS,276.0,,,,,,,,False,,9549205.0,9549655.0,,,
y1_d160_KZR_VAS,277.0,,,,,,,,False,,9572455.0,9572905.0,,,
y1_d160_KZR_VAS,279.0,,,,,,,,False,,9625505.0,9625955.0,,,
y1_d160_KZR_VAS,301.0,,,,,,,,False,,10487105.0,10487605.0,,,
y1_d160_KZR_VAS,302.0,,,,,,,,False,,10503305.0,10503805.0,,,
y1_d160_KZR_VAS,303.0,,,,,,,,False,,10519455.0,10520005.0,,,
y1_d160_KZR_VAS,304.0,,,,,,,,False,,10539605.0,10540205.0,,,
y1_d160_KZR_VAS,305.0,,,,,,,,False,,10560505.0,10561055.0,,,
y1_d160_KZR_VAS,320.0,,,,,,,,False,,11081555.0,11082055.0,,,
y1_d160_KZR_VAS,321.0,,,,,,,,False,,11114655.0,11115155.0,,,
y1_d160_KZR_VAS,322.0,,,,,,,,False,,11180705.0,11181205.0,,,
y1_d160_KZR_VAS,323.0,,,,,,,,False,,11199855.0,11200355.0,,,
y1_d160_KZR_VAS,324.0,,,,,,,,False,,11223905.0,11224455.0,,,
y1_d160_KZR_VAS,343.0,,,,,,,,False,,12048005.0,12048455.0,,,
y1_d160_KZR_VAS,346.0,,,,,,,,False,,12169055.0,12169505.0,,,
y1_d160_KZR_VAS,347.0,,,,,,,,False,,12206555.0,12207005.0,,,
y1_d160_KZR_VAS,348.0,,,,,,,,False,,12228855.0,12229355.0,,,
y1_d160_KZR_VAS,349.0,,,,,,,,False,,12257855.0,12258305.0,,,
y1_d160_KZR_VAS,351.0,,,,,,,,False,,12320755.0,12321205.0,,,
y1_d160_KZR_VAS,352.0,,,,,,,,False,,12350405.0,12350905.0,,,
y1_d160_KZR_VAS,353.0,,,,,,,,False,,12386805.0,12387255.0,,,
y1_d161_KZR_VAS,33.0,,,,,,,,False,,1008635.0,1009085.0,,,
y1_d161_KZR_VAS,34.0,,,,,,,,False,,1030035.0,1030485.0,,,
y1_d161_KZR_VAS,35.0,,,,,,,,False,,1053435.0,1053885.0,,,
y1_d161_KZR_VAS,36.0,,,,,,,,False,,1075685.0,1076185.0,,,
y1_d161_KZR_VAS,54.0,,,,,,,,False,,1678185.0,1678685.0,,,
y1_d161_KZR_VAS,110.0,,,,,,,,False,,3651635.0,3652185.0,,,
y1_d161_KZR_VAS,112.0,,,,,,,,False,,3782785.0,3783285.0,,,
y1_d161_KZR_VAS,150.0,,,,,,,,False,,5151485.0,5151935.0,,,
y1_d161_KZR_VAS,154.0,,,,,,,,False,,5342185.0,5342685.0,,,
y1_d161_KZR_VAS,155.0,,,,,,,,False,,5365835.0,5366335.0,,,
y1_d161_KZR_VAS,156.0,,,,,,,,False,,5407635.0,5408135.0,,,
y1_d161_KZR_VAS,157.0,,,,,,,,False,,5429535.0,5430035.0,,,
y1_d161_KZR_VAS,189.0,,,,,,,,False,,6626035.0,6626535.0,,,
y1_d161_KZR_VAS,190.0,,,,,,,,False,,6650235.0,6650735.0,,,
y1_d161_KZR_VAS,219.0,,,,,,,,False,,7585035.0,7585585.0,,,
y1_d161_KZR_VAS,260.0,,,,,,,,False,,9251385.0,9251885.0,,,
y1_d161_KZR_VAS,261.0,,,,,,,,False,,9270485.0,9271035.0,,,
y1_d161_KZR_VAS,262.0,,,,,,,,False,,9290435.0,9290935.0,,,
y1_d161_KZR_VAS,263.0,,,,,,,,False,,9315185.0,9315685.0,,,
y1_d161_KZR_VAS,264.0,,,,,,,,False,,9352635.0,9353135.0,,,
y1_d161_KZR_VAS,271.0,,,,,,,,False,,9670885.0,9671335.0,,,
y1_d161_KZR_VAS,272.0,,,,,,,,False,,9694935.0,9695385.0,,,
y1_d161_KZR_VAS,278.0,,,,,,,,False,,9911135.0,9911635.0,,,
y1_d161_KZR_VAS,280.0,,,,,,,,False,,9976735.0,9977235.0,,,
y1_d161_KZR_VAS,282.0,,,,,,,,False,,10060635.0,10061085.0,,,
y1_d161_KZR_VAS,283.0,,,,,,,,False,,10087685.0,10088185.0,,,
y1_d161_KZR_VAS,285.0,,,,,,,,False,,10151535.0,10152035.0,,,
y1_d161_KZR_VAS,287.0,,,,,,,,False,,10212035.0,10212535.0,,,
y1_d161_KZR_VAS,288.0,,,,,,,,False,,10257985.0,10258535.0,,,
y1_d162_KZR_VAS,17.0,,,,,,,,False,,538376.0,538876.0,,,
y1_d162_KZR_VAS,48.0,,,,,,,,False,,1539876.0,1540426.0,,,
y1_d162_KZR_VAS,49.0,,,,,,,,False,,1559526.0,1560026.0,,,
y1_d162_KZR_VAS,52.0,,,1.1,,,,,False,,1647626.0,1648126.0,1649226.0,,
y1_d162_KZR_VAS,57.0,,,,,,,,False,,1802076.0,1802576.0,,,
y1_d162_KZR_VAS,58.0,,,,,,,,False,,1820276.0,1820776.0,,,
y1_d162_KZR_VAS,59.0,"Out (inning-ending, verify)",1.95,0.75,1.2,79.09187630806001,78.32495953532268,72.34250905314747,True,0.14189619930923225,1838976.0,1839426.0,1840176.0,1841376.0,25
y1_d162_KZR_VAS,65.0,,,,,,,,False,,2076326.0,2076826.0,,,
y1_d162_KZR_VAS,67.0,,,,,,,,False,,2113876.0,2114426.0,,,
y1_d162_KZR_VAS,68.0,,,,,,,,False,,2140026.0,2140476.0,,,
y1_d162_KZR_VAS,70.0,,,,,,,,False,,2185326.0,2185826.0,,,
y1_d162_KZR_VAS,71.0,,,,,,,,False,,2215326.0,2215776.0,,,
y1_d162_KZR_VAS,72.0,,,,,,,,False,,2232676.0,2233176.0,,,
y1_d162_KZR_VAS,73.0,,,,,,,,False,,2251326.0,2251826.0,,,
y1_d162_KZR_VAS,74.0,,,,,,,,False,,2270526.0,2271026.0,,,
y1_d162_KZR_VAS,77.0,,,,,,,,False,,2332526.0,2332976.0,,,
y1_d162_KZR_VAS,105.0,,,,,,,,False,,3273226.0,3273676.0,,,
y1_d162_KZR_VAS,106.0,,,,,,,,False,,3292226.0,3292676.0,,,
y1_d162_KZR_VAS,117.0,,,,,,,,False,,3676376.0,3676876.0,,,
y1_d162_KZR_VAS,120.0,,,,,,,,False,,3764676.0,3765126.0,,,
y1_d162_KZR_VAS,123.0,,,,,,,,False,,3836376.0,3836876.0,,,
y1_d162_KZR_VAS,145.0,,,,,,,,False,,4509976.0,4510476.0,,,
y1_d162_KZR_VAS,146.0,,,,,,,,False,,4530376.0,4530826.0,,,
y1_d162_KZR_VAS,147.0,,,,,,,,False,,4557526.0,4558076.0,,,
y1_d162_KZR_VAS,161.0,,,,,,,,False,,5049376.0,5049826.0,,,
y1_d162_KZR_VAS,162.0,,,,,,,,False,,5068576.0,5069126.0,,,
y1_d162_KZR_VAS,163.0,,,,,,,,False,,5099526.0,5100076.0,,,
y1_d162_KZR_VAS,164.0,,,,,,,,False,,5122676.0,5123176.0,,,
y1_d162_KZR_VAS,165.0,,,,,,,,False,,5146476.0,5146976.0,,,
y1_d162_KZR_VAS,176.0,,,,,,,,False,,5581726.0,5582226.0,,,
y1_d162_KZR_VAS,177.0,,,,,,,,False,,5633426.0,5633926.0,,,
y1_d162_KZR_VAS,178.0,,,,,,,,False,,5649276.0,5649826.0,,,
y1_d162_KZR_VAS,179.0,,,,,,,,False,,5677726.0,5678176.0,,,
y1_d162_KZR_VAS,212.0,,,,,,,,False,,6880626.0,6881126.0,,,
y1_d162_KZR_VAS,213.0,,,,,,,,False,,6900176.0,6900776.0,,,
y1_d162_KZR_VAS,214.0,,,,,,,,False,,6925026.0,6925576.0,,,
y1_d162_KZR_VAS,216.0,,,,,,,,False,,6978526.0,6979026.0,,,
y1_d162_KZR_VAS,217.0,,,,,,,,False,,7021526.0,7022126.0,,,
y1_d162_KZR_VAS,218.0,,,,,,,,False,,7053076.0,7053576.0,,,
y1_d162_KZR_VAS,221.0,,,,,,,,False,,7136376.0,7136826.0,,,
y1_d162_KZR_VAS,222.0,,,,,,,,False,,7159426.0,7160026.0,,,
y1_d162_KZR_VAS,224.0,,,,,,,,False,,7344676.0,7345176.0,,,
y1_d162_KZR_VAS,225.0,,,,,,,,False,,7363626.0,7364126.0,,,
y1_d162_KZR_VAS,226.0,,,,,,,,False,,7383026.0,7383526.0,,,
y1_d162_KZR_VAS,227.0,,,,,,,,False,,7402576.0,7403126.0,,,
y1_d162_KZR_VAS,228.0,,,,,,,,False,,7425826.0,7426376.0,,,
y1_d162_KZR_VAS,230.0,,,,,,,,False,,7482776.0,7483326.0,,,
y1_d162_KZR_VAS,231.0,,,,,,,,False,,7516626.0,7517176.0,,,
y1_d162_KZR_VAS,232.0,,,,,,,,False,,7535676.0,7536176.0,,,
y1_d162_KZR_VAS,234.0,,,,,,,,False,,7585326.0,7585826.0,,,
y1_d162_KZR_VAS,235.0,,,,,,,,False,,7624576.0,7625126.0,,,
y1_d162_KZR_VAS,236.0,,,,,,,,False,,7644276.0,7644826.0,,,
y1_d162_KZR_VAS,237.0,,,,,,,,False,,7667926.0,7668476.0,,,
y1_d162_KZR_VAS,239.0,,,,,,,,False,,7715326.0,7715876.0,,,
y1_d162_KZR_VAS,259.0,,,,,,,,False,,8587826.0,8588276.0,,,
y1_d162_KZR_VAS,260.0,,,0.6,,,,,False,,8636676.0,8637126.0,8637726.0,,
y1_d162_KZR_VAS,262.0,,,,,,,,False,,8704726.0,8705226.0,,,
y1_d162_KZR_VAS,264.0,,,,,,,,False,,8761326.0,8761826.0,,,
y1_d162_KZR_VAS,265.0,,,,,,,,False,,8788376.0,8788876.0,,,
y1_d162_KZR_VAS,266.0,,,,,,,,False,,8823076.0,8823576.0,,,
y1_d162_KZR_VAS,271.0,,,,,,,,False,,8988576.0,8989026.0,,,
y1_d162_KZR_VAS,272.0,,,,,,,,False,,9012976.0,9013476.0,,,
y1_d162_KZR_VAS,274.0,,,,,,,,False,,9067426.0,9067876.0,,,
y1_d162_KZR_VAS,275.0,,,,,,,,False,,9091676.0,9092176.0,,,
y1_d162_KZR_VAS,276.0,,,,,,,,False,,9131926.0,9132376.0,,,
y1_d162_KZR_VAS,277.0,,,,,,,,False,,9153176.0,9153626.0,,,
y1_d162_KZR_VAS,278.0,,,,,,,,False,,9178076.0,9178526.0,,,
y1_d162_KZR_VAS,307.0,,,,,,,,False,,10204676.0,10205176.0,,,
y1_d162_KZR_VAS,308.0,,,,,,,,False,,10223076.0,10223476.0,,,
y1_d162_KZR_VAS,309.0,,,,,,,,False,,10243276.0,10243726.0,,,
y1_d162_KZR_VAS,311.0,,,,,,,,False,,10288226.0,10288726.0,,,
y1_d162_KZR_VAS,322.0,,,,,,,,False,,10760526.0,10761026.0,,,
y1_d162_KZR_VAS,324.0,,,,,,,,False,,10811226.0,10811676.0,,,
y1_d162_KZR_VAS,331.0,,,,,,,,False,,11078426.0,11078876.0,,,
y1_d162_KZR_VAS,332.0,,,,,,,,False,,11109626.0,11110076.0,,,
y1_d162_KZR_VAS,335.0,,,,,,,,False,,11211826.0,11212376.0,,,
y1_d162_KZR_VAS,337.0,,,,,,,,False,,11283526.0,11284076.0,,,
y1_d162_KZR_VAS,338.0,Safe,,1.75,,,,,False,,11320026.0,11320476.0,11322226.0,,
y1_d163_FNQ_PHD,14.0,,,,,,,,False,,538722.0,539272.0,,,
y1_d163_FNQ_PHD,15.0,,,,,,,,False,,561072.0,561622.0,,,
y1_d163_FNQ_PHD,59.0,,,,,,,,False,,1988022.0,1988522.0,,,
y1_d163_FNQ_PHD,60.0,,,,,,,,False,,2004022.0,2004572.0,,,
y1_d163_FNQ_PHD,63.0,,,,,,,,False,,2080222.0,2080722.0,,,
y1_d163_FNQ_PHD,64.0,,,,,,,,False,,2096672.0,2097172.0,,,
y1_d163_FNQ_PHD,66.0,Safe,1.95,0.8,1.15,82.82225473504235,81.9785157275152,75.19541050054568,True,6.185788684898923,2151122.0,2151672.0,2152472.0,2153622.0,24
y1_d163_FNQ_PHD,79.0,,,,,,,,False,,2606172.0,2606622.0,,,
y1_d163_FNQ_PHD,80.0,,,,,,,,False,,2767022.0,2767472.0,,,
y1_d163_FNQ_PHD,82.0,,,,,,,,False,,2808522.0,2808972.0,,,
y1_d163_FNQ_PHD,83.0,,,,,,,,False,,2829922.0,2830372.0,,,
y1_d163_FNQ_PHD,87.0,,,,,,,,False,,2926372.0,2926872.0,,,
y1_d163_FNQ_PHD,88.0,,,,,,,,False,,2944572.0,2945072.0,,,
y1_d163_FNQ_PHD,89.0,,,,,,,,False,,2977622.0,2978172.0,,,
y1_d163_FNQ_PHD,90.0,,,,,,,,False,,3006222.0,3006672.0,,,
y1_d163_FNQ_PHD,92.0,,,,,,,,False,,3068022.0,3068572.0,,,
y1_d163_FNQ_PHD,93.0,Safe,2.0,0.6,1.4,76.56641379944483,75.79081183034718,63.71529887049354,True,3.638405643883172,3088972.0,3089422.0,3090022.0,3091422.0,29
y1_d163_FNQ_PHD,120.0,,,,,,,,False,,4055972.0,4056472.0,,,
y1_d163_FNQ_PHD,121.0,,,,,,,,False,,4075522.0,4075972.0,,,
y1_d163_FNQ_PHD,122.0,,,,,,,,False,,4097722.0,4098222.0,,,
y1_d163_FNQ_PHD,123.0,,,,,,,,False,,4117222.0,4117722.0,,,
y1_d163_FNQ_PHD,127.0,,,,,,,,False,,4214022.0,4214472.0,,,
y1_d163_FNQ_PHD,158.0,,,,,,,,False,,5307122.0,5307722.0,,,
y1_d163_FNQ_PHD,159.0,,,,,,,,False,,5325522.0,5326072.0,,,
y1_d163_FNQ_PHD,160.0,,,,,,,,False,,5346372.0,5346922.0,,,
y1_d163_FNQ_PHD,161.0,,,,,,,,False,,5368872.0,5369472.0,,,
y1_d163_FNQ_PHD,163.0,,,,,,,,False,,5416122.0,5416672.0,,,
y1_d163_FNQ_PHD,170.0,,,,,,,,False,,5723972.0,5724472.0,,,
y1_d163_FNQ_PHD,171.0,,,,,,,,False,,5743772.0,5744422.0,,,
y1_d163_FNQ_PHD,172.0,,,,,,,,False,,5765772.0,5766422.0,,,
y1_d163_FNQ_PHD,175.0,,,,,,,,False,,5875422.0,5876022.0,,,
y1_d163_FNQ_PHD,181.0,,,,,,,,False,,6059672.0,6060322.0,,,
y1_d163_FNQ_PHD,183.0,,,,,,,,False,,6096772.0,6099572.0,,,
y1_d163_FNQ_PHD,184.0,,,,,,,,False,,6135672.0,6136322.0,,,
y1_d163_FNQ_PHD,185.0,,,,,,,,False,,6154622.0,6155272.0,,,
y1_d163_FNQ_PHD,204.0,,,,,,,,False,,6877072.0,6877672.0,,,
y1_d163_FNQ_PHD,205.0,,,,,,,,False,,6896772.0,6897422.0,,,
y1_d163_FNQ_PHD,207.0,,,,,,,,False,,6948722.0,6949372.0,,,
y1_d163_FNQ_PHD,260.0,,,,,,,,False,,8874322.0,8874822.0,,,
y1_d163_FNQ_PHD,261.0,,,,,,,,False,,8893822.0,8894272.0,,,
y1_d163_FNQ_PHD,273.0,,,,,,,,False,,9506622.0,9507122.0,,,
y1_d163_FNQ_PHD,275.0,,,,,,,,False,,9559372.0,9559822.0,,,
y1_d163_FNQ_PHD,279.0,,,,,,,,False,,9655122.0,9655672.0,,,
y1_d163_FNQ_PHD,280.0,,,,,,,,False,,9684372.0,9684872.0,,,
y1_d163_FNQ_PHD,312.0,,,,,,,,False,,10907272.0,10907772.0,,,
y1_d163_FNQ_PHD,313.0,,,,,,,,False,,10920372.0,10920922.0,,,
y1_d163_FNQ_PHD,314.0,,,,,,,,False,,10936772.0,10937222.0,,,
y1_d163_FNQ_PHD,315.0,,,,,,,,False,,10955872.0,10956322.0,,,
y1_d163_FNQ_PHD,316.0,,,,,,,,False,,11008872.0,11009372.0,,,
y1_d163_FNQ_PHD,339.0,,,,,,,,False,,11861572.0,11862122.0,,,
y1_d163_FNQ_PHD,342.0,,,,,,,,False,,11939322.0,11939772.0,,,
y1_d163_FNQ_PHD,343.0,,,,,,,,False,,11959122.0,11959572.0,,,
y1_d163_SZJ_ANI,7.0,,,,,,,,False,,143071.0,143521.0,,,
y1_d163_SZJ_ANI,8.0,,,,,,,,False,,164621.0,165071.0,,,
y1_d163_SZJ_ANI,9.0,,,,,,,,False,,187171.0,187671.0,,,
y1_d163_SZJ_ANI,10.0,,,,,,,,False,,215821.0,216321.0,,,
y1_d163_SZJ_ANI,13.0,,,,,,,,False,,342021.0,342471.0,,,
y1_d163_SZJ_ANI,16.0,Safe,,,,,,,False,,424021.0,424521.0,,,
y1_d163_SZJ_ANI,21.0,,,,,,,,False,,624671.0,625221.0,,,
y1_d163_SZJ_ANI,23.0,,,,,,,,False,,678671.0,679171.0,,,
y1_d163_SZJ_ANI,25.0,,,,,,,,False,,755021.0,755521.0,,,
y1_d163_SZJ_ANI,27.0,,,,,,,,False,,798521.0,798971.0,,,
y1_d163_SZJ_ANI,29.0,,,,,,,,False,,853621.0,854071.0,,,
y1_d163_SZJ_ANI,37.0,,,,,,,,False,,1192421.0,1192971.0,,,
y1_d163_SZJ_ANI,38.0,,,,,,,,False,,1214121.0,1214571.0,,,
y1_d163_SZJ_ANI,46.0,,,,,,,,False,,1604721.0,1605171.0,,,
y1_d163_SZJ_ANI,47.0,,,,,,,,False,,1623621.0,1624121.0,,,
y1_d163_SZJ_ANI,48.0,,,,,,,,False,,1645471.0,1646021.0,,,
y1_d163_SZJ_ANI,49.0,,,,,,,,False,,1696771.0,1697221.0,,,
y1_d163_SZJ_ANI,51.0,,,,,,,,False,,1762921.0,1763371.0,,,
y1_d163_SZJ_ANI,52.0,,,,,,,,False,,1798221.0,1798671.0,,,
y1_d163_SZJ_ANI,53.0,,,,,,,,False,,1822821.0,1823371.0,,,
y1_d163_SZJ_ANI,55.0,,,,,,,,False,,1872671.0,1873171.0,,,
y1_d163_SZJ_ANI,57.0,,,,,,,,False,,1927421.0,1927921.0,,,
y1_d163_SZJ_ANI,58.0,,,,,,,,False,,1951621.0,1952221.0,,,
y1_d163_SZJ_ANI,67.0,,,,,,,,False,,2400521.0,2401071.0,,,
y1_d163_SZJ_ANI,71.0,,,,,,,,False,,2525971.0,2526421.0,,,
y1_d163_SZJ_ANI,107.0,,,,,,,,False,,3895621.0,3896121.0,,,
y1_d163_SZJ_ANI,108.0,,,,,,,,False,,3944321.0,3944771.0,,,
y1_d163_SZJ_ANI,109.0,,,,,,,,False,,3967121.0,3967621.0,,,
y1_d163_SZJ_ANI,110.0,,,,,,,,False,,3990471.0,3990921.0,,,
y1_d163_SZJ_ANI,111.0,,,,,,,,False,,4010621.0,4011121.0,,,
y1_d163_SZJ_ANI,112.0,,,,,,,,False,,4041621.0,4042121.0,,,
y1_d163_SZJ_ANI,119.0,,,,,,,,False,,4323321.0,4323771.0,,,
y1_d163_SZJ_ANI,120.0,,,,,,,,False,,4346921.0,4347421.0,,,
y1_d163_SZJ_ANI,121.0,,,,,,,,False,,4369821.0,4370271.0,,,
y1_d163_SZJ_ANI,122.0,,,,,,,,False,,4392521.0,,,,
y1_d163_SZJ_ANI,160.0,,,,,,,,False,,5697071.0,5697621.0,,,
y1_d163_SZJ_ANI,161.0,,,,,,,,False,,5713571.0,5714071.0,,,
y1_d163_SZJ_ANI,174.0,,,,,,,,False,,6180321.0,6180771.0,,,
y1_d163_SZJ_ANI,175.0,,,,,,,,False,,6200771.0,6201271.0,,,
y1_d163_SZJ_ANI,177.0,,,,,,,,False,,6246471.0,6246921.0,,,
y1_d163_SZJ_ANI,178.0,,,,,,,,False,,6266371.0,6266871.0,,,
y1_d163_SZJ_ANI,185.0,,,,,,,,False,,6510471.0,6510921.0,,,
y1_d163_SZJ_ANI,186.0,,,,,,,,False,,6527921.0,6528421.0,,,
y1_d163_SZJ_ANI,187.0,,,,,,,,False,,6547221.0,6547771.0,,,
y1_d163_SZJ_ANI,188.0,,,,,,,,False,,6571621.0,6572071.0,,,
y1_d163_SZJ_ANI,189.0,,,,,,,,False,,6593571.0,6594071.0,,,
y1_d163_SZJ_ANI,223.0,,,,,,,,False,,7888921.0,7889371.0,,,
y1_d163_SZJ_ANI,225.0,,,,,,,,False,,7945121.0,7945571.0,,,
y1_d163_SZJ_ANI,226.0,,,,,,,,False,,7966721.0,7967171.0,,,
y1_d163_SZJ_ANI,228.0,,,,,,,,False,,8031421.0,8031921.0,,,
y1_d163_SZJ_ANI,270.0,,,,,,,,False,,9626621.0,9627121.0,,,
y1_d163_SZJ_ANI,271.0,,,,,,,,False,,9646571.0,9647071.0,,,
y1_d163_SZJ_ANI,272.0,,,,,,,,False,,9669371.0,9669921.0,,,
y1_d163_SZJ_ANI,273.0,,,,,,,,False,,9700771.0,9701321.0,,,
y1_d163_SZJ_ANI,274.0,,,,,,,,False,,9732271.0,9732771.0,,,
y1_d163_SZJ_ANI,275.0,,,,,,,,False,,9750371.0,9750871.0,,,
y1_d163_SZJ_ANI,289.0,,,,,,,,False,,10279921.0,10280371.0,,,
y1_d163_SZJ_ANI,291.0,,,,,,,,False,,10329771.0,10330271.0,,,
y1_d163_SZJ_ANI,292.0,,,,,,,,False,,10352121.0,10352621.0,,,
y1_d163_SZJ_ANI,315.0,,,,,,,,False,,11263621.0,11264171.0,,,
y1_d163_SZJ_ANI,316.0,,,,,,,,False,,11281571.0,11282121.0,,,
y1_d163_SZJ_ANI,317.0,,,,,,,,False,,11300521.0,11301021.0,,,
y1_d163_SZJ_ANI,318.0,,,,,,,,False,,11323371.0,11323921.0,,,
y1_d163_SZJ_ANI,319.0,,,,,,,,False,,11351421.0,11351871.0,,,
y1_d163_SZJ_ANI,320.0,,,,,,,,False,,11375171.0,11375721.0,,,
y1_d163_SZJ_ANI,343.0,,,,,,,,False,,12165171.0,12165871.0,,,
y1_d163_SZJ_ANI,361.0,,,,,,,,False,,12738571.0,12739071.0,,,
y1_d163_SZJ_ANI,362.0,,,,,,,,False,,12759771.0,12760271.0,,,
y1_d163_SZJ_ANI,364.0,,,,,,,,False,,12813971.0,12814471.0,,,
y1_d163_SZJ_ANI,365.0,,,,,,,,False,,12848921.0,12849371.0,,,
y1_d163_SZJ_ANI,368.0,,,,,,,,False,,12928721.0,12929221.0,,,
y1_d163_SZJ_ANI,369.0,,,,,,,,False,,12955971.0,12956471.0,,,
y1_d163_SZJ_ANI,370.0,,,,,,,,False,,12992771.0,12993271.0,,,
y1_d163_SZJ_ANI,378.0,,,,,,,,False,,13376021.0,13376521.0,,,
y1_d163_SZJ_ANI,380.0,,,,,,,,False,,13416671.0,13417271.0,,,
y1_d163_SZJ_ANI,381.0,,,,,,,,False,,13447521.0,13448021.0,,,
y1_d163_SZJ_ANI,387.0,,,,,,,,False,,13763321.0,13763771.0,,,
y1_d163_SZJ_ANI,388.0,,,,,,,,False,,13784371.0,13784771.0,,,
y1_d163_SZJ_ANI,389.0,,,,,,,,False,,13805421.0,13805871.0,,,
y1_d163_SZJ_ANI,390.0,,,,,,,,False,,13826471.0,13826871.0,,,
y1_d163_SZJ_ANI,412.0,,,,,,,,False,,14771571.0,14772021.0,,,
y1_d163_SZJ_ANI,414.0,,,1.95,,,,,False,,14854721.0,14855171.0,14857121.0,,
y1_d164.5_SZJ_ANI,8.0,,,,,,,,False,,194375.0,194825.0,,,
y1_d164.5_SZJ_ANI,27.0,,,,,,,,False,,785825.0,786375.0,,,
y1_d164.5_SZJ_ANI,46.0,,,,,,,,False,,1411475.0,1412025.0,,,
y1_d164.5_SZJ_ANI,47.0,,,,,,,,False,,1437425.0,1437975.0,,,
y1_d164.5_SZJ_ANI,49.0,,,,,,,,False,,1495975.0,1496525.0,,,
y1_d164.5_SZJ_ANI,50.0,,,,,,,,False,,1517075.0,1517675.0,,,
y1_d164.5_SZJ_ANI,51.0,,,,,,,,False,,1555425.0,1555975.0,,,
y1_d164.5_SZJ_ANI,52.0,,,,,,,,False,,1578975.0,1579525.0,,,
y1_d164.5_SZJ_ANI,53.0,Out,2.0,0.8,1.2,76.96698619986711,76.27456681812055,70.7672995628726,True,3.1791515769190855,1598275.0,1598775.0,1599575.0,1600775.0,25
y1_d164.5_SZJ_ANI,70.0,,,,,,,,False,,2209725.0,2210175.0,,,
y1_d164.5_SZJ_ANI,100.0,,,,,,,,False,,3291225.0,3291675.0,,,
y1_d164.5_SZJ_ANI,102.0,,,,,,,,False,,3384075.0,3384575.0,,,
y1_d164.5_SZJ_ANI,113.0,,,,,,,,False,,3813375.0,3813875.0,,,
y1_d164.5_SZJ_ANI,114.0,,,,,,,,False,,3834725.0,3835275.0,,,
y1_d164.5_SZJ_ANI,123.0,,,,,,,,False,,4197725.0,4198225.0,,,
y1_d164.5_SZJ_ANI,124.0,,,,,,,,False,,4226675.0,4227175.0,,,
y1_d164.5_SZJ_ANI,125.0,,,,,,,,False,,4250775.0,4251275.0,,,
y1_d164.5_SZJ_ANI,128.0,,,,,,,,False,,4350425.0,4350875.0,,,
y1_d164.5_SZJ_ANI,129.0,,2.05,0.85,1.2,78.6727359104072,77.90985939665033,71.82790548147784,True,1.7194358690816152,4379925.0,4380425.0,4381275.0,4382475.0,25
y1_d164.5_SZJ_ANI,149.0,,,,,,,,False,,5153425.0,5153875.0,,,
y1_d164.5_SZJ_ANI,150.0,,,,,,,,False,,5171775.0,5172275.0,,,
y1_d164.5_SZJ_ANI,151.0,,,,,,,,False,,5191875.0,5192425.0,,,
y1_d164.5_SZJ_ANI,155.0,,,,,,,,False,,5298825.0,5299325.0,,,
y1_d164.5_SZJ_ANI,173.0,,,,,,,,False,,6087425.0,6087975.0,,,
y1_d164.5_SZJ_ANI,175.0,,,,,,,,False,,6137425.0,6137975.0,,,
y1_d164.5_SZJ_ANI,177.0,,,,,,,,False,,6200425.0,6200975.0,,,
y1_d164.5_SZJ_ANI,179.0,,,,,,,,False,,6241225.0,6241725.0,,,
y1_d164.5_SZJ_ANI,181.0,,,,,,,,False,,6311675.0,6312275.0,,,
y1_d164.5_SZJ_ANI,182.0,,,,,,,,False,,6330475.0,6331025.0,,,
y1_d164.5_SZJ_ANI,183.0,,,,,,,,False,,6351925.0,6352475.0,,,
y1_d164.5_SZJ_ANI,186.0,,,,,,,,False,,6415925.0,6416425.0,,,
y1_d164.5_SZJ_ANI,193.0,,,,,,,,False,,6772025.0,6772475.0,,,
y1_d164.5_SZJ_ANI,194.0,,,,,,,,False,,6797625.0,6798125.0,,,
y1_d164.5_SZJ_ANI,195.0,,,,,,,,False,,6823675.0,6824225.0,,,
y1_d164.5_SZJ_ANI,197.0,,,,,,,,False,,6882675.0,6883125.0,,,
y1_d164.5_SZJ_ANI,200.0,,,,,,,,False,,7009625.0,7010075.0,,,
y1_d164.5_SZJ_ANI,201.0,,,,,,,,False,,7032775.0,7033325.0,,,
y1_d164.5_SZJ_ANI,207.0,,,,,,,,False,,7250925.0,7251525.0,,,
y1_d164.5_SZJ_ANI,209.0,,,,,,,,False,,7333475.0,7334025.0,,,
y1_d164.5_SZJ_ANI,210.0,,,,,,,,False,,7362725.0,7363325.0,,,
y1_d164.5_SZJ_ANI,212.0,,,,,,,,False,,7447675.0,7448225.0,,,
y1_d164.5_SZJ_ANI,213.0,,,,,,,,False,,7465975.0,7466575.0,,,
y1_d164.5_SZJ_ANI,215.0,,,,,,,,False,,7547425.0,7547925.0,,,
y1_d164.5_SZJ_ANI,216.0,,,,,,,,False,,7568375.0,7568925.0,,,
y1_d164_FNQ_PHD,14.0,,,,,,,,False,,350853.0,351403.0,,,
y1_d164_FNQ_PHD,15.0,,,,,,,,False,,381253.0,381703.0,,,
y1_d164_FNQ_PHD,16.0,,,,,,,,False,,400303.0,400803.0,,,
y1_d164_FNQ_PHD,17.0,"Out (inning-ending, verify)",1.9,0.65,1.25,78.03221952980863,77.19740841525413,70.49680236651888,True,2.737308325604768,424953.0,425403.0,426053.0,427303.0,26
y1_d164_FNQ_PHD,24.0,,,,,,,,False,,758403.0,758903.0,,,
y1_d164_FNQ_PHD,25.0,,,,,,,,False,,779803.0,780353.0,,,
y1_d164_FNQ_PHD,26.0,,,,,,,,False,,799203.0,799653.0,,,
y1_d164_FNQ_PHD,29.0,,,,,,,,False,,879853.0,880353.0,,,
y1_d164_FNQ_PHD,31.0,,,,,,,,False,,924953.0,925403.0,,,
y1_d164_FNQ_PHD,32.0,,,,,,,,False,,944603.0,945103.0,,,
y1_d164_FNQ_PHD,33.0,,,,,,,,False,,965803.0,966303.0,,,
y1_d164_FNQ_PHD,36.0,,,,,,,,False,,1054003.0,1054553.0,,,
y1_d164_FNQ_PHD,62.0,,,,,,,,False,,1811403.0,1811853.0,,,
y1_d164_FNQ_PHD,64.0,,,,,,,,False,,1883953.0,1884503.0,,,
y1_d164_FNQ_PHD,65.0,,,,,,,,False,,1901253.0,1901753.0,,,
y1_d164_FNQ_PHD,78.0,,,0.75,,,,,False,,2349803.0,2350253.0,2351003.0,,
y1_d164_FNQ_PHD,80.0,,,,,,,,False,,2396403.0,2396953.0,,,
y1_d164_FNQ_PHD,81.0,,,,,,,,False,,2414953.0,2415453.0,,,
y1_d164_FNQ_PHD,82.0,,,,,,,,False,,2448603.0,2449053.0,,,
y1_d164_FNQ_PHD,83.0,,,,,,,,False,,2463653.0,2464153.0,,,
y1_d164_FNQ_PHD,84.0,,,,,,,,False,,2480953.0,2481403.0,,,
y1_d164_FNQ_PHD,127.0,,,,,,,,False,,4001703.0,4002153.0,,,
y1_d164_FNQ_PHD,175.0,,,,,,,,False,,5897203.0,5897753.0,,,
y1_d164_FNQ_PHD,176.0,,,,,,,,False,,5916253.0,5916803.0,,,
y1_d164_FNQ_PHD,177.0,,,,,,,,False,,5933953.0,5934403.0,,,
y1_d164_FNQ_PHD,180.0,,,,,,,,False,,6017703.0,6018203.0,,,
y1_d164_FNQ_PHD,181.0,,,,,,,,False,,6044953.0,6045453.0,,,
y1_d164_FNQ_PHD,182.0,,,,,,,,False,,6068053.0,6068553.0,,,
y1_d164_FNQ_PHD,183.0,,2.0,0.75,1.25,79.06043047683497,78.20102749517218,71.49590302624878,True,2.4884074612234928,6091503.0,6094203.0,6094953.0,6096203.0,26
y1_d164_FNQ_PHD,203.0,,,,,,,,False,,6799703.0,6800203.0,,,
y1_d164_FNQ_PHD,213.0,,,,,,,,False,,7360353.0,7360803.0,,,
y1_d164_FNQ_PHD,214.0,,,,,,,,False,,7377053.0,7377503.0,,,
y1_d164_FNQ_PHD,220.0,,,,,,,,False,,7680553.0,7681003.0,,,
y1_d164_FNQ_PHD,237.0,,,,,,,,False,,8303953.0,8304453.0,,,
y1_d164_FNQ_PHD,238.0,,,,,,,,False,,8322053.0,8322553.0,,,
y1_d164_FNQ_PHD,239.0,,,,,,,,False,,8342853.0,8343353.0,,,
y1_d164_FNQ_PHD,244.0,,,,,,,,False,,8493403.0,8498903.0,,,
y1_d164_FNQ_PHD,246.0,,,,,,,,False,,8565053.0,8565653.0,,,
y1_d164_FNQ_PHD,247.0,,,,,,,,False,,8588953.0,8589453.0,,,
y1_d164_FNQ_PHD,260.0,,,,,,,,False,,9136753.0,9137253.0,,,
y1_d164_FNQ_PHD,262.0,,,,,,,,False,,9196553.0,9197053.0,,,
y1_d164_FNQ_PHD,263.0,,,,,,,,False,,9214553.0,9215103.0,,,
y1_d164_FNQ_PHD,269.0,,,,,,,,False,,9533853.0,9534403.0,,,
y1_d164_FNQ_PHD,270.0,,,,,,,,False,,9552503.0,9552953.0,,,
y1_d164_FNQ_PHD,271.0,,,,,,,,False,,9574653.0,9575153.0,,,
y1_d164_FNQ_PHD,273.0,,,,,,,,False,,9634503.0,9634953.0,,,
y1_d164_FNQ_PHD,274.0,,,,,,,,False,,9652053.0,9652503.0,,,
y1_d164_SZJ_ANI,5.0,,,,,,,,False,,132504.0,133054.0,,,
y1_d164_SZJ_ANI,6.0,,,,,,,,False,,153554.0,154104.0,,,
y1_d164_SZJ_ANI,7.0,,,,,,,,False,,178654.0,179154.0,,,
y1_d164_SZJ_ANI,8.0,,,,,,,,False,,207154.0,207754.0,,,
y1_d164_SZJ_ANI,9.0,,,,,,,,False,,234304.0,234804.0,,,
y1_d164_SZJ_ANI,12.0,,,,,,,,False,,327654.0,328104.0,,,
y1_d164_SZJ_ANI,13.0,,,,,,,,False,,351954.0,352404.0,,,
y1_d164_SZJ_ANI,45.0,,,,,,,,False,,1372454.0,1372954.0,,,
y1_d164_SZJ_ANI,47.0,,,,,,,,False,,1416554.0,1417004.0,,,
y1_d164_SZJ_ANI,54.0,,,,,,,,False,,1680804.0,1681304.0,,,
y1_d164_SZJ_ANI,56.0,,,,,,,,False,,1722604.0,1723104.0,,,
y1_d164_SZJ_ANI,58.0,,,,,,,,False,,1769404.0,1769904.0,,,
y1_d164_SZJ_ANI,71.0,,,,,,,,False,,2420404.0,2420954.0,,,
y1_d164_SZJ_ANI,73.0,,,,,,,,False,,2495904.0,2496354.0,,,
y1_d164_SZJ_ANI,74.0,,,,,,,,False,,2521804.0,2522354.0,,,
y1_d164_SZJ_ANI,124.0,,,,,,,,False,,4225154.0,4225654.0,,,
y1_d164_SZJ_ANI,131.0,,,,,,,,False,,4534504.0,4535004.0,,,
y1_d164_SZJ_ANI,132.0,,,,,,,,False,,4559454.0,4559954.0,,,
y1_d164_SZJ_ANI,133.0,,,,,,,,False,,4618354.0,4618904.0,,,
y1_d164_SZJ_ANI,168.0,,,,,,,,False,,5777204.0,5777654.0,,,
y1_d164_SZJ_ANI,182.0,,,,,,,,False,,6547554.0,6548004.0,,,
y1_d164_SZJ_ANI,194.0,,,,,,,,False,,7028504.0,7028954.0,,,
y1_d164_SZJ_ANI,195.0,,,,,,,,False,,7055954.0,7056404.0,,,
y1_d164_SZJ_ANI,197.0,,,,,,,,False,,7103054.0,7103504.0,,,
y1_d164_SZJ_ANI,225.0,,,,,,,,False,,8149304.0,8149804.0,,,
y1_d164_SZJ_ANI,226.0,,,,,,,,False,,8164054.0,8164504.0,,,
y1_d164_SZJ_ANI,227.0,,,,,,,,False,,8179304.0,8179754.0,,,
y1_d164_SZJ_ANI,228.0,,,,,,,,False,,8196004.0,8196504.0,,,
y1_d165_FNQ_PHD,7.0,,,,,,,,False,,190156.0,190606.0,,,
y1_d165_FNQ_PHD,8.0,,,,,,,,False,,209006.0,209456.0,,,
y1_d165_FNQ_PHD,58.0,,,,,,,,False,,1873306.0,1873806.0,,,
y1_d165_FNQ_PHD,59.0,,,,,,,,False,,1888656.0,1889156.0,,,
y1_d165_FNQ_PHD,61.0,,,,,,,,False,,1954706.0,1955206.0,,,
y1_d165_FNQ_PHD,84.0,,,,,,,,False,,2675806.0,2676256.0,,,
y1_d165_FNQ_PHD,87.0,,,,,,,,False,,2763956.0,2764456.0,,,
y1_d165_FNQ_PHD,105.0,,,,,,,,False,,3258706.0,3259156.0,,,
y1_d165_FNQ_PHD,106.0,,,,,,,,False,,3282756.0,3283306.0,,,
y1_d165_FNQ_PHD,110.0,,,,,,,,False,,3503806.0,3504306.0,,,
y1_d165_FNQ_PHD,111.0,,,,,,,,False,,3519206.0,3519706.0,,,
y1_d165_FNQ_PHD,112.0,,,,,,,,False,,3536906.0,3537406.0,,,
y1_d165_FNQ_PHD,137.0,,,,,,,,False,,4405156.0,4405606.0,,,
y1_d165_FNQ_PHD,139.0,,,,,,,,False,,4453906.0,4454406.0,,,
y1_d165_FNQ_PHD,141.0,,,,,,,,False,,4567556.0,4568006.0,,,
y1_d165_FNQ_PHD,142.0,,,,,,,,False,,4583206.0,4583706.0,,,
y1_d165_FNQ_PHD,143.0,,,,,,,,False,,4601856.0,4602356.0,,,
y1_d165_FNQ_PHD,146.0,,,,,,,,False,,4686206.0,4686656.0,,,
y1_d165_FNQ_PHD,147.0,,,,,,,,False,,4703606.0,4704106.0,,,
y1_d165_FNQ_PHD,165.0,,,,,,,,False,,5345506.0,5345956.0,,,
y1_d165_FNQ_PHD,166.0,,,,,,,,False,,5362606.0,5363106.0,,,
y1_d165_FNQ_PHD,170.0,,,,,,,,False,,5484956.0,,,,
y1_d165_FNQ_PHD,193.0,,,,,,,,False,,6355206.0,6355756.0,,,
y1_d165_FNQ_PHD,194.0,,,,,,,,False,,6382506.0,6383056.0,,,
y1_d165_FNQ_PHD,195.0,,,,,,,,False,,6411256.0,6411756.0,,,
y1_d165_FNQ_PHD,205.0,,,,,,,,False,,6811856.0,6812406.0,,,
y1_d165_FNQ_PHD,207.0,,,,,,,,False,,6855806.0,6856356.0,,,
y1_d165_FNQ_PHD,208.0,,,,,,,,False,,6882756.0,6883206.0,,,
y1_d165_FNQ_PHD,210.0,,,,,,,,False,,6913556.0,6914006.0,,,
y1_d165_FNQ_PHD,211.0,,,,,,,,False,,6928556.0,6929006.0,,,
y1_d165_FNQ_PHD,212.0,,,,,,,,False,,6948956.0,6949506.0,,,
y1_d165_FNQ_PHD,224.0,,,,,,,,False,,7341456.0,7342006.0,,,
y1_d165_FNQ_PHD,226.0,,,,,,,,False,,7391306.0,7391756.0,,,
y1_d165_FNQ_PHD,227.0,,,,,,,,False,,7411406.0,7411956.0,,,
y1_d165_SZJ_ANI,35.0,,,,,,,,False,,1066661.0,1067111.0,,,
y1_d165_SZJ_ANI,36.0,,,,,,,,False,,1087461.0,1088011.0,,,
y1_d165_SZJ_ANI,37.0,,,,,,,,False,,1112911.0,1113361.0,,,
y1_d165_SZJ_ANI,38.0,,,,,,,,False,,1137511.0,1138011.0,,,
y1_d165_SZJ_ANI,95.0,,,,,,,,False,,2994311.0,2994811.0,,,
y1_d165_SZJ_ANI,97.0,,,,,,,,False,,3042761.0,3043261.0,,,
y1_d165_SZJ_ANI,98.0,,,,,,,,False,,3065561.0,3066111.0,,,
y1_d165_SZJ_ANI,111.0,,,,,,,,False,,3653811.0,3654361.0,,,
y1_d165_SZJ_ANI,121.0,,,,,,,,False,,3971311.0,3971811.0,,,
y1_d165_SZJ_ANI,129.0,,,,,,,,False,,4287761.0,4288211.0,,,
y1_d165_SZJ_ANI,131.0,,,,,,,,False,,4358211.0,4358661.0,,,
y1_d165_SZJ_ANI,132.0,,,,,,,,False,,4384211.0,4384661.0,,,
y1_d165_SZJ_ANI,161.0,,,,,,,,False,,5554261.0,5554711.0,,,
y1_d165_SZJ_ANI,162.0,,,,,,,,False,,5571261.0,5571961.0,,,
y1_d165_SZJ_ANI,163.0,,,,,,,,False,,5593961.0,5594461.0,,,
y1_d165_SZJ_ANI,164.0,,,,,,,,False,,5611011.0,5611511.0,,,
y1_d165_SZJ_ANI,167.0,,,,,,,,False,,5696061.0,5696511.0,,,
y1_d165_SZJ_ANI,168.0,,,,,,,,False,,5714761.0,5715461.0,,,
y1_d165_SZJ_ANI,175.0,,,,,,,,False,,6032561.0,6033011.0,,,
y1_d165_SZJ_ANI,177.0,,,,,,,,False,,6064761.0,6065211.0,,,
y1_d165_SZJ_ANI,180.0,,,,,,,,False,,6144511.0,6144961.0,,,
y1_d165_SZJ_ANI,181.0,,,,,,,,False,,6164511.0,6165011.0,,,
y1_d165_SZJ_ANI,182.0,,,,,,,,False,,6186861.0,6187311.0,,,
y1_d165_SZJ_ANI,183.0,,,,,,,,False,,6212011.0,6212561.0,,,
y1_d165_SZJ_ANI,184.0,,,,,,,,False,,6247761.0,6248261.0,,,
y1_d165_SZJ_ANI,185.0,,,,,,,,False,,6268811.0,6269261.0,,,
y1_d165_SZJ_ANI,186.0,,,,,,,,False,,6293761.0,6294261.0,,,
y1_d165_SZJ_ANI,187.0,,,,,,,,False,,6323261.0,6323811.0,,,
y1_d165_SZJ_ANI,189.0,,,,,,,,False,,6368111.0,6368561.0,,,
y1_d165_SZJ_ANI,190.0,,,,,,,,False,,6393311.0,6393861.0,,,
y1_d165_SZJ_ANI,191.0,,,,,,,,False,,6431261.0,6431811.0,,,
y1_d165_SZJ_ANI,204.0,,,,,,,,False,,6825111.0,6825611.0,,,
y1_d165_SZJ_ANI,205.0,,,,,,,,False,,6844061.0,6844611.0,,,
y1_d165_SZJ_ANI,208.0,,1.95,0.7,1.25,73.5482219885359,72.77325126730322,66.96956926681246,True,5.64388597887363,6912111.0,6912611.0,6913311.0,6914561.0,26
y1_d165_SZJ_ANI,209.0,,,,,,,,False,,6941761.0,6942261.0,,,
y1_d165_SZJ_ANI,210.0,,,,,,,,False,,6952811.0,6953511.0,,,
y1_d165_SZJ_ANI,266.0,,,,,,,,False,,8819761.0,8820211.0,,,
y1_d165_SZJ_ANI,267.0,,,,,,,,False,,8843311.0,8843861.0,,,
y1_d165_SZJ_ANI,270.0,Safe,1.9,0.7,1.2,76.87393687077424,76.24409324869042,71.28577970076348,True,5.08497215692069,8927111.0,8927661.0,8928361.0,8929561.0,25
y1_d165_SZJ_ANI,287.0,,,,,,,,False,,9448611.0,9449111.0,,,
y1_d165_SZJ_ANI,290.0,,,,,,,,False,,9534361.0,9534861.0,,,
y1_d165_SZJ_ANI,294.0,,,,,,,,False,,9634211.0,9634761.0,,,
y1_d165_SZJ_ANI,296.0,,,,,,,,False,,9670561.0,9675061.0,,,
y1_d166_FNQ_PHD,5.0,,,,,,,,False,,109638.0,110133.0,,,
y1_d166_FNQ_PHD,7.0,,,,,,,,False,,180621.0,181083.0,,,
y1_d166_FNQ_PHD,8.0,,,,,,,,False,,197121.0,197649.0,,,
y1_d166_FNQ_PHD,9.0,,,,,,,,False,,217119.0,217614.0,,,
y1_d166_FNQ_PHD,10.0,,,,,,,,False,,237678.0,238140.0,,,
y1_d166_FNQ_PHD,11.0,,,,,,,,False,,255861.0,256323.0,,,
y1_d166_FNQ_PHD,12.0,,,,,,,,False,,276156.0,276651.0,,,
y1_d166_FNQ_PHD,56.0,,,,,,,,False,,1841281.0,1841776.0,,,
y1_d166_FNQ_PHD,57.0,,,,,,,,False,,1858705.0,1859233.0,,,
y1_d166_FNQ_PHD,68.0,,,,,,,,False,,2200916.0,2201411.0,,,
y1_d166_FNQ_PHD,69.0,,,,,,,,False,,2230583.0,2231078.0,,,
y1_d166_FNQ_PHD,70.0,,,,,,,,False,,2251340.0,2251868.0,,,
y1_d166_FNQ_PHD,71.0,,,,,,,,False,,2272823.0,2273252.0,,,
y1_d166_FNQ_PHD,72.0,,,,,,,,False,,2294603.0,2295098.0,,,
y1_d166_FNQ_PHD,86.0,,,,,,,,False,,2785016.0,2785544.0,,,
y1_d166_FNQ_PHD,87.0,,,,,,,,False,,2812307.0,2812868.0,,,
y1_d166_FNQ_PHD,100.0,,,,,,,,False,,3211377.0,3211938.0,,,
y1_d166_FNQ_PHD,102.0,,,,,,,,False,,3247644.0,3248139.0,,,
y1_d166_FNQ_PHD,106.0,,,,,,,,False,,3325557.0,3326085.0,,,
y1_d166_FNQ_PHD,110.0,,,,,,,,False,,3450759.0,3451287.0,,,
y1_d166_FNQ_PHD,111.0,,,,,,,,False,,3478578.0,3479106.0,,,
y1_d166_FNQ_PHD,112.0,,,,,,,,False,,3512007.0,3512502.0,,,
y1_d166_FNQ_PHD,113.0,,,,,,,,False,,3529365.0,3533853.0,,,
y1_d166_FNQ_PHD,116.0,,,,,,,,False,,3633843.0,3634404.0,,,
y1_d166_FNQ_PHD,117.0,,,,,,,,False,,3655953.0,3656415.0,,,
y1_d166_FNQ_PHD,145.0,,,,,,,,False,,4598764.0,4599226.0,,,
y1_d166_FNQ_PHD,146.0,,,,,,,,False,,4615363.0,4615858.0,,,
y1_d166_FNQ_PHD,147.0,,,,,,,,False,,4632556.0,4633018.0,,,
y1_d166_FNQ_PHD,149.0,,,,,,,,False,,4680868.0,4681330.0,,,
y1_d166_FNQ_PHD,151.0,,,,,,,,False,,4732810.0,4733239.0,,,
y1_d166_FNQ_PHD,152.0,,,,,,,,False,,4745416.0,4745911.0,,,
y1_d166_FNQ_PHD,168.0,,,,,,,,False,,5233025.0,5233487.0,,,
y1_d166_FNQ_PHD,169.0,,,,,,,,False,,5250251.0,5250713.0,,,
y1_d166_FNQ_PHD,170.0,,,,,,,,False,,5266553.0,5267048.0,,,
y1_d166_FNQ_PHD,171.0,,,,,,,,False,,5284340.0,5284835.0,,,
y1_d166_FNQ_PHD,172.0,,,,,,,,False,,5303678.0,5304173.0,,,
y1_d166_FNQ_PHD,173.0,,,,,,,,False,,5321894.0,5322356.0,,,
y1_d166_FNQ_PHD,175.0,,,,,,,,False,,5476895.0,5477357.0,,,
y1_d166_FNQ_PHD,176.0,,,,,,,,False,,5493692.0,5494187.0,,,
y1_d166_FNQ_PHD,177.0,,,,,,,,False,,5512007.0,5512469.0,,,
y1_d166_FNQ_PHD,186.0,,,,,,,,False,,5839202.0,5839730.0,,,
y1_d166_FNQ_PHD,187.0,,,,,,,,False,,5853689.0,5854151.0,,,
y1_d166_FNQ_PHD,190.0,,,,,,,,False,,5923023.0,5923485.0,,,
y1_d166_FNQ_PHD,227.0,,,,,,,,False,,7017007.0,7017469.0,,,
y1_d166_FNQ_PHD,228.0,,,,,,,,False,,7036378.0,7036873.0,,,
y1_d166_FNQ_PHD,242.0,,,,,,,,False,,7535767.0,7536361.0,,,
y1_d166_FNQ_PHD,247.0,,,,,,,,False,,7665127.0,7665688.0,,,
y1_d166_FNQ_PHD,248.0,,,,,,,,False,,7701823.0,7702417.0,,,
y1_d166_FNQ_PHD,280.0,,,,,,,,False,,8930976.0,8931405.0,,,
y1_d166_FNQ_PHD,281.0,,,,,,,,False,,8962194.0,8962689.0,,,
y1_d166_FNQ_PHD,288.0,,,,,,,,False,,9153396.0,9153825.0,,,
y1_d166_FNQ_PHD,289.0,,,,,,,,False,,9170127.0,9170622.0,,,
y1_d166_FNQ_PHD,290.0,,,,,,,,False,,9190290.0,9190818.0,,,
y1_d166_FNQ_PHD,291.0,,,,,,,,False,,9228735.0,9229164.0,,,
y1_d166_FNQ_PHD,292.0,,,,,,,,False,,9259161.0,9259656.0,,,
y1_d166_FNQ_PHD,293.0,,,,,,,,False,,9284637.0,9285132.0,,,
y1_d166_FNQ_PHD,294.0,,,,,,,,False,,9310080.0,9310542.0,,,
y1_d166_FNQ_PHD,295.0,,,,,,,,False,,9336909.0,9337371.0,,,
y1_d166_FNQ_PHD,296.0,,,,,,,,False,,9360933.0,9361395.0,,,
y1_d166_FNQ_PHD,327.0,,,,,,,,False,,10358392.0,10358887.0,,,
y1_d166_FNQ_PHD,330.0,,,,,,,,False,,10420135.0,10420597.0,,,
y1_d166_SZJ_ANI,5.0,,,,,,,,False,,210751.0,211201.0,,,
y1_d166_SZJ_ANI,6.0,,,,,,,,False,,231501.0,232001.0,,,
y1_d166_SZJ_ANI,7.0,,,,,,,,False,,250751.0,251301.0,,,
y1_d166_SZJ_ANI,11.0,,,,,,,,False,,401851.0,402301.0,,,
y1_d166_SZJ_ANI,12.0,,,,,,,,False,,425301.0,425751.0,,,
y1_d166_SZJ_ANI,13.0,,,,,,,,False,,447101.0,447551.0,,,
y1_d166_SZJ_ANI,14.0,,,,,,,,False,,480701.0,481151.0,,,
y1_d166_SZJ_ANI,15.0,,,,,,,,False,,507501.0,507951.0,,,
y1_d166_SZJ_ANI,16.0,,,,,,,,False,,529301.0,529801.0,,,
y1_d166_SZJ_ANI,17.0,,,,,,,,False,,558901.0,559401.0,,,
y1_d166_SZJ_ANI,18.0,,,,,,,,False,,590601.0,591051.0,,,
y1_d166_SZJ_ANI,21.0,,,,,,,,False,,710151.0,,,,
y1_d166_SZJ_ANI,80.0,,,,,,,,False,,2834151.0,2834701.0,,,
y1_d166_SZJ_ANI,81.0,,,,,,,,False,,2855101.0,2855651.0,,,
y1_d166_SZJ_ANI,82.0,,,,,,,,False,,2880201.0,2880701.0,,,
y1_d166_SZJ_ANI,83.0,,,,,,,,False,,2906901.0,2907401.0,,,
y1_d166_SZJ_ANI,91.0,,,,,,,,False,,3291401.0,3291901.0,,,
y1_d166_SZJ_ANI,92.0,,,,,,,,False,,3314501.0,3315101.0,,,
y1_d166_SZJ_ANI,94.0,,,,,,,,False,,3386401.0,3386901.0,,,
y1_d166_SZJ_ANI,95.0,,,,,,,,False,,3410251.0,3410751.0,,,
y1_d166_SZJ_ANI,96.0,,,,,,,,False,,3435201.0,3435751.0,,,
y1_d166_SZJ_ANI,101.0,,,,,,,,False,,3587551.0,3588051.0,,,
y1_d166_SZJ_ANI,115.0,,,,,,,,False,,4033201.0,4033701.0,,,
y1_d166_SZJ_ANI,116.0,,,,,,,,False,,4056351.0,4056851.0,,,
y1_d166_SZJ_ANI,117.0,,,,,,,,False,,4080301.0,4080801.0,,,
y1_d166_SZJ_ANI,118.0,,,,,,,,False,,4109251.0,4109801.0,,,
y1_d166_SZJ_ANI,119.0,,,,,,,,False,,4138151.0,4138651.0,,,
y1_d166_SZJ_ANI,120.0,,,,,,,,False,,4163751.0,4164301.0,,,
y1_d166_SZJ_ANI,127.0,,,,,,,,False,,4524951.0,4525401.0,,,
y1_d166_SZJ_ANI,143.0,,,,,,,,False,,5113251.0,5113801.0,,,
y1_d166_SZJ_ANI,145.0,,,,,,,,False,,5165301.0,5165801.0,,,
y1_d166_SZJ_ANI,146.0,,,,,,,,False,,5195701.0,5196201.0,,,
y1_d166_SZJ_ANI,150.0,,,,,,,,False,,5330701.0,5331201.0,,,
y1_d166_SZJ_ANI,153.0,,,,,,,,False,,5538351.0,5538801.0,,,
y1_d166_SZJ_ANI,154.0,,,,,,,,False,,5560551.0,5561051.0,,,
y1_d166_SZJ_ANI,155.0,,,,,,,,False,,5584351.0,5584851.0,,,
y1_d166_SZJ_ANI,156.0,,,,,,,,False,,5616051.0,5616501.0,,,
y1_d166_SZJ_ANI,158.0,,,,,,,,False,,5673551.0,5674001.0,,,
y1_d166_SZJ_ANI,159.0,,,,,,,,False,,5697151.0,5697601.0,,,
y1_d166_SZJ_ANI,160.0,,,,,,,,False,,5726001.0,5726551.0,,,
y1_d166_SZJ_ANI,162.0,,,,,,,,False,,5780051.0,5780501.0,,,
y1_d166_SZJ_ANI,170.0,,,,,,,,False,,6131401.0,6131951.0,,,
y1_d166_SZJ_ANI,171.0,,,,,,,,False,,6158101.0,6158601.0,,,
y1_d166_SZJ_ANI,174.0,,,,,,,,False,,6285751.0,6286351.0,,,
y1_d166_SZJ_ANI,175.0,,,,,,,,False,,6312151.0,6312601.0,,,
y1_d166_SZJ_ANI,178.0,,,,,,,,False,,6414651.0,6415101.0,,,
y1_d166_SZJ_ANI,180.0,,,,,,,,False,,6464001.0,6464551.0,,,
y1_d166_SZJ_ANI,183.0,Safe,1.95,0.75,1.2,81.5469138697105,80.75968250318354,74.46125719952795,True,3.8598523370534057,6578801.0,6579301.0,6580051.0,6581251.0,25
y1_d166_SZJ_ANI,195.0,,,,,,,,False,,7082701.0,7083201.0,,,
y1_d166_SZJ_ANI,197.0,,,,,,,,False,,7134601.0,7135101.0,,,
y1_d166_SZJ_ANI,201.0,,,,,,,,False,,7239851.0,7240351.0,,,
y1_d166_SZJ_ANI,215.0,,,,,,,,False,,7707101.0,7707551.0,,,
y1_d166_SZJ_ANI,218.0,,,,,,,,False,,7790651.0,7791101.0,,,
y1_d166_SZJ_ANI,219.0,,,,,,,,False,,7814401.0,7814851.0,,,
y1_d166_SZJ_ANI,230.0,,,,,,,,False,,8255151.0,8255701.0,,,
y1_d166_SZJ_ANI,231.0,,,,,,,,False,,8293501.0,8294001.0,,,
y1_d166_SZJ_ANI,241.0,,,,,,,,False,,8724101.0,8724601.0,,,
y1_d166_SZJ_ANI,245.0,,,,,,,,False,,8826751.0,8827251.0,,,
y1_d166_SZJ_ANI,246.0,,,,,,,,False,,8851951.0,8852501.0,,,
y1_d166_SZJ_ANI,247.0,,,,,,,,False,,8879851.0,8880351.0,,,
y1_d166_SZJ_ANI,248.0,,,,,,,,False,,8913901.0,8914451.0,,,
y1_d166_SZJ_ANI,252.0,"Out (inning-ending, verify)",1.8,0.6,1.2,79.53359775825494,78.77925039820663,72.59095730548448,True,2.7713254044532447,9016601.0,9017101.0,9017701.0,9018901.0,25
y1_d166_SZJ_ANI,276.0,,,,,,,,False,,9836101.0,9836551.0,,,
y1_d166_SZJ_ANI,277.0,,,,,,,,False,,9857851.0,9858301.0,,,
y1_d166_SZJ_ANI,278.0,,,,,,,,False,,9924313.0,9924763.0,,,
y1_d166_SZJ_ANI,302.0,,,,,,,,False,,10765163.0,10765663.0,,,
y1_d166_SZJ_ANI,303.0,,,,,,,,False,,10786013.0,10786463.0,,,
y1_d166_SZJ_ANI,304.0,,,,,,,,False,,10815563.0,10816063.0,,,
y1_d166_SZJ_ANI,305.0,,,,,,,,False,,10839613.0,10840063.0,,,
y1_d166_SZJ_ANI,314.0,,,,,,,,False,,11216863.0,11217313.0,,,
y1_d166_SZJ_ANI,315.0,,,,,,,,False,,11238563.0,11239063.0,,,
y1_d166_SZJ_ANI,316.0,,,,,,,,False,,11264263.0,11264713.0,,,
y1_d166_SZJ_ANI,319.0,,,,,,,,False,,11350813.0,11351313.0,,,
y1_d166_SZJ_ANI,325.0,,,,,,,,False,,11552663.0,11553163.0,,,
y1_d166_SZJ_ANI,326.0,,,,,,,,False,,11599663.0,11600163.0,,,
y1_d166_SZJ_ANI,327.0,,,,,,,,False,,11622613.0,11623113.0,,,
y1_d166_SZJ_ANI,328.0,,,,,,,,False,,11646563.0,11647013.0,,,
y1_d166_SZJ_ANI,329.0,Safe,8.2,0.7,7.5,78.76969788177284,74.82237385227054,37.68762579919964,True,3.0005235208741827,11675063.0,11675563.0,11676263.0,11683763.0,118
y1_d166_SZJ_ANI,333.0,,,,,,,,False,,11844263.0,11844713.0,,,
y1_d166_SZJ_ANI,334.0,,,,,,,,False,,11865813.0,11866313.0,,,
y1_d166_SZJ_ANI,336.0,,,,,,,,False,,11917413.0,11917863.0,,,
y1_d166_SZJ_ANI,337.0,,,,,,,,False,,11964563.0,11965013.0,,,
y1_d166_SZJ_ANI,340.0,Safe,1.9,0.7,1.2,78.4291651285996,77.67928090167041,71.65534553833706,True,0.032079390793893166,12063163.0,12063663.0,12064363.0,12065563.0,25
y1_d167_BTL_ARN,2.0,,,,,,,,False,,58052.0,58602.0,,,
y1_d167_BTL_ARN,4.0,,,,,,,,False,,96802.0,97352.0,,,
y1_d167_BTL_ARN,8.0,,,,,,,,False,,223252.0,223752.0,,,
y1_d167_BTL_ARN,11.0,,,,,,,,False,,304902.0,305402.0,,,
y1_d167_BTL_ARN,12.0,,,,,,,,False,,330552.0,331002.0,,,
y1_d167_BTL_ARN,14.0,,,,,,,,False,,375352.0,375852.0,,,
y1_d167_BTL_ARN,73.0,,,,,,,,False,,2281902.0,2282452.0,,,
y1_d167_BTL_ARN,120.0,,,,,,,,False,,3776502.0,3777052.0,,,
y1_d167_BTL_ARN,121.0,,,,,,,,False,,3796152.0,3800552.0,,,
y1_d167_BTL_ARN,122.0,,,,,,,,False,,3853302.0,3853752.0,,,
y1_d167_BTL_ARN,124.0,,,,,,,,False,,3911252.0,3911752.0,,,
y1_d167_BTL_ARN,125.0,,,,,,,,False,,3958052.0,3958602.0,,,
y1_d167_BTL_ARN,138.0,,,,,,,,False,,4368302.0,4368802.0,,,
y1_d167_BTL_ARN,155.0,,,,,,,,False,,4906652.0,4907152.0,,,
y1_d167_BTL_ARN,185.0,,,,,,,,False,,5775552.0,5776052.0,,,
y1_d167_BTL_ARN,186.0,,,,,,,,False,,5812302.0,5812852.0,,,
y1_d167_BTL_ARN,187.0,,,,,,,,False,,5832352.0,5832852.0,,,
y1_d167_BTL_ARN,188.0,,,,,,,,False,,5850902.0,5851402.0,,,
y1_d167_BTL_ARN,190.0,,,,,,,,False,,5916202.0,5916652.0,,,
y1_d167_BTL_ARN,191.0,,,,,,,,False,,5931302.0,5931802.0,,,
y1_d167_BTL_ARN,193.0,,,,,,,,False,,5978352.0,5978852.0,,,
y1_d167_BTL_ARN,194.0,,,,,,,,False,,5997752.0,5998252.0,,,
y1_d167_BTL_ARN,195.0,,,,,,,,False,,6025602.0,6026102.0,,,
y1_d167_BTL_ARN,217.0,,,,,,,,False,,6887502.0,6888102.0,,,
y1_d167_BTL_ARN,223.0,,,,,,,,False,,7248152.0,7248702.0,,,
y1_d167_BTL_ARN,224.0,,,,,,,,False,,7265502.0,7266052.0,,,
y1_d167_BTL_ARN,225.0,,,,,,,,False,,7287452.0,7287902.0,,,
y1_d167_BTL_ARN,226.0,,,,,,,,False,,7314502.0,7315002.0,,,
y1_d167_BTL_ARN,238.0,,,,,,,,False,,7715052.0,7715502.0,,,
y1_d167_BTL_ARN,239.0,,,,,,,,False,,7734252.0,7734752.0,,,
y1_d167_BTL_ARN,241.0,,,,,,,,False,,7790102.0,,,,
y1_d167_BTL_ARN,242.0,,,,,,,,False,,7831052.0,,,,
y1_d167_BTL_ARN,243.0,,,,,,,,False,,7871852.0,7872352.0,,,
y1_d167_BTL_ARN,244.0,,,,,,,,False,,7913852.0,7914302.0,,,
y1_d167_BTL_ARN,245.0,,,,,,,,False,,7933752.0,7934252.0,,,
y1_d167_BTL_ARN,246.0,,,,,,,,False,,7967302.0,7967752.0,,,
y1_d167_BTL_ARN,247.0,,,,,,,,False,,8000902.0,8001402.0,,,
y1_d167_BTL_ARN,249.0,,,,,,,,False,,8052002.0,8052502.0,,,
y1_d167_BTL_ARN,250.0,,,,,,,,False,,8072852.0,8073352.0,,,
y1_d167_BTL_ARN,251.0,,,,,,,,False,,8096302.0,8096802.0,,,
y1_d167_BTL_ARN,252.0,,,,,,,,False,,8127252.0,,,,
y1_d167_BTL_ARN,293.0,,,,,,,,False,,9825352.0,9825802.0,,,
y1_d167_BTL_ARN,294.0,,,,,,,,False,,9844102.0,9844552.0,,,
y1_d167_BTL_ARN,311.0,,,,,,,,False,,10421502.0,10421952.0,,,
y1_d167_BTL_ARN,313.0,,,,,,,,False,,10470802.0,10471252.0,,,
y1_d167_BTL_ARN,314.0,,,,,,,,False,,10498502.0,10498952.0,,,
y1_d167_BTL_ARN,315.0,,,,,,,,False,,10524152.0,10524602.0,,,
y1_d167_BTL_ARN,316.0,,,,,,,,False,,10552702.0,10553152.0,,,
y1_d167_BTL_ARN,326.0,,,,,,,,False,,11068552.0,11069052.0,,,
y1_d167_BTL_ARN,330.0,,,,,,,,False,,11203202.0,11203652.0,,,
y1_d167_BTL_ARN,331.0,,,,,,,,False,,11239852.0,11240352.0,,,
y1_d167_EMB_ANI,7.0,,,,,,,,False,,187482.0,188082.0,,,
y1_d167_EMB_ANI,8.0,,,,,,,,False,,206782.0,207232.0,,,
y1_d167_EMB_ANI,10.0,,,,,,,,False,,254032.0,254482.0,,,
y1_d167_EMB_ANI,12.0,,,,,,,,False,,299582.0,300132.0,,,
y1_d167_EMB_ANI,39.0,,,,,,,,False,,1155282.0,1155732.0,,,
y1_d167_EMB_ANI,41.0,,,,,,,,False,,1210182.0,1210682.0,,,
y1_d167_EMB_ANI,63.0,,,,,,,,False,,1877182.0,1877732.0,,,
y1_d167_EMB_ANI,64.0,,,,,,,,False,,1901832.0,1902382.0,,,
y1_d167_EMB_ANI,77.0,,,,,,,,False,,2415582.0,2416132.0,,,
y1_d167_EMB_ANI,78.0,,,,,,,,False,,2437932.0,2438432.0,,,
y1_d167_EMB_ANI,79.0,,,,,,,,False,,2462682.0,2463182.0,,,
y1_d167_EMB_ANI,80.0,,,,,,,,False,,2485632.0,2486132.0,,,
y1_d167_EMB_ANI,81.0,,,,,,,,False,,2511932.0,2512382.0,,,
y1_d167_EMB_ANI,84.0,,,,,,,,False,,2642332.0,2642782.0,,,
y1_d167_EMB_ANI,85.0,,,,,,,,False,,2664882.0,2665382.0,,,
y1_d167_EMB_ANI,100.0,,,,,,,,False,,3076082.0,3076682.0,,,
y1_d167_EMB_ANI,120.0,,,,,,,,False,,3815532.0,3815982.0,,,
y1_d167_EMB_ANI,140.0,,,,,,,,False,,4500232.0,4500732.0,,,
y1_d167_EMB_ANI,146.0,,,,,,,,False,,4669032.0,4669582.0,,,
y1_d167_EMB_ANI,147.0,,,,,,,,False,,4705632.0,4706182.0,,,
y1_d167_EMB_ANI,148.0,,,,,,,,False,,4726682.0,4727182.0,,,
y1_d167_EMB_ANI,149.0,"Out (inning-ending, verify)",1.85,0.7,1.15,77.68872802493061,76.99896492547147,71.46885168490313,True,3.5670481405215804,4746732.0,4747182.0,4747882.0,4749032.0,24
y1_d167_EMB_ANI,220.0,,,,,,,,False,,7465082.0,7465632.0,,,
y1_d167_EMB_ANI,221.0,,,,,,,,False,,7485632.0,7486182.0,,,
y1_d167_EMB_ANI,222.0,,,,,,,,False,,7508782.0,7509232.0,,,
y1_d167_EMB_ANI,223.0,,,,,,,,False,,7529632.0,7530082.0,,,
y1_d167_EMB_ANI,260.0,,,,,,,,False,,9004182.0,9004632.0,,,
y1_d167_EMB_ANI,261.0,,,,,,,,False,,9025182.0,,,,
y1_d167_EMB_ANI,262.0,,,,,,,,False,,9060232.0,9060682.0,,,
y1_d167_EMB_ANI,263.0,,,,,,,,False,,9087232.0,9087682.0,,,
y1_d167_EMB_ANI,265.0,,,,,,,,False,,9144882.0,9145382.0,,,
y1_d167_EMB_ANI,278.0,,,,,,,,False,,9682982.0,9683482.0,,,
y1_d167_EMB_ANI,280.0,,,,,,,,False,,9744482.0,9744982.0,,,
y1_d167_EMB_ANI,281.0,,,,,,,,False,,9765032.0,9765582.0,,,
y1_d167_EMB_ANI,293.0,Safe,,,,,,,False,,10260432.0,10260982.0,,,
y1_d167_MPC_PHD,4.0,,,,,,,,False,,113429.0,113879.0,,,
y1_d167_MPC_PHD,5.0,,,,,,,,False,,133329.0,133779.0,,,
y1_d167_MPC_PHD,7.0,,,,,,,,False,,183879.0,184429.0,,,
y1_d167_MPC_PHD,11.0,,1.8,0.65,1.15,77.52714652132354,76.8370070616741,71.50797569452638,True,8.303949859047092,318129.0,318729.0,319379.0,320529.0,24
y1_d167_MPC_PHD,12.0,,,,,,,,False,,350379.0,350929.0,,,
y1_d167_MPC_PHD,14.0,,,,,,,,False,,399379.0,399829.0,,,
y1_d167_MPC_PHD,58.0,,,,,,,,False,,1940229.0,1940729.0,,,
y1_d167_MPC_PHD,59.0,,,,,,,,False,,1962079.0,1962579.0,,,
y1_d167_MPC_PHD,60.0,,,,,,,,False,,1990679.0,1991129.0,,,
y1_d167_MPC_PHD,62.0,,,,,,,,False,,2037479.0,2037929.0,,,
y1_d167_MPC_PHD,94.0,,,,,,,,False,,3174479.0,3175029.0,,,
y1_d167_MPC_PHD,97.0,,,,,,,,False,,3264529.0,3265079.0,,,
y1_d167_MPC_PHD,99.0,,,,,,,,False,,3323429.0,3323979.0,,,
y1_d167_MPC_PHD,100.0,,,,,,,,False,,3357579.0,3358029.0,,,
y1_d167_MPC_PHD,101.0,,,,,,,,False,,3378329.0,3378879.0,,,
y1_d167_MPC_PHD,102.0,,,,,,,,False,,3400579.0,3401029.0,,,
y1_d167_MPC_PHD,103.0,,,,,,,,False,,3422629.0,3423079.0,,,
y1_d167_MPC_PHD,106.0,,,,,,,,False,,3516529.0,3516979.0,,,
y1_d167_MPC_PHD,171.0,,,,,,,,False,,5982379.0,5982829.0,,,
y1_d167_MPC_PHD,173.0,,,,,,,,False,,6059979.0,6060429.0,,,
y1_d167_MPC_PHD,176.0,,,,,,,,False,,6163079.0,6163629.0,,,
y1_d167_MPC_PHD,177.0,,,,,,,,False,,6182429.0,6182879.0,,,
y1_d167_MPC_PHD,193.0,,,,,,,,False,,6780379.0,6780879.0,,,
y1_d167_MPC_PHD,195.0,,,,,,,,False,,6864529.0,6865029.0,,,
y1_d167_MPC_PHD,196.0,,,,,,,,False,,6886279.0,6886779.0,,,
y1_d167_MPC_PHD,197.0,,,,,,,,False,,6909029.0,6909529.0,,,
y1_d167_MPC_PHD,198.0,,,,,,,,False,,6940529.0,6941029.0,,,
y1_d167_MPC_PHD,200.0,,,,,,,,False,,6990329.0,6990779.0,,,
y1_d167_MPC_PHD,242.0,,,,,,,,False,,8488379.0,8488829.0,,,
y1_d167_MPC_PHD,243.0,,,,,,,,False,,8504429.0,8504929.0,,,
y1_d167_MPC_PHD,244.0,,,,,,,,False,,8523529.0,8524029.0,,,
y1_d167_MPC_PHD,245.0,,,,,,,,False,,8549229.0,8549729.0,,,
y1_d167_MPC_PHD,246.0,,,,,,,,False,,8592529.0,8593029.0,,,
y1_d167_MPC_PHD,247.0,,,,,,,,False,,8618929.0,8619429.0,,,
y1_d167_MPC_PHD,250.0,,,,,,,,False,,8750729.0,8751229.0,,,
y1_d167_MPC_PHD,251.0,,,,,,,,False,,8767829.0,8768329.0,,,
y1_d167_MPC_PHD,252.0,,,,,,,,False,,8789679.0,8790179.0,,,
y1_d167_MPC_PHD,253.0,,,,,,,,False,,8818479.0,8818979.0,,,
y1_d167_MPC_PHD,271.0,,,,,,,,False,,9507779.0,9508329.0,,,
y1_d167_MPC_PHD,272.0,,,,,,,,False,,9542179.0,9542679.0,,,
y1_d167_MPC_PHD,291.0,,,,,,,,False,,10235729.0,10236179.0,,,
y1_d167_MPC_PHD,292.0,,,,,,,,False,,10252129.0,10252629.0,,,
y1_d167_MPC_PHD,293.0,,,,,,,,False,,10273079.0,10273529.0,,,
y1_d167_MPC_PHD,295.0,,,,,,,,False,,10334129.0,10334629.0,,,
y1_d167_MPC_PHD,296.0,,,,,,,,False,,10367029.0,10367479.0,,,
y1_d167_MPC_PHD,298.0,,,,,,,,False,,10420779.0,10421279.0,,,
y1_d167_MPC_PHD,302.0,,,,,,,,False,,10530129.0,10530579.0,,,
y1_d168_BTL_ARN,11.0,,,,,,,,False,,269249.0,269749.0,,,
y1_d168_BTL_ARN,19.0,,,,,,,,False,,574699.0,575199.0,,,
y1_d168_BTL_ARN,20.0,,,,,,,,False,,591199.0,591699.0,,,
y1_d168_BTL_ARN,21.0,,,,,,,,False,,607849.0,608299.0,,,
y1_d168_BTL_ARN,22.0,,,,,,,,False,,623599.0,624099.0,,,
y1_d168_BTL_ARN,23.0,,,,,,,,False,,641349.0,641849.0,,,
y1_d168_BTL_ARN,31.0,,,,,,,,False,,939749.0,940199.0,,,
y1_d168_BTL_ARN,79.0,,,,,,,,False,,2392049.0,2392549.0,,,
y1_d168_BTL_ARN,93.0,,,,,,,,False,,2753399.0,2753899.0,,,
y1_d168_BTL_ARN,95.0,,,,,,,,False,,2802499.0,2802999.0,,,
y1_d168_BTL_ARN,96.0,,,,,,,,False,,2831199.0,2831749.0,,,
y1_d168_BTL_ARN,98.0,,,,,,,,False,,2888049.0,2888499.0,,,
y1_d168_BTL_ARN,102.0,,,,,,,,False,,3056049.0,3056499.0,,,
y1_d168_BTL_ARN,103.0,,,,,,,,False,,3075299.0,3075799.0,,,
y1_d168_BTL_ARN,106.0,,,,,,,,False,,3143399.0,3143899.0,,,
y1_d168_BTL_ARN,120.0,,,,,,,,False,,3744249.0,3744749.0,,,
y1_d168_BTL_ARN,121.0,,,,,,,,False,,3764849.0,3765399.0,,,
y1_d168_BTL_ARN,122.0,,,,,,,,False,,3789399.0,3789899.0,,,
y1_d168_BTL_ARN,124.0,,,,,,,,False,,3874899.0,3875399.0,,,
y1_d168_BTL_ARN,125.0,,,,,,,,False,,3899249.0,3899799.0,,,
y1_d168_BTL_ARN,126.0,,,,,,,,False,,3926599.0,3929049.0,,,
y1_d168_BTL_ARN,141.0,,,,,,,,False,,4465249.0,4465749.0,,,
y1_d168_BTL_ARN,142.0,,,,,,,,False,,4486649.0,4487199.0,,,
y1_d168_BTL_ARN,159.0,,,,,,,,False,,5056799.0,5057299.0,,,
y1_d168_BTL_ARN,160.0,,,,,,,,False,,5074349.0,5074849.0,,,
y1_d168_BTL_ARN,161.0,,,,,,,,False,,5094249.0,5094749.0,,,
y1_d168_BTL_ARN,163.0,,,,,,,,False,,5141899.0,5142449.0,,,
y1_d168_BTL_ARN,164.0,,,,,,,,False,,5166749.0,5167299.0,,,
y1_d168_BTL_ARN,205.0,,,,,,,,False,,6762799.0,6763249.0,,,
y1_d168_BTL_ARN,207.0,,,,,,,,False,,6827399.0,6827849.0,,,
y1_d168_BTL_ARN,208.0,,,,,,,,False,,6849399.0,6849899.0,,,
y1_d168_BTL_ARN,209.0,,,,,,,,False,,6872349.0,6872849.0,,,
y1_d168_BTL_ARN,253.0,,,,,,,,False,,8690249.0,8690699.0,,,
y1_d168_BTL_ARN,255.0,,,,,,,,False,,8735999.0,8736449.0,,,
y1_d168_BTL_ARN,258.0,,,,,,,,False,,8804749.0,8805299.0,,,
y1_d168_BTL_ARN,259.0,,,,,,,,False,,8836849.0,8837299.0,,,
y1_d168_BTL_ARN,272.0,,,,,,,,False,,9419399.0,9419899.0,,,
y1_d168_BTL_ARN,273.0,,,,,,,,False,,9437599.0,9438099.0,,,
y1_d168_BTL_ARN,274.0,,,,,,,,False,,9458099.0,9458599.0,,,
y1_d168_BTL_ARN,275.0,,,,,,,,False,,9480149.0,9480599.0,,,
y1_d168_EMB_ANI,11.0,,,,,,,,False,,291879.0,292429.0,,,
y1_d168_EMB_ANI,12.0,,,,,,,,False,,316429.0,316979.0,,,
y1_d168_EMB_ANI,15.0,,,,,,,,False,,418429.0,418929.0,,,
y1_d168_EMB_ANI,43.0,,,,,,,,False,,1430829.0,1431329.0,,,
y1_d168_EMB_ANI,46.0,,,,,,,,False,,1490379.0,1490929.0,,,
y1_d168_EMB_ANI,47.0,,,,,,,,False,,1513679.0,1514229.0,,,
y1_d168_EMB_ANI,48.0,,,,,,,,False,,1555929.0,1556379.0,,,
y1_d168_EMB_ANI,49.0,,,,,,,,False,,1577679.0,1578179.0,,,
y1_d168_EMB_ANI,50.0,,,,,,,,False,,1600779.0,1601229.0,,,
y1_d168_EMB_ANI,52.0,,,,,,,,False,,1660079.0,1660529.0,,,
y1_d168_EMB_ANI,53.0,,,,,,,,False,,1693029.0,1693529.0,,,
y1_d168_EMB_ANI,61.0,,,,,,,,False,,2006429.0,2006879.0,,,
y1_d168_EMB_ANI,62.0,,,,,,,,False,,2033929.0,2034529.0,,,
y1_d168_EMB_ANI,63.0,,,,,,,,False,,2061329.0,2061879.0,,,
y1_d168_EMB_ANI,96.0,,,,,,,,False,,3287529.0,3288029.0,,,
y1_d168_EMB_ANI,97.0,,,,,,,,False,,3314079.0,3314629.0,,,
y1_d168_EMB_ANI,98.0,,,,,,,,False,,3345629.0,3346129.0,,,
y1_d168_EMB_ANI,101.0,,,,,,,,False,,3429529.0,3430079.0,,,
y1_d168_EMB_ANI,102.0,,,,,,,,False,,3460679.0,3461179.0,,,
y1_d168_EMB_ANI,103.0,,,,,,,,False,,3491029.0,3491579.0,,,
y1_d168_EMB_ANI,130.0,,,,,,,,False,,4425179.0,4425729.0,,,
y1_d168_EMB_ANI,131.0,,,,,,,,False,,4446979.0,4447479.0,,,
y1_d168_EMB_ANI,133.0,,,,,,,,False,,4541929.0,4542479.0,,,
y1_d168_EMB_ANI,134.0,,,,,,,,False,,4581929.0,4582429.0,,,
y1_d168_EMB_ANI,140.0,,,,,,,,False,,4944279.0,4944729.0,,,
y1_d168_EMB_ANI,149.0,,,,,,,,False,,5296629.0,5297129.0,,,
y1_d168_EMB_ANI,151.0,,,,,,,,False,,5338329.0,5338879.0,,,
y1_d168_EMB_ANI,153.0,,,,,,,,False,,5404979.0,5405479.0,,,
y1_d168_EMB_ANI,155.0,,,,,,,,False,,5452579.0,5453129.0,,,
y1_d168_EMB_ANI,156.0,,,,,,,,False,,5480129.0,5480679.0,,,
y1_d168_EMB_ANI,205.0,,,,,,,,False,,6989979.0,6990429.0,,,
y1_d168_EMB_ANI,206.0,,,,,,,,False,,7012279.0,7012729.0,,,
y1_d168_EMB_ANI,207.0,,,,,,,,False,,7038679.0,7039129.0,,,
y1_d168_EMB_ANI,208.0,,,,,,,,False,,7066679.0,7067129.0,,,
y1_d168_EMB_ANI,209.0,,,,,,,,False,,7092979.0,7093479.0,,,
y1_d168_EMB_ANI,213.0,,,,,,,,False,,7258179.0,7258629.0,,,
y1_d168_EMB_ANI,214.0,,,,,,,,False,,7302229.0,7302679.0,,,
y1_d168_EMB_ANI,215.0,,,,,,,,False,,7327279.0,7327779.0,,,
y1_d168_EMB_ANI,216.0,,,,,,,,False,,7354729.0,7355179.0,,,
y1_d168_EMB_ANI,217.0,,,,,,,,False,,7385929.0,7386379.0,,,
y1_d168_EMB_ANI,231.0,,,,,,,,False,,7838729.0,7839179.0,,,
y1_d168_EMB_ANI,236.0,,,,,,,,False,,8096329.0,8096779.0,,,
y1_d168_EMB_ANI,237.0,,,,,,,,False,,8120929.0,8121379.0,,,
y1_d168_EMB_ANI,238.0,,,,,,,,False,,8145329.0,8145829.0,,,
y1_d168_EMB_ANI,249.0,,,,,,,,False,,8511579.0,8512029.0,,,
y1_d168_EMB_ANI,250.0,,,,,,,,False,,8526979.0,8527529.0,,,
y1_d168_EMB_ANI,251.0,,,,,,,,False,,8544429.0,8544879.0,,,
y1_d168_EMB_ANI,261.0,,,,,,,,False,,8914929.0,8915379.0,,,
y1_d168_EMB_ANI,268.0,,,,,,,,False,,9245129.0,9245579.0,,,
y1_d168_EMB_ANI,273.0,,,,,,,,False,,9398879.0,9399379.0,,,
y1_d168_EMB_ANI,274.0,,,,,,,,False,,9423029.0,9423529.0,,,
y1_d168_EMB_ANI,275.0,,,,,,,,False,,9445129.0,,,,
y1_d168_EMB_ANI,276.0,,,,,,,,False,,9482079.0,9482579.0,,,
y1_d168_EMB_ANI,278.0,,,,,,,,False,,9569229.0,,,,
y1_d168_EMB_ANI,279.0,,,,,,,,False,,9627029.0,9627479.0,,,
y1_d168_EMB_ANI,280.0,,,,,,,,False,,9660029.0,9660479.0,,,
y1_d168_EMB_ANI,288.0,,,,,,,,False,,9971179.0,9971629.0,,,
y1_d168_EMB_ANI,289.0,,,,,,,,False,,9994929.0,9995429.0,,,
y1_d168_EMB_ANI,292.0,,,,,,,,False,,10068029.0,10068529.0,,,
y1_d168_EMB_ANI,293.0,,,,,,,,False,,10099479.0,10099929.0,,,
y1_d168_EMB_ANI,294.0,,,,,,,,False,,10136279.0,10136729.0,,,
y1_d168_EMB_ANI,295.0,,,,,,,,False,,10158929.0,10159529.0,,,
y1_d168_EMB_ANI,296.0,,,,,,,,False,,10186079.0,10186579.0,,,
y1_d168_EMB_ANI,333.0,,,,,,,,False,,11466179.0,11466629.0,,,
y1_d168_EMB_ANI,334.0,,,,,,,,False,,11490079.0,11490529.0,,,
y1_d168_EMB_ANI,335.0,,,,,,,,False,,11553179.0,11553629.0,,,
y1_d168_EMB_ANI,338.0,,,,,,,,False,,11651979.0,11652529.0,,,
y1_d168_EMB_ANI,346.0,,,,,,,,False,,12184979.0,12185529.0,,,
y1_d168_EMB_ANI,347.0,,,,,,,,False,,12205829.0,12206329.0,,,
y1_d168_EMB_ANI,348.0,,,,,,,,False,,12232529.0,,,,
y1_d168_EMB_ANI,349.0,,,,,,,,False,,12277429.0,12277879.0,,,
y1_d168_MPC_PHD,17.0,,,,,,,,False,,490171.0,490721.0,,,
y1_d168_MPC_PHD,18.0,,,,,,,,False,,541621.0,542171.0,,,
y1_d168_MPC_PHD,19.0,,,,,,,,False,,571171.0,571721.0,,,
y1_d168_MPC_PHD,21.0,,,,,,,,False,,643821.0,644271.0,,,
y1_d168_MPC_PHD,22.0,,,,,,,,False,,669071.0,669671.0,,,
y1_d168_MPC_PHD,23.0,,,,,,,,False,,707171.0,707721.0,,,
y1_d168_MPC_PHD,24.0,,,,,,,,False,,730821.0,731371.0,,,
y1_d168_MPC_PHD,25.0,,,,,,,,False,,761471.0,762021.0,,,
y1_d168_MPC_PHD,26.0,,,,,,,,False,,789071.0,789571.0,,,
y1_d168_MPC_PHD,27.0,,,,,,,,False,,826321.0,826921.0,,,
y1_d168_MPC_PHD,28.0,,,,,,,,False,,847921.0,848421.0,,,
y1_d168_MPC_PHD,29.0,,,,,,,,False,,871571.0,872071.0,,,
y1_d168_MPC_PHD,30.0,,,,,,,,False,,893521.0,894071.0,,,
y1_d168_MPC_PHD,32.0,,,,,,,,False,,959271.0,959821.0,,,
y1_d168_MPC_PHD,33.0,,,,,,,,False,,989621.0,990221.0,,,
y1_d168_MPC_PHD,58.0,"Out (inning-ending, verify)",1.8,0.6,1.2,80.98253528762531,80.0777429891858,72.64837635860702,True,2.7918517389867628,1898371.0,1898971.0,1899571.0,1900771.0,25
y1_d168_MPC_PHD,89.0,,,,,,,,False,,3013771.0,3014371.0,,,
y1_d168_MPC_PHD,92.0,,,,,,,,False,,3067021.0,3067571.0,,,
y1_d168_MPC_PHD,93.0,,,,,,,,False,,3086671.0,3087221.0,,,
y1_d168_MPC_PHD,94.0,,,,,,,,False,,3119421.0,3119921.0,,,
y1_d168_MPC_PHD,95.0,,,,,,,,False,,3136071.0,3136571.0,,,
y1_d168_MPC_PHD,96.0,,,,,,,,False,,3158121.0,3158621.0,,,
y1_d168_MPC_PHD,98.0,,,,,,,,False,,3208371.0,3208921.0,,,
y1_d168_MPC_PHD,114.0,,,,,,,,False,,3731421.0,3731871.0,,,
y1_d168_MPC_PHD,150.0,,,,,,,,False,,4891521.0,4892021.0,,,
y1_d168_MPC_PHD,151.0,,,,,,,,False,,4909971.0,4910471.0,,,
y1_d168_MPC_PHD,152.0,,,,,,,,False,,4930571.0,4931121.0,,,
y1_d168_MPC_PHD,155.0,,,,,,,,False,,5006521.0,5007021.0,,,
y1_d168_MPC_PHD,174.0,,,,,,,,False,,5626471.0,5626971.0,,,
y1_d168_MPC_PHD,202.0,,,,,,,,False,,6634171.0,6634621.0,,,
y1_d168_MPC_PHD,204.0,,,,,,,,False,,6692821.0,6693271.0,,,
y1_d168_MPC_PHD,205.0,,,,,,,,False,,6719921.0,6720371.0,,,
y1_d168_MPC_PHD,207.0,,,,,,,,False,,6772321.0,6772721.0,,,
y1_d168_MPC_PHD,209.0,,,,,,,,False,,6824171.0,6824671.0,,,
y1_d168_MPC_PHD,256.0,,,,,,,,False,,8499721.0,8500221.0,,,
y1_d168_MPC_PHD,257.0,,,,,,,,False,,8522021.0,8522571.0,,,
y1_d168_MPC_PHD,271.0,,,,,,,,False,,8941821.0,8942321.0,,,
y1_d168_MPC_PHD,272.0,,,,,,,,False,,8958371.0,8958821.0,,,
y1_d168_MPC_PHD,280.0,,,,,,,,False,,9251171.0,9251621.0,,,
y1_d168_MPC_PHD,282.0,,,,,,,,False,,9306671.0,9307121.0,,,
y1_d168_MPC_PHD,283.0,,,,,,,,False,,9326271.0,9326771.0,,,
y1_d168_MPC_PHD,284.0,,,,,,,,False,,9343971.0,9344471.0,,,
y1_d168_MPC_PHD,285.0,,,,,,,,False,,9369771.0,9370221.0,,,
y1_d168_MPC_PHD,286.0,,,,,,,,False,,9392621.0,9393171.0,,,
y1_d169_BTL_ARN,49.0,,,,,,,,False,,1494575.0,1495103.0,,,
y1_d169_BTL_ARN,52.0,,,,,,,,False,,1543184.0,1543646.0,,,
y1_d169_BTL_ARN,53.0,,1.98,0.759,1.221,78.19229156017661,77.4141760955563,71.01361957938046,True,2.7349318194473278,1564601.0,1565063.0,1565822.0,1567043.0,38
y1_d169_BTL_ARN,54.0,,,,,,,,False,,1594301.0,1594730.0,,,
y1_d169_BTL_ARN,56.0,,,,,,,,False,,1649675.0,1650170.0,,,
y1_d169_BTL_ARN,57.0,,,,,,,,False,,1670300.0,1670828.0,,,
y1_d169_BTL_ARN,58.0,,,,,,,,False,,1693631.0,1694060.0,,,
y1_d169_BTL_ARN,59.0,,,,,,,,False,,1716401.0,1716830.0,,,
y1_d169_BTL_ARN,60.0,,,,,,,,False,,1739765.0,1740227.0,,,
y1_d169_BTL_ARN,67.0,,,,,,,,False,,2053233.0,2053695.0,,,
y1_d169_BTL_ARN,88.0,,,,,,,,False,,2710593.0,2711055.0,,,
y1_d169_BTL_ARN,90.0,,,,,,,,False,,2746926.0,2747355.0,,,
y1_d169_BTL_ARN,91.0,,,,,,,,False,,2767419.0,2767848.0,,,
y1_d169_BTL_ARN,92.0,,,,,,,,False,,2788870.0,2789332.0,,,
y1_d169_BTL_ARN,94.0,,1.914,0.759,1.155,79.08673894970532,78.29695669985578,71.75887713300524,True,7.788073918311031,2838271.0,2838700.0,2839459.0,2840614.0,36
y1_d169_BTL_ARN,109.0,,,,,,,,False,,3398941.0,3399469.0,,,
y1_d169_BTL_ARN,152.0,,,,,,,,False,,4718447.0,4718942.0,,,
y1_d169_BTL_ARN,153.0,,,,,,,,False,,4736663.0,4737191.0,,,
y1_d169_BTL_ARN,208.0,,,,,,,,False,,6504079.0,,,,
y1_d169_BTL_ARN,224.0,,,,,,,,False,,7176191.0,7176620.0,,,
y1_d169_BTL_ARN,236.0,,,,,,,,False,,7788110.0,7788605.0,,,
y1_d169_BTL_ARN,238.0,,,,,,,,False,,7851669.0,7852164.0,,,
y1_d169_BTL_ARN,267.0,Safe,,1.683,,,,,False,,8861536.0,8862031.0,8863714.0,,
y1_d169_EMB_ANI,23.0,,,,,,,,False,,642409.0,642904.0,,,
y1_d169_EMB_ANI,24.0,,,,,,,,False,,665113.0,665575.0,,,
y1_d169_EMB_ANI,25.0,,,,,,,,False,,686728.0,687157.0,,,
y1_d169_EMB_ANI,52.0,,,,,,,,False,,1614227.0,1614788.0,,,
y1_d169_EMB_ANI,64.0,,,,,,,,False,,1972145.0,1972607.0,,,
y1_d169_EMB_ANI,66.0,,,,,,,,False,,2023988.0,2024483.0,,,
y1_d169_EMB_ANI,81.0,,,,,,,,False,,2535159.0,2535621.0,,,
y1_d169_EMB_ANI,82.0,,,,,,,,False,,2555058.0,2555487.0,,,
y1_d169_EMB_ANI,83.0,,,,,,,,False,,2578752.0,2579181.0,,,
y1_d169_EMB_ANI,85.0,,,,,,,,False,,2633598.0,2634060.0,,,
y1_d169_EMB_ANI,92.0,,,,,,,,False,,2805198.0,2805660.0,,,
y1_d169_EMB_ANI,142.0,,,,,,,,False,,4520738.0,4521200.0,,,
y1_d169_EMB_ANI,143.0,,,,,,,,False,,4540340.0,4540802.0,,,
y1_d169_EMB_ANI,145.0,,,,,,,,False,,4602083.0,4602545.0,,,
y1_d169_EMB_ANI,163.0,,,,,,,,False,,5178857.0,5179352.0,,,
y1_d169_EMB_ANI,164.0,,,,,,,,False,,5207039.0,5207501.0,,,
y1_d169_EMB_ANI,165.0,,,,,,,,False,,5227334.0,5227796.0,,,
y1_d169_EMB_ANI,166.0,,,,,,,,False,,5249609.0,5250137.0,,,
y1_d169_EMB_ANI,207.0,,,,,,,,False,,6959836.0,6960298.0,,,
y1_d169_EMB_ANI,211.0,,,,,,,,False,,7063885.0,7064347.0,,,
y1_d169_EMB_ANI,212.0,,,,,,,,False,,7089724.0,7090186.0,,,
y1_d169_EMB_ANI,214.0,,,,,,,,False,,7150708.0,7151170.0,,,
y1_d169_EMB_ANI,218.0,,,,,,,,False,,7290595.0,7291090.0,,,
y1_d169_EMB_ANI,219.0,,,,,,,,False,,7331911.0,7332340.0,,,
y1_d169_EMB_ANI,220.0,,,,,,,,False,,7351348.0,7351843.0,,,
y1_d169_EMB_ANI,222.0,,,,,,,,False,,7390123.0,7390585.0,,,
y1_d169_EMB_ANI,223.0,,,,,,,,False,,7434211.0,7434706.0,,,
y1_d169_EMB_ANI,224.0,,,,,,,,False,,7460150.0,7460612.0,,,
y1_d169_EMB_ANI,225.0,,,,,,,,False,,7492622.0,7493117.0,,,
y1_d169_EMB_ANI,262.0,,,,,,,,False,,8916804.0,8917266.0,,,
y1_d169_EMB_ANI,263.0,,,,,,,,False,,8937495.0,8938023.0,,,
y1_d169_MPC_PHD,24.0,,,,,,,,False,,609176.0,609638.0,,,
y1_d169_MPC_PHD,50.0,,,,,,,,False,,1402332.0,1402794.0,,,
y1_d169_MPC_PHD,88.0,,,,,,,,False,,2621485.0,2621947.0,,,
y1_d169_MPC_PHD,90.0,,,,,,,,False,,2683129.0,2683624.0,,,
y1_d169_MPC_PHD,91.0,,,,,,,,False,,2700289.0,2700784.0,,,
y1_d169_MPC_PHD,118.0,,,,,,,,False,,3495722.0,3496250.0,,,
y1_d169_MPC_PHD,119.0,,,,,,,,False,,3513674.0,3514136.0,,,
y1_d169_MPC_PHD,120.0,,,,,,,,False,,3534200.0,3534695.0,,,
y1_d169_MPC_PHD,121.0,,,,,,,,False,,3553736.0,3554264.0,,,
y1_d169_MPC_PHD,122.0,,,,,,,,False,,3575120.0,3575648.0,,,
y1_d169_MPC_PHD,123.0,,,,,,,,False,,3613202.0,3613664.0,,,
y1_d169_MPC_PHD,135.0,,,,,,,,False,,4165292.0,4165787.0,,,
y1_d169_MPC_PHD,136.0,,,,,,,,False,,4182222.0,4182750.0,,,
y1_d169_MPC_PHD,138.0,,,,,,,,False,,4226475.0,4227003.0,,,
y1_d169_MPC_PHD,163.0,,,,,,,,False,,5055732.0,5056227.0,,,
y1_d169_MPC_PHD,165.0,,,,,,,,False,,5113911.0,5114439.0,,,
y1_d169_MPC_PHD,193.0,,,,,,,,False,,6039892.0,6040387.0,,,
y1_d169_MPC_PHD,194.0,,,,,,,,False,,6060616.0,6061144.0,,,
y1_d169_MPC_PHD,195.0,,,,,,,,False,,6084442.0,6084937.0,,,
y1_d169_MPC_PHD,197.0,,,,,,,,False,,6271520.0,6272015.0,,,
y1_d169_MPC_PHD,218.0,,,,,,,,False,,7012931.0,7013459.0,,,
y1_d169_MPC_PHD,219.0,,,,,,,,False,,7030223.0,7030718.0,,,
y1_d169_MPC_PHD,221.0,,,,,,,,False,,7067381.0,7067909.0,,,
y1_d169_MPC_PHD,222.0,,,,,,,,False,,7095827.0,7096322.0,,,
y1_d169_MPC_PHD,230.0,,,,,,,,False,,7403025.0,7403553.0,,,
y1_d169_MPC_PHD,231.0,,,,,,,,False,,7423320.0,7423815.0,,,
y1_d169_MPC_PHD,232.0,,,,,,,,False,,7443714.0,7444176.0,,,
y1_d169_MPC_PHD,233.0,,,,,,,,False,,7474272.0,7474800.0,,,
y1_d169_MPC_PHD,234.0,,,,,,,,False,,7493148.0,7493676.0,,,
y1_d169_MPC_PHD,235.0,,,,,,,,False,,7514796.0,7515258.0,,,
y1_d169_MPC_PHD,236.0,,,,,,,,False,,7544925.0,7545420.0,,,
y1_d169_MPC_PHD,237.0,,,,,,,,False,,7565913.0,7566441.0,,,
y1_d169_MPC_PHD,238.0,,,,,,,,False,,7583568.0,7584096.0,,,
y1_d169_MPC_PHD,248.0,,,,,,,,False,,8036526.0,8037120.0,,,
y1_d169_MPC_PHD,250.0,,,,,,,,False,,8097015.0,8097510.0,,,
y1_d169_MPC_PHD,251.0,,,,,,,,False,,8117112.0,8117640.0,,,
y1_d169_MPC_PHD,253.0,,,,,,,,False,,8161563.0,8162124.0,,,
y1_d169_MPC_PHD,267.0,,,,,,,,False,,8737282.0,8737777.0,,,
y1_d169_MPC_PHD,270.0,,,,,,,,False,,8809519.0,8810014.0,,,
y1_d169_MPC_PHD,271.0,,,,,,,,False,,8825986.0,8826481.0,,,
y1_d169_MPC_PHD,272.0,,,,,,,,False,,8842222.0,8842717.0,,,
y1_d169_MPC_PHD,273.0,,,,,,,,False,,8857006.0,8857468.0,,,
y1_d169_MPC_PHD,275.0,,,,,,,,False,,8909905.0,8910367.0,,,
y1_d169_MPC_PHD,277.0,,,,,,,,False,,8969932.0,8970394.0,,,
y1_d171_IGL_ANI,17.0,,,,,,,,False,,526572.0,527172.0,,,
y1_d171_IGL_ANI,18.0,,,,,,,,False,,549372.0,549922.0,,,
y1_d171_IGL_ANI,20.0,,,,,,,,False,,618022.0,618572.0,,,
y1_d171_IGL_ANI,22.0,,,,,,,,False,,650772.0,651272.0,,,
y1_d171_IGL_ANI,23.0,,,,,,,,False,,671822.0,672372.0,,,
y1_d171_IGL_ANI,25.0,,,,,,,,False,,716122.0,716622.0,,,
y1_d171_IGL_ANI,26.0,,,,,,,,False,,735022.0,735522.0,,,
y1_d171_IGL_ANI,69.0,,,,,,,,False,,2265622.0,2266122.0,,,
y1_d171_IGL_ANI,70.0,,,,,,,,False,,2285622.0,2286122.0,,,
y1_d171_IGL_ANI,72.0,,,,,,,,False,,2355272.0,2355822.0,,,
y1_d171_IGL_ANI,74.0,,,,,,,,False,,2425572.0,2426072.0,,,
y1_d171_IGL_ANI,75.0,,,,,,,,False,,2447522.0,2448072.0,,,
y1_d171_IGL_ANI,76.0,,,,,,,,False,,2469422.0,2469872.0,,,
y1_d171_IGL_ANI,77.0,,,,,,,,False,,2490672.0,2491122.0,,,
y1_d171_IGL_ANI,78.0,,,,,,,,False,,2514022.0,2514522.0,,,
y1_d171_IGL_ANI,156.0,,,,,,,,False,,5304372.0,5304872.0,,,
y1_d171_IGL_ANI,158.0,,,,,,,,False,,5375772.0,5376272.0,,,
y1_d171_IGL_ANI,159.0,,,,,,,,False,,5399272.0,5399722.0,,,
y1_d171_IGL_ANI,161.0,,,,,,,,False,,5454322.0,5454822.0,,,
y1_d171_IGL_ANI,162.0,,,,,,,,False,,5494022.0,5494522.0,,,
y1_d171_IGL_ANI,163.0,,,,,,,,False,,5515272.0,5515722.0,,,
y1_d171_IGL_ANI,164.0,,,,,,,,False,,5541222.0,5541672.0,,,
y1_d171_IGL_ANI,188.0,,,,,,,,False,,6400022.0,6400522.0,,,
y1_d171_IGL_ANI,191.0,,,,,,,,False,,6483672.0,6484222.0,,,
y1_d171_IGL_ANI,192.0,,,,,,,,False,,6518872.0,6519422.0,,,
y1_d171_IGL_ANI,194.0,,,,,,,,False,,6572172.0,6572572.0,,,
y1_d171_IGL_ANI,195.0,,,,,,,,False,,6595672.0,6596172.0,,,
y1_d171_IGL_ANI,196.0,,,,,,,,False,,6621222.0,6621672.0,,,
y1_d171_IGL_ANI,212.0,,,,,,,,False,,7222472.0,7222922.0,,,
y1_d171_IGL_ANI,213.0,,,,,,,,False,,7240772.0,7241272.0,,,
y1_d171_IGL_ANI,214.0,,,,,,,,False,,7262372.0,7262922.0,,,
y1_d171_IGL_ANI,215.0,,,,,,,,False,,7289072.0,7289572.0,,,
y1_d171_IGL_ANI,216.0,,,,,,,,False,,7310522.0,7311022.0,,,
y1_d171_IGL_ANI,237.0,,,,,,,,False,,8347272.0,8347772.0,,,
y1_d171_IGL_ANI,238.0,,,,,,,,False,,8368022.0,8368472.0,,,
y1_d171_IGL_ANI,239.0,,,,,,,,False,,8391572.0,8392022.0,,,
y1_d171_IGL_ANI,245.0,,,,,,,,False,,8572322.0,8572772.0,,,
y1_d171_IGL_ANI,246.0,,,,,,,,False,,8589672.0,8590122.0,,,
y1_d171_IGL_ANI,257.0,,,,,,,,False,,9065672.0,9066172.0,,,
y1_d171_IGL_ANI,259.0,,,,,,,,False,,9110122.0,9110572.0,,,
y1_d171_IGL_ANI,260.0,,,,,,,,False,,9132472.0,9133022.0,,,
y1_d171_IGL_ANI,263.0,,,,,,,,False,,9221822.0,9222372.0,,,
y1_d171_IGL_ANI,266.0,,,,,,,,False,,9328272.0,9328722.0,,,
y1_d171_IGL_ANI,267.0,,,,,,,,False,,9345972.0,9346422.0,,,
y1_d171_IGL_ANI,268.0,,,,,,,,False,,9373022.0,9373472.0,,,
y1_d171_IGL_ANI,269.0,,,,,,,,False,,9407372.0,9407822.0,,,
y1_d171_IGL_ANI,270.0,,,,,,,,False,,9450122.0,9450572.0,,,
y1_d171_IGL_ANI,273.0,,,,,,,,False,,9634322.0,9634872.0,,,
y1_d171_IGL_ANI,276.0,,,,,,,,False,,9713072.0,9713622.0,,,
y1_d171_IGL_ANI,281.0,,,,,,,,False,,9962422.0,,,,
y1_d171_IGL_ANI,282.0,,,,,,,,False,,9993222.0,9993672.0,,,
y1_d171_IGL_ANI,295.0,,,,,,,,False,,10488822.0,10489222.0,,,
y1_d171_IGL_ANI,296.0,,,,,,,,False,,10506272.0,10506722.0,,,
y1_d171_IGL_ANI,297.0,,,,,,,,False,,10528672.0,10529222.0,,,
y1_d171_OWV_VAS,34.0,,,,,,,,False,,1108459.0,1108959.0,,,
y1_d171_OWV_VAS,35.0,,,,,,,,False,,1129509.0,1129959.0,,,
y1_d171_OWV_VAS,36.0,,,,,,,,False,,1153609.0,1154059.0,,,
y1_d171_OWV_VAS,80.0,,,,,,,,False,,2575609.0,2576109.0,,,
y1_d171_OWV_VAS,81.0,,,,,,,,False,,2597109.0,2597609.0,,,
y1_d171_OWV_VAS,85.0,,,,,,,,False,,2710359.0,2710859.0,,,
y1_d171_OWV_VAS,87.0,,,,,,,,False,,2784709.0,2785209.0,,,
y1_d171_OWV_VAS,88.0,,,,,,,,False,,2805459.0,2805959.0,,,
y1_d171_OWV_VAS,90.0,,,,,,,,False,,2854909.0,2858159.0,,,
y1_d171_OWV_VAS,105.0,,,,,,,,False,,3417809.0,3418309.0,,,
y1_d171_OWV_VAS,106.0,,,0.6,,,,,False,,3433909.0,3434359.0,3434959.0,,
y1_d171_OWV_VAS,109.0,,,,,,,,False,,3499009.0,3499509.0,,,
y1_d171_OWV_VAS,111.0,,,,,,,,False,,3564509.0,3565009.0,,,
y1_d171_OWV_VAS,114.0,,,,,,,,False,,3631609.0,3632159.0,,,
y1_d171_OWV_VAS,115.0,,,,,,,,False,,3651859.0,3652409.0,,,
y1_d171_OWV_VAS,117.0,,,,,,,,False,,3715359.0,3715909.0,,,
y1_d171_OWV_VAS,127.0,,,,,,,,False,,4086459.0,4086959.0,,,
y1_d171_OWV_VAS,133.0,,,,,,,,False,,4268959.0,4269459.0,,,
y1_d171_OWV_VAS,139.0,,,,,,,,False,,4460209.0,4460759.0,,,
y1_d171_OWV_VAS,140.0,,,,,,,,False,,4482409.0,4482859.0,,,
y1_d171_OWV_VAS,141.0,,,,,,,,False,,4501409.0,4501909.0,,,
y1_d171_OWV_VAS,142.0,,,,,,,,False,,4521659.0,4522109.0,,,
y1_d171_OWV_VAS,149.0,,,,,,,,False,,4801309.0,4801759.0,,,
y1_d171_OWV_VAS,150.0,,,,,,,,False,,4816359.0,4816809.0,,,
y1_d171_OWV_VAS,152.0,,,,,,,,False,,4873709.0,4874209.0,,,
y1_d171_OWV_VAS,153.0,,,,,,,,False,,4894459.0,4894959.0,,,
y1_d171_OWV_VAS,219.0,,,,,,,,False,,7108209.0,7108709.0,,,
y1_d171_OWV_VAS,220.0,,,,,,,,False,,7127859.0,7128359.0,,,
y1_d171_OWV_VAS,223.0,,,,,,,,False,,7183709.0,7184259.0,,,
y1_d171_OWV_VAS,224.0,,,,,,,,False,,7206609.0,7207209.0,,,
y1_d171_OWV_VAS,226.0,,,,,,,,False,,7271559.0,7272109.0,,,
y1_d171_OWV_VAS,227.0,,,,,,,,False,,7290859.0,7291409.0,,,
y1_d171_OWV_VAS,228.0,,,,,,,,False,,7310709.0,7311309.0,,,
y1_d171_OWV_VAS,230.0,,,,,,,,False,,7367809.0,7368359.0,,,
y1_d171_OWV_VAS,232.0,,,,,,,,False,,7421659.0,7422309.0,,,
y1_d171_OWV_VAS,256.0,,,,,,,,False,,8326909.0,8327409.0,,,
y1_d171_OWV_VAS,257.0,,,,,,,,False,,8348459.0,8349009.0,,,
y1_d171_OWV_VAS,260.0,,,,,,,,False,,8469759.0,,,,
y1_d171_OWV_VAS,300.0,,,,,,,,False,,9850809.0,9851309.0,,,
y1_d171_OWV_VAS,302.0,,,,,,,,False,,9905909.0,9906459.0,,,
y1_d171_OWV_VAS,303.0,,,,,,,,False,,9919709.0,9920209.0,,,
y1_d171_OWV_VAS,305.0,,,,,,,,False,,9960659.0,9961159.0,,,
y1_d171_OWV_VAS,306.0,,,,,,,,False,,9979359.0,9979909.0,,,
y1_d171_OWV_VAS,314.0,,,,,,,,False,,10284659.0,10285609.0,,,
y1_d171_OWV_VAS,315.0,,,,,,,,False,,10295109.0,,,,
y1_d171_OWV_VAS,328.0,,,,,,,,False,,10546759.0,10547609.0,,,
y1_d171_OWV_VAS,329.0,,,,,,,,False,,10555459.0,10556309.0,,,
y1_d171_OWV_VAS,330.0,,,,,,,,False,,10563859.0,10564759.0,,,
y1_d171_OWV_VAS,331.0,,,,,,,,False,,10572409.0,10573309.0,,,
y1_d172_IGL_ANI,37.0,,,,,,,,False,,996569.0,997019.0,,,
y1_d172_IGL_ANI,38.0,,,,,,,,False,,1020369.0,1020819.0,,,
y1_d172_IGL_ANI,39.0,,,,,,,,False,,1048469.0,1049019.0,,,
y1_d172_IGL_ANI,60.0,,,,,,,,False,,1728769.0,1729319.0,,,
y1_d172_IGL_ANI,61.0,,,,,,,,False,,1746419.0,1746869.0,,,
y1_d172_IGL_ANI,62.0,,,,,,,,False,,1765969.0,1766469.0,,,
y1_d172_IGL_ANI,64.0,,,,,,,,False,,1829419.0,1829869.0,,,
y1_d172_IGL_ANI,65.0,,,,,,,,False,,1847169.0,1847669.0,,,
y1_d172_IGL_ANI,66.0,,,,,,,,False,,1865519.0,,,,
y1_d172_IGL_ANI,67.0,,,,,,,,False,,1914819.0,1915269.0,,,
y1_d172_IGL_ANI,70.0,,,,,,,,False,,2008119.0,2008569.0,,,
y1_d172_IGL_ANI,80.0,,,,,,,,False,,2394319.0,2394869.0,,,
y1_d172_IGL_ANI,81.0,,,,,,,,False,,2414169.0,2414619.0,,,
y1_d172_IGL_ANI,84.0,,,,,,,,False,,2515119.0,2515569.0,,,
y1_d172_IGL_ANI,85.0,,,,,,,,False,,2540219.0,2540669.0,,,
y1_d172_IGL_ANI,87.0,,,,,,,,False,,2596219.0,2596719.0,,,
y1_d172_IGL_ANI,88.0,,,,,,,,False,,2622319.0,2622819.0,,,
y1_d172_IGL_ANI,148.0,,,,,,,,False,,4786269.0,4786769.0,,,
y1_d172_IGL_ANI,157.0,,,,,,,,False,,5185269.0,5185819.0,,,
y1_d172_IGL_ANI,163.0,,,,,,,,False,,5534569.0,5535069.0,,,
y1_d172_IGL_ANI,164.0,,,,,,,,False,,5562469.0,5562919.0,,,
y1_d172_IGL_ANI,169.0,,,,,,,,False,,5679319.0,5679769.0,,,
y1_d172_IGL_ANI,219.0,,,,,,,,False,,7588719.0,7589169.0,,,
y1_d172_IGL_ANI,220.0,,,,,,,,False,,7615269.0,7615769.0,,,
y1_d172_IGL_ANI,246.0,,,,,,,,False,,8550519.0,8551069.0,,,
y1_d172_IGL_ANI,247.0,,,,,,,,False,,8568119.0,8568669.0,,,
y1_d172_IGL_ANI,261.0,,,,,,,,False,,9105119.0,9105569.0,,,
y1_d172_IGL_ANI,262.0,,,,,,,,False,,9131619.0,9132119.0,,,
y1_d172_IGL_ANI,282.0,,,,,,,,False,,9801719.0,9802219.0,,,
y1_d172_IGL_ANI,289.0,,,,,,,,False,,10141869.0,10142319.0,,,
y1_d172_IGL_ANI,292.0,,,,,,,,False,,10217319.0,10217819.0,,,
y1_d172_IGL_ANI,293.0,,,,,,,,False,,10238319.0,10238769.0,,,
y1_d172_IGL_ANI,295.0,,,,,,,,False,,10292119.0,10292569.0,,,
y1_d172_IGL_ANI,301.0,,,,,,,,False,,10594319.0,10594769.0,,,
y1_d172_IGL_ANI,302.0,,,,,,,,False,,10612219.0,10612669.0,,,
y1_d172_IGL_ANI,303.0,,,,,,,,False,,10632169.0,10632719.0,,,
y1_d172_IGL_ANI,305.0,,,,,,,,False,,10683369.0,10683819.0,,,
y1_d172_IGL_ANI,307.0,,,,,,,,False,,10737969.0,10738519.0,,,
y1_d172_IGL_ANI,308.0,,,,,,,,False,,10761869.0,10762319.0,,,
y1_d172_IGL_ANI,321.0,,,,,,,,False,,11225969.0,11226419.0,,,
y1_d172_IGL_ANI,322.0,,,,,,,,False,,11251769.0,11252219.0,,,
y1_d172_IGL_ANI,323.0,,,,,,,,False,,11272119.0,11272619.0,,,
y1_d172_IGL_ANI,324.0,,,,,,,,False,,11291469.0,11291919.0,,,
y1_d172_IGL_ANI,344.0,,,,,,,,False,,12083369.0,12083819.0,,,
y1_d172_IGL_ANI,345.0,,,,,,,,False,,12105619.0,12106069.0,,,
y1_d172_IGL_ANI,349.0,,,,,,,,False,,12227319.0,12227819.0,,,
y1_d172_IGL_ANI,350.0,,,,,,,,False,,12255919.0,12256419.0,,,
y1_d172_IGL_ANI,351.0,,,,,,,,False,,12292019.0,12292469.0,,,
y1_d172_IGL_ANI,352.0,,,,,,,,False,,12313869.0,12314369.0,,,
y1_d172_IGL_ANI,354.0,,,,,,,,False,,12370419.0,12370869.0,,,
y1_d172_IGL_ANI,355.0,,,,,,,,False,,12397669.0,12398169.0,,,
y1_d172_IGL_ANI,356.0,,,,,,,,False,,12424569.0,12425069.0,,,
y1_d172_OWV_VAS,7.0,,,,,,,,False,,170109.0,170609.0,,,
y1_d172_OWV_VAS,9.0,,,,,,,,False,,212059.0,212509.0,,,
y1_d172_OWV_VAS,10.0,,,,,,,,False,,232209.0,232709.0,,,
y1_d172_OWV_VAS,11.0,,,,,,,,False,,263709.0,264209.0,,,
y1_d172_OWV_VAS,12.0,,,,,,,,False,,280109.0,280609.0,,,
y1_d172_OWV_VAS,13.0,,,,,,,,False,,297159.0,297659.0,,,
y1_d172_OWV_VAS,14.0,,,,,,,,False,,312859.0,313309.0,,,
y1_d172_OWV_VAS,34.0,,,,,,,,False,,980523.0,981073.0,,,
y1_d172_OWV_VAS,39.0,,,,,,,,False,,1128673.0,1129173.0,,,
y1_d172_OWV_VAS,40.0,,,,,,,,False,,1144973.0,1145423.0,,,
y1_d172_OWV_VAS,42.0,,,,,,,,False,,1204323.0,1204823.0,,,
y1_d172_OWV_VAS,44.0,,,,,,,,False,,1245023.0,1245523.0,,,
y1_d172_OWV_VAS,47.0,,,,,,,,False,,1323623.0,1324073.0,,,
y1_d172_OWV_VAS,52.0,,,,,,,,False,,1573273.0,1573823.0,,,
y1_d172_OWV_VAS,53.0,,,,,,,,False,,1590023.0,1590523.0,,,
y1_d172_OWV_VAS,55.0,,,,,,,,False,,1626023.0,1626523.0,,,
y1_d172_OWV_VAS,77.0,,,,,,,,False,,2240823.0,2241323.0,,,
y1_d172_OWV_VAS,91.0,,,,,,,,False,,2657523.0,2658023.0,,,
y1_d172_OWV_VAS,93.0,,,,,,,,False,,2702473.0,2702973.0,,,
y1_d172_OWV_VAS,179.0,,,,,,,,False,,5446073.0,5446523.0,,,
y1_d172_OWV_VAS,180.0,,,,,,,,False,,5481473.0,5481973.0,,,
y1_d172_OWV_VAS,181.0,,1.9,0.6,1.3,77.56814535369737,76.62112956668533,68.97775122506535,True,3.4158866047689664,5504323.0,5504823.0,5505423.0,5506723.0,27
y1_d172_OWV_VAS,182.0,,,,,,,,False,,5538023.0,,,,
y1_d172_OWV_VAS,183.0,,,,,,,,False,,5689823.0,5690323.0,,,
y1_d172_OWV_VAS,184.0,,1.95,0.6,1.35,75.47967128210922,74.51340547230078,66.68310569496222,True,3.1204130043194644,5705723.0,5706223.0,5706823.0,5708173.0,28
y1_d172_OWV_VAS,194.0,,,,,,,,False,,6103723.0,6104223.0,,,
y1_d172_OWV_VAS,195.0,,,,,,,,False,,6127573.0,6128073.0,,,
y1_d172_OWV_VAS,196.0,,,,,,,,False,,6151523.0,6152023.0,,,
y1_d172_OWV_VAS,197.0,,,,,,,,False,,6174723.0,6175173.0,,,
y1_d172_OWV_VAS,198.0,,,,,,,,False,,6198973.0,6199423.0,,,
y1_d172_OWV_VAS,199.0,,,,,,,,False,,6225323.0,6225773.0,,,
y1_d172_OWV_VAS,225.0,,,,,,,,False,,7085073.0,7085573.0,,,
y1_d172_OWV_VAS,238.0,,,,,,,,False,,7590373.0,7590823.0,,,
y1_d172_OWV_VAS,239.0,,,,,,,,False,,7615373.0,7615923.0,,,
y1_d172_OWV_VAS,240.0,,1.9,0.7,1.2,79.84183512989891,79.16371378864564,73.87862292978363,True,0.4076915762062614,7636973.0,7637473.0,7638173.0,7639373.0,25
y1_d172_OWV_VAS,241.0,,,,,,,,False,,7677423.0,7677923.0,,,
y1_d172_OWV_VAS,242.0,,,,,,,,False,,7704173.0,7704623.0,,,
y1_d172_OWV_VAS,258.0,,,,,,,,False,,8267723.0,8268323.0,,,
y1_d172_OWV_VAS,259.0,,,,,,,,False,,8287573.0,8288023.0,,,
y1_d172_OWV_VAS,260.0,,,,,,,,False,,8307873.0,8308373.0,,,
y1_d172_OWV_VAS,261.0,,2.05,0.65,1.4,70.41287536607155,70.05493784837631,59.36204853049263,True,4.017436350523399,8327623.0,8328073.0,8328723.0,8330123.0,29
y1_d172_OWV_VAS,294.0,,,,,,,,False,,9490223.0,9490723.0,,,
y1_d172_OWV_VAS,295.0,,,,,,,,False,,9509573.0,9510123.0,,,
y1_d172_OWV_VAS,297.0,,,,,,,,False,,9547873.0,9548373.0,,,
y1_d172_OWV_VAS,298.0,,,,,,,,False,,9570823.0,9571323.0,,,
y1_d172_OWV_VAS,299.0,,,,,,,,False,,9593423.0,9593973.0,,,
y1_d173_IGL_ANI,17.0,,,,,,,,False,,381632.0,382082.0,,,
y1_d173_IGL_ANI,19.0,,,,,,,,False,,435932.0,436382.0,,,
y1_d173_IGL_ANI,22.0,,,,,,,,False,,653532.0,653982.0,,,
y1_d173_IGL_ANI,23.0,,,,,,,,False,,669532.0,669982.0,,,
y1_d173_IGL_ANI,24.0,,,,,,,,False,,685932.0,686382.0,,,
y1_d173_IGL_ANI,25.0,,,,,,,,False,,706182.0,706632.0,,,
y1_d173_IGL_ANI,27.0,,,,,,,,False,,749032.0,749482.0,,,
y1_d173_IGL_ANI,28.0,,,,,,,,False,,780432.0,780882.0,,,
y1_d173_IGL_ANI,29.0,,1.5,0.55,0.95,84.47993460424514,83.7996673890411,78.14348259526597,True,3.3590644401266627,795532.0,797882.0,798432.0,799382.0,20
y1_d173_IGL_ANI,30.0,,,,,,,,False,,833482.0,833932.0,,,
y1_d173_IGL_ANI,31.0,,,,,,,,False,,852982.0,853432.0,,,
y1_d173_IGL_ANI,45.0,,,,,,,,False,,1307132.0,1307582.0,,,
y1_d173_IGL_ANI,46.0,,,,,,,,False,,1328132.0,1328682.0,,,
y1_d173_IGL_ANI,63.0,,,,,,,,False,,2000482.0,2000982.0,,,
y1_d173_IGL_ANI,64.0,,,,,,,,False,,2021332.0,2021882.0,,,
y1_d173_IGL_ANI,69.0,,,,,,,,False,,2175682.0,2176132.0,,,
y1_d173_IGL_ANI,92.0,,,,,,,,False,,2941432.0,2943682.0,,,
y1_d173_IGL_ANI,107.0,,,,,,,,False,,3393082.0,3393582.0,,,
y1_d173_IGL_ANI,108.0,,,,,,,,False,,3416832.0,3417332.0,,,
y1_d173_IGL_ANI,110.0,,,0.6,,,,,False,,3464032.0,3464532.0,3465132.0,,
y1_d173_IGL_ANI,112.0,,,,,,,,False,,3528332.0,3528782.0,,,
y1_d173_IGL_ANI,136.0,,,,,,,,False,,4386532.0,4387032.0,,,
y1_d173_IGL_ANI,137.0,,,,,,,,False,,4406182.0,4406682.0,,,
y1_d173_IGL_ANI,139.0,,,,,,,,False,,4452732.0,4453282.0,,,
y1_d173_IGL_ANI,141.0,,,,,,,,False,,4497082.0,4497532.0,,,
y1_d173_IGL_ANI,142.0,,,,,,,,False,,4516332.0,4516832.0,,,
y1_d173_IGL_ANI,149.0,,,,,,,,False,,4732282.0,4732832.0,,,
y1_d173_IGL_ANI,150.0,,,,,,,,False,,4749232.0,4749682.0,,,
y1_d173_IGL_ANI,151.0,,,,,,,,False,,4770582.0,4771082.0,,,
y1_d173_IGL_ANI,152.0,,,,,,,,False,,4789232.0,4789682.0,,,
y1_d173_IGL_ANI,153.0,,,,,,,,False,,4806282.0,4806732.0,,,
y1_d173_IGL_ANI,154.0,,,,,,,,False,,4823232.0,4823632.0,,,
y1_d173_IGL_ANI,175.0,Safe,8.35,0.65,7.7,82.47596562399966,78.42517654259561,37.61438821704718,False,28.143642724674418,5797482.0,5797982.0,5798632.0,5806332.0,118
y1_d173_IGL_ANI,178.0,,,,,,,,False,,5903982.0,5904482.0,,,
y1_d173_IGL_ANI,179.0,,,,,,,,False,,5918582.0,5919032.0,,,
y1_d173_IGL_ANI,180.0,,,,,,,,False,,5934482.0,5934932.0,,,
y1_d173_IGL_ANI,181.0,,,,,,,,False,,5953932.0,5954382.0,,,
y1_d173_IGL_ANI,183.0,,,,,,,,False,,5998532.0,5998982.0,,,
y1_d173_IGL_ANI,197.0,,,,,,,,False,,6585732.0,,,,
y1_d173_IGL_ANI,211.0,,,,,,,,False,,7106332.0,7106782.0,,,
y1_d173_IGL_ANI,225.0,,,,,,,,False,,7631882.0,7632332.0,,,
y1_d173_IGL_ANI,226.0,,,,,,,,False,,7645932.0,7646432.0,,,
y1_d173_IGL_ANI,228.0,,,,,,,,False,,7699982.0,7700482.0,,,
y1_d173_IGL_ANI,230.0,,,,,,,,False,,7747732.0,7748232.0,,,
y1_d173_IGL_ANI,231.0,,,,,,,,False,,7767232.0,7767682.0,,,
y1_d173_IGL_ANI,232.0,,,,,,,,False,,7788532.0,7788982.0,,,
y1_d173_IGL_ANI,281.0,,,,,,,,False,,9457382.0,9457832.0,,,
y1_d173_IGL_ANI,282.0,,,,,,,,False,,9476682.0,9477132.0,,,
y1_d173_IGL_ANI,283.0,,,,,,,,False,,9496182.0,9496682.0,,,
y1_d173_IGL_ANI,285.0,,,,,,,,False,,9553982.0,9554482.0,,,
y1_d173_IGL_ANI,286.0,,,,,,,,False,,9570832.0,9571282.0,,,
y1_d173_IGL_ANI,287.0,,,,,,,,False,,9589832.0,9590332.0,,,
y1_d173_IGL_ANI,289.0,,,,,,,,False,,9647432.0,9647832.0,,,
y1_d173_IGL_ANI,290.0,,,,,,,,False,,9670282.0,9670782.0,,,
y1_d173_IGL_ANI,293.0,,,,,,,,False,,9760932.0,9761432.0,,,
y1_d173_IGL_ANI,294.0,,,,,,,,False,,9783382.0,9783832.0,,,
y1_d173_IGL_ANI,295.0,,,,,,,,False,,9801332.0,9801832.0,,,
y1_d173_OWV_VAS,22.0,,,,,,,,False,,746984.0,747484.0,,,
y1_d173_OWV_VAS,23.0,,,,,,,,False,,768084.0,768634.0,,,
y1_d173_OWV_VAS,24.0,,,,,,,,False,,798784.0,799284.0,,,
y1_d173_OWV_VAS,25.0,,,,,,,,False,,820334.0,820834.0,,,
y1_d173_OWV_VAS,30.0,,,,,,,,False,,947634.0,948084.0,,,
y1_d173_OWV_VAS,49.0,,,,,,,,False,,1694334.0,1694834.0,,,
y1_d173_OWV_VAS,50.0,,,,,,,,False,,1717334.0,1717784.0,,,
y1_d173_OWV_VAS,52.0,,,,,,,,False,,1766434.0,1766934.0,,,
y1_d173_OWV_VAS,53.0,,,,,,,,False,,1801284.0,1801734.0,,,
y1_d173_OWV_VAS,54.0,,,,,,,,False,,1823134.0,1823634.0,,,
y1_d173_OWV_VAS,56.0,,,,,,,,False,,1880334.0,1880834.0,,,
y1_d173_OWV_VAS,57.0,,,,,,,,False,,1904184.0,1904634.0,,,
y1_d173_OWV_VAS,60.0,,,,,,,,False,,2100134.0,2100684.0,,,
y1_d173_OWV_VAS,68.0,,,,,,,,False,,2450484.0,2450984.0,,,
y1_d173_OWV_VAS,69.0,,,,,,,,False,,2473684.0,2474134.0,,,
y1_d173_OWV_VAS,76.0,,,,,,,,False,,2649584.0,2650034.0,,,
y1_d173_OWV_VAS,104.0,,,,,,,,False,,3683634.0,3684134.0,,,
y1_d173_OWV_VAS,105.0,,,,,,,,False,,3709434.0,3709884.0,,,
y1_d173_OWV_VAS,106.0,,,,,,,,False,,3728184.0,3728634.0,,,
y1_d173_OWV_VAS,107.0,,,,,,,,False,,3749334.0,3749784.0,,,
y1_d173_OWV_VAS,108.0,,,,,,,,False,,3770184.0,3770684.0,,,
y1_d173_OWV_VAS,169.0,,,,,,,,False,,5829784.0,5830234.0,,,
y1_d173_OWV_VAS,171.0,,,,,,,,False,,5911834.0,5912284.0,,,
y1_d173_OWV_VAS,172.0,,,,,,,,False,,5928634.0,5929184.0,,,
y1_d173_OWV_VAS,173.0,,,,,,,,False,,5946384.0,5946834.0,,,
y1_d173_OWV_VAS,174.0,,,,,,,,False,,5967984.0,5968434.0,,,
y1_d173_OWV_VAS,175.0,,,,,,,,False,,5983584.0,5984034.0,,,
y1_d173_OWV_VAS,176.0,,,,,,,,False,,6016384.0,6016834.0,,,
y1_d173_OWV_VAS,204.0,,,,,,,,False,,7105684.0,7106234.0,,,
y1_d173_OWV_VAS,205.0,,,,,,,,False,,7134884.0,7135434.0,,,
y1_d173_OWV_VAS,206.0,,,,,,,,False,,7171684.0,7172134.0,,,
y1_d173_OWV_VAS,208.0,,,,,,,,False,,7233484.0,7234034.0,,,
y1_d173_OWV_VAS,212.0,,,0.65,,,,,False,,7335184.0,7335734.0,7336384.0,,
y1_d173_OWV_VAS,231.0,,,,,,,,False,,8186734.0,8187184.0,,,
y1_d173_OWV_VAS,235.0,,,,,,,,False,,8376834.0,8377284.0,,,
y1_d173_OWV_VAS,236.0,,,,,,,,False,,8400284.0,8400734.0,,,
y1_d173_OWV_VAS,237.0,,,,,,,,False,,8423134.0,8423584.0,,,
y1_d173_OWV_VAS,253.0,,,,,,,,False,,9085284.0,,,,
y1_d174_MTW_VAS,28.0,,,,,,,,False,,750536.0,751086.0,,,
y1_d174_MTW_VAS,30.0,,,,,,,,False,,805036.0,805486.0,,,
y1_d174_MTW_VAS,31.0,,,,,,,,False,,822436.0,822936.0,,,
y1_d174_MTW_VAS,43.0,,,,,,,,False,,1208886.0,1209336.0,,,
y1_d174_MTW_VAS,44.0,,,,,,,,False,,1227536.0,1228036.0,,,
y1_d174_MTW_VAS,47.0,,,,,,,,False,,1298436.0,1298986.0,,,
y1_d174_MTW_VAS,64.0,,,,,,,,False,,1851486.0,1851986.0,,,
y1_d174_MTW_VAS,65.0,,,,,,,,False,,1868836.0,1869336.0,,,
y1_d174_MTW_VAS,66.0,,,,,,,,False,,1887536.0,1888036.0,,,
y1_d174_MTW_VAS,68.0,,,,,,,,False,,1949536.0,1949986.0,,,
y1_d174_MTW_VAS,70.0,Safe,7.7,0.7,7.0,76.87118166351257,73.31178464901882,37.10200622528673,True,8.664252735846539,2005086.0,2005636.0,2006336.0,2013336.0,107
y1_d174_MTW_VAS,81.0,,,,,,,,False,,2438986.0,,,,
y1_d174_MTW_VAS,82.0,,,,,,,,False,,2481136.0,,,,
y1_d174_MTW_VAS,83.0,,,,,,,,False,,2515786.0,2516336.0,,,
y1_d174_MTW_VAS,96.0,,,,,,,,False,,3048636.0,3049136.0,,,
y1_d174_MTW_VAS,117.0,,,,,,,,False,,3612936.0,3613386.0,,,
y1_d174_MTW_VAS,168.0,,,,,,,,False,,5257936.0,5258436.0,,,
y1_d174_MTW_VAS,169.0,,,,,,,,False,,5274186.0,5274636.0,,,
y1_d174_MTW_VAS,170.0,,,,,,,,False,,5295636.0,5296136.0,,,
y1_d174_MTW_VAS,171.0,,,,,,,,False,,5314886.0,5315336.0,,,
y1_d174_MTW_VAS,181.0,,,,,,,,False,,5647086.0,5647536.0,,,
y1_d174_MTW_VAS,200.0,,,,,,,,False,,6193436.0,6193936.0,,,
y1_d174_MTW_VAS,201.0,,,,,,,,False,,6498286.0,6498736.0,,,
y1_d174_MTW_VAS,202.0,,,,,,,,False,,6517536.0,6517986.0,,,
y1_d174_MTW_VAS,203.0,,,,,,,,False,,6533886.0,6534336.0,,,
y1_d174_MTW_VAS,244.0,,,,,,,,False,,7861236.0,7861686.0,,,
y1_d174_MTW_VAS,247.0,Safe,,2.1,,,,,False,,8097186.0,8097686.0,8099786.0,,
y1_d175_MTW_VAS,12.0,,,,,,,,False,,302146.0,302646.0,,,
y1_d175_MTW_VAS,15.0,,,,,,,,False,,386296.0,386746.0,,,
y1_d175_MTW_VAS,17.0,,,,,,,,False,,427846.0,428396.0,,,
y1_d175_MTW_VAS,36.0,,,,,,,,False,,1146096.0,1146596.0,,,
y1_d175_MTW_VAS,37.0,,,,,,,,False,,1164596.0,1165146.0,,,
y1_d175_MTW_VAS,39.0,,,,,,,,False,,1230346.0,1230896.0,,,
y1_d175_MTW_VAS,40.0,,,,,,,,False,,1255196.0,1255696.0,,,
y1_d175_MTW_VAS,80.0,,,,,,,,False,,2504746.0,2505296.0,,,
y1_d175_MTW_VAS,82.0,,,,,,,,False,,2550696.0,2551146.0,,,
y1_d175_MTW_VAS,84.0,,,,,,,,False,,2596496.0,2597046.0,,,
y1_d175_MTW_VAS,87.0,,,,,,,,False,,2677346.0,2677796.0,,,
y1_d175_MTW_VAS,103.0,,,,,,,,False,,3110996.0,3111496.0,,,
y1_d175_MTW_VAS,104.0,,1.95,0.7,1.25,77.24070012195799,76.34260446534581,69.00321782722884,True,2.6571334093557875,3139896.0,3140396.0,3141096.0,3142346.0,26
y1_d175_MTW_VAS,125.0,,,,,,,,False,,3950746.0,3951296.0,,,
y1_d175_MTW_VAS,196.0,,,,,,,,False,,6199296.0,6199746.0,,,
y1_d175_MTW_VAS,197.0,,,,,,,,False,,6216646.0,6217146.0,,,
y1_d175_MTW_VAS,199.0,,,,,,,,False,,6272496.0,6272996.0,,,
y1_d175_MTW_VAS,200.0,,,,,,,,False,,6288796.0,6289296.0,,,
y1_d175_MTW_VAS,201.0,,,,,,,,False,,6307496.0,6307996.0,,,
y1_d175_MTW_VAS,202.0,,,,,,,,False,,6325896.0,6326446.0,,,
y1_d175_MTW_VAS,204.0,,,,,,,,False,,6366446.0,6366946.0,,,
y1_d175_MTW_VAS,205.0,,,,,,,,False,,6391096.0,6391596.0,,,
y1_d175_MTW_VAS,211.0,,,,,,,,False,,6610596.0,6611046.0,,,
y1_d175_MTW_VAS,261.0,,,,,,,,False,,8171146.0,8171596.0,,,
y1_d175_MTW_VAS,278.0,,,,,,,,False,,8812146.0,8812596.0,,,
y1_d175_MTW_VAS,279.0,,,,,,,,False,,8842046.0,8842546.0,,,
y1_d175_MTW_VAS,280.0,,,,,,,,False,,8871346.0,8871846.0,,,
y1_d175_MTW_VAS,281.0,,,,,,,,False,,8896496.0,8896996.0,,,
y1_d175_MTW_VAS,282.0,,,,,,,,False,,8920046.0,8920546.0,,,
y1_d175_MTW_VAS,308.0,,,1.9,,,,,False,,9941846.0,9942396.0,9944296.0,,
y1_d175_MTW_VAS,318.0,,,,,,,,False,,10429396.0,10429896.0,,,
y1_d175_MTW_VAS,319.0,,,,,,,,False,,10452296.0,10452796.0,,,
y1_d175_MTW_VAS,320.0,,,,,,,,False,,10470546.0,10471146.0,,,
y1_d175_MTW_VAS,323.0,,,,,,,,False,,10582496.0,10582946.0,,,
y1_d175_MTW_VAS,325.0,,,,,,,,False,,10628546.0,10629096.0,,,
y1_d175_MTW_VAS,326.0,,,,,,,,False,,10654896.0,10655496.0,,,
y1_d175_MTW_VAS,327.0,,,,,,,,False,,10675046.0,10675546.0,,,
y1_d175_MTW_VAS,328.0,,,,,,,,False,,10710546.0,10711046.0,,,
y1_d175_MTW_VAS,329.0,,,,,,,,False,,10734996.0,10735446.0,,,
y1_d175_MTW_VAS,330.0,,,,,,,,False,,10759146.0,10759646.0,,,
y1_d176_MTW_VAS,9.0,,,,,,,,False,,270843.0,271293.0,,,
y1_d176_MTW_VAS,10.0,,,,,,,,False,,289693.0,290193.0,,,
y1_d176_MTW_VAS,11.0,,,,,,,,False,,310493.0,310943.0,,,
y1_d176_MTW_VAS,14.0,,,,,,,,False,,379293.0,379743.0,,,
y1_d176_MTW_VAS,15.0,,,,,,,,False,,398843.0,399343.0,,,
y1_d176_MTW_VAS,16.0,,2.15,0.7,1.45,72.27072404554237,71.39260983291693,64.76000675674027,True,7.700517143792361,424043.0,424493.0,425193.0,426643.0,30
y1_d176_MTW_VAS,30.0,,,,,,,,False,,919393.0,919843.0,,,
y1_d176_MTW_VAS,31.0,,,,,,,,False,,938393.0,938893.0,,,
y1_d176_MTW_VAS,32.0,,,,,,,,False,,963143.0,963593.0,,,
y1_d176_MTW_VAS,34.0,,,,,,,,False,,1033343.0,1033793.0,,,
y1_d176_MTW_VAS,42.0,,,,,,,,False,,1353443.0,1353943.0,,,
y1_d176_MTW_VAS,48.0,,,,,,,,False,,1525743.0,1526243.0,,,
y1_d176_MTW_VAS,50.0,,,,,,,,False,,1588143.0,1588593.0,,,
y1_d176_MTW_VAS,88.0,,,,,,,,False,,2883793.0,2884393.0,,,
y1_d176_MTW_VAS,90.0,,,,,,,,False,,2937393.0,2937893.0,,,
y1_d176_MTW_VAS,91.0,,,,,,,,False,,2952043.0,2952543.0,,,
y1_d176_MTW_VAS,111.0,,,,,,,,False,,3655993.0,3656443.0,,,
y1_d176_MTW_VAS,112.0,,,,,,,,False,,3677343.0,3677793.0,,,
y1_d176_MTW_VAS,130.0,,,,,,,,False,,4315093.0,4315593.0,,,
y1_d176_MTW_VAS,134.0,,,,,,,,False,,4429493.0,4429943.0,,,
y1_d176_MTW_VAS,137.0,,,,,,,,False,,4500293.0,4504693.0,,,
y1_d176_MTW_VAS,138.0,,,,,,,,False,,4555643.0,4556093.0,,,
y1_d176_MTW_VAS,140.0,,,,,,,,False,,4606043.0,4606493.0,,,
y1_d176_MTW_VAS,164.0,,,,,,,,False,,5342643.0,5343143.0,,,
y1_d176_MTW_VAS,168.0,,,,,,,,False,,5592493.0,5592943.0,,,
y1_d176_MTW_VAS,169.0,,,,,,,,False,,5615243.0,5615743.0,,,
y1_d176_MTW_VAS,210.0,,,,,,,,False,,7010143.0,7010693.0,,,
y1_d176_MTW_VAS,211.0,,,,,,,,False,,7061693.0,7062143.0,,,
y1_d176_MTW_VAS,215.0,,,,,,,,False,,7161193.0,7161693.0,,,
y1_d176_MTW_VAS,217.0,,,,,,,,False,,7215093.0,7215593.0,,,
y1_d176_MTW_VAS,223.0,,,,,,,,False,,7454543.0,7455043.0,,,
y1_d176_MTW_VAS,224.0,,,,,,,,False,,7474693.0,7475193.0,,,
y1_d176_MTW_VAS,250.0,,,,,,,,False,,8399993.0,8400443.0,,,
y1_d176_MTW_VAS,251.0,,,,,,,,False,,8424243.0,8424743.0,,,
y1_d176_MTW_VAS,252.0,,,,,,,,False,,8453493.0,8453943.0,,,
y1_d176_MTW_VAS,253.0,,,,,,,,False,,8468093.0,8468593.0,,,
y1_d176_MTW_VAS,254.0,,,,,,,,False,,8494693.0,8495143.0,,,
y1_d176_MTW_VAS,256.0,,1.85,0.5,1.35,76.14500725217657,75.10806349142152,63.904704372219356,True,6.376962267309723,8535143.0,8538493.0,8538993.0,8540343.0,28
y1_d176_MTW_VAS,258.0,,,,,,,,False,,8601143.0,8601593.0,,,
y1_d176_MTW_VAS,276.0,,,,,,,,False,,9223943.0,9224393.0,,,
y1_d176_MTW_VAS,278.0,,,,,,,,False,,9275643.0,9276093.0,,,
y1_d176_MTW_VAS,315.0,,,,,,,,False,,10473843.0,10474293.0,,,
y1_d176_MTW_VAS,316.0,,,,,,,,False,,10493493.0,10493943.0,,,
y1_d176_MTW_VAS,317.0,,,,,,,,False,,10511193.0,10511693.0,,,
y1_d176_MTW_VAS,318.0,,,,,,,,False,,10555893.0,10556343.0,,,
y1_d176_MTW_VAS,319.0,,,,,,,,False,,10572593.0,10573043.0,,,
y1_d176_MTW_VAS,320.0,,,1.95,,,,,False,,10592093.0,10592543.0,10594493.0,,
y1_d176_MTW_VAS,326.0,,,,,,,,False,,10813793.0,10814243.0,,,
y1_d176_MTW_VAS,327.0,,,,,,,,False,,10831493.0,10831943.0,,,
y1_d176_MTW_VAS,328.0,,,,,,,,False,,10863893.0,,,,
y1_d176_MTW_VAS,329.0,,,,,,,,False,,10902943.0,10903443.0,,,
y1_d176_MTW_VAS,330.0,,,,,,,,False,,10924293.0,10924743.0,,,
y1_d177_AVV_ARN,11.0,,,,,,,,False,,265319.0,265819.0,,,
y1_d177_AVV_ARN,13.0,,,,,,,,False,,304769.0,305269.0,,,
y1_d177_AVV_ARN,16.0,,,,,,,,False,,529219.0,529719.0,,,
y1_d177_AVV_ARN,21.0,,,,,,,,False,,671369.0,671819.0,,,
y1_d177_AVV_ARN,22.0,,,,,,,,False,,690969.0,691419.0,,,
y1_d177_AVV_ARN,47.0,,,,,,,,False,,1381919.0,1382419.0,,,
y1_d177_AVV_ARN,49.0,,,,,,,,False,,1428419.0,1428919.0,,,
y1_d177_AVV_ARN,60.0,,,,,,,,False,,1842769.0,1843269.0,,,
y1_d177_AVV_ARN,63.0,,,,,,,,False,,1906519.0,1906969.0,,,
y1_d177_AVV_ARN,77.0,,,,,,,,False,,2457969.0,2458519.0,,,
y1_d177_AVV_ARN,79.0,,,,,,,,False,,2506119.0,2506619.0,,,
y1_d177_AVV_ARN,81.0,,,,,,,,False,,2568369.0,2568819.0,,,
y1_d177_AVV_ARN,98.0,,,,,,,,False,,3165719.0,3166169.0,,,
y1_d177_AVV_ARN,101.0,,,,,,,,False,,3237569.0,3238069.0,,,
y1_d177_AVV_ARN,102.0,,,,,,,,False,,3259569.0,3260019.0,,,
y1_d177_AVV_ARN,103.0,,2.1,0.7,1.4,72.594455696253,71.82380992668442,65.86357197321895,True,3.1980659145949737,3285419.0,3285919.0,3286619.0,3288019.0,29
y1_d177_AVV_ARN,109.0,,,,,,,,False,,3431619.0,3432119.0,,,
y1_d177_AVV_ARN,124.0,,,,,,,,False,,3902419.0,3902919.0,,,
y1_d177_AVV_ARN,126.0,,,,,,,,False,,3958869.0,3959369.0,,,
y1_d177_AVV_ARN,127.0,,,,,,,,False,,3982019.0,3982519.0,,,
y1_d177_AVV_ARN,129.0,,,,,,,,False,,4029569.0,4030069.0,,,
y1_d177_AVV_ARN,156.0,,,,,,,,False,,4916069.0,4916619.0,,,
y1_d177_AVV_ARN,158.0,,,,,,,,False,,4956519.0,4957019.0,,,
y1_d177_AVV_ARN,160.0,,,,,,,,False,,5024769.0,5025269.0,,,
y1_d177_AVV_ARN,161.0,,,,,,,,False,,5047019.0,5047469.0,,,
y1_d177_AVV_ARN,162.0,,,,,,,,False,,5070919.0,5071419.0,,,
y1_d177_AVV_ARN,176.0,,,,,,,,False,,5692519.0,5693019.0,,,
y1_d177_AVV_ARN,177.0,,,,,,,,False,,5711469.0,5711969.0,,,
y1_d177_AVV_ARN,179.0,,,,,,,,False,,5786719.0,5787169.0,,,
y1_d177_AVV_ARN,180.0,,,,,,,,False,,5806769.0,5807219.0,,,
y1_d177_AVV_ARN,181.0,,,,,,,,False,,5825069.0,5825569.0,,,
y1_d177_AVV_ARN,182.0,,,,,,,,False,,5844769.0,5845219.0,,,
y1_d177_AVV_ARN,184.0,,,,,,,,False,,5900369.0,5900869.0,,,
y1_d177_AVV_ARN,216.0,,,,,,,,False,,7210719.0,7211319.0,,,
y1_d177_AVV_ARN,217.0,Safe,4.15,0.65,3.5,76.173097588873,74.03199779546065,24.3748070813595,True,10.856161773234025,7236219.0,7236769.0,7237419.0,7240919.0,71
y1_d177_VAS_PHD,35.0,,,,,,,,False,,1167322.0,1167772.0,,,
y1_d177_VAS_PHD,36.0,,,,,,,,False,,1186922.0,1187372.0,,,
y1_d177_VAS_PHD,38.0,,,,,,,,False,,1225272.0,1225772.0,,,
y1_d177_VAS_PHD,40.0,,,,,,,,False,,1288322.0,1288772.0,,,
y1_d177_VAS_PHD,41.0,,,,,,,,False,,1305872.0,1306322.0,,,
y1_d177_VAS_PHD,42.0,,,,,,,,False,,1325372.0,1325822.0,,,
y1_d177_VAS_PHD,48.0,,,,,,,,False,,1472472.0,1472972.0,,,
y1_d177_VAS_PHD,91.0,,,,,,,,False,,2964072.0,2964572.0,,,
y1_d177_VAS_PHD,92.0,,,,,,,,False,,2994822.0,2995322.0,,,
y1_d177_VAS_PHD,117.0,,,,,,,,False,,4029372.0,4029872.0,,,
y1_d177_VAS_PHD,118.0,,,,,,,,False,,4045722.0,4046172.0,,,
y1_d177_VAS_PHD,119.0,,,,,,,,False,,4066072.0,4066572.0,,,
y1_d177_VAS_PHD,159.0,,,,,,,,False,,5415072.0,5415572.0,,,
y1_d177_VAS_PHD,160.0,,,,,,,,False,,5434172.0,5434672.0,,,
y1_d177_VAS_PHD,161.0,,,,,,,,False,,5455322.0,5455772.0,,,
y1_d177_VAS_PHD,163.0,,,,,,,,False,,5497222.0,5497722.0,,,
y1_d177_VAS_PHD,165.0,,,,,,,,False,,5548222.0,5548722.0,,,
y1_d177_VAS_PHD,166.0,,,,,,,,False,,5570072.0,5570572.0,,,
y1_d177_VAS_PHD,167.0,,,,,,,,False,,5592172.0,5592672.0,,,
y1_d177_VAS_PHD,169.0,Safe,1.95,0.7,1.25,80.52935120896572,79.685145681546,70.81664491896609,True,1.0147291724755625,5629322.0,5629822.0,5630522.0,5631772.0,26
y1_d177_VAS_PHD,209.0,,,,,,,,False,,7183022.0,7183472.0,,,
y1_d177_VAS_PHD,213.0,,,,,,,,False,,7260522.0,7260972.0,,,
y1_d177_VAS_PHD,214.0,,,,,,,,False,,7282822.0,7283272.0,,,
y1_d177_VAS_PHD,215.0,,,,,,,,False,,7303722.0,7304222.0,,,
y1_d177_VAS_PHD,217.0,,,,,,,,False,,7529022.0,7529572.0,,,
y1_d177_VAS_PHD,218.0,,,,,,,,False,,7546972.0,7547472.0,,,
y1_d177_VAS_PHD,219.0,,,,,,,,False,,7570322.0,7570872.0,,,
y1_d177_VAS_PHD,220.0,,,,,,,,False,,7591222.0,7591722.0,,,
y1_d177_VAS_PHD,236.0,,,,,,,,False,,8313422.0,8313922.0,,,
y1_d177_VAS_PHD,237.0,,,,,,,,False,,8333022.0,8333472.0,,,
y1_d177_VAS_PHD,239.0,,,,,,,,False,,8384472.0,8384922.0,,,
y1_d177_VAS_PHD,241.0,,,,,,,,False,,8435922.0,8436472.0,,,
y1_d177_VAS_PHD,242.0,,,,,,,,False,,8456822.0,8457272.0,,,
y1_d177_VAS_PHD,244.0,,,,,,,,False,,8524122.0,8524572.0,,,
y1_d177_VAS_PHD,245.0,,,,,,,,False,,8545922.0,8546372.0,,,
y1_d177_VAS_PHD,246.0,,,,,,,,False,,8576222.0,8576672.0,,,
y1_d177_VAS_PHD,249.0,,,,,,,,False,,8644672.0,8645222.0,,,
y1_d177_VAS_PHD,251.0,,,,,,,,False,,8723072.0,8723622.0,,,
y1_d177_VAS_PHD,252.0,,,,,,,,False,,8743172.0,8743622.0,,,
y1_d177_VAS_PHD,253.0,,,,,,,,False,,8766272.0,8766722.0,,,
y1_d177_VAS_PHD,277.0,,,,,,,,False,,9777222.0,9777722.0,,,
y1_d177_VAS_PHD,318.0,,,,,,,,False,,11010422.0,11010922.0,,,
y1_d177_VAS_PHD,319.0,,,,,,,,False,,11030722.0,11031222.0,,,
y1_d177_VAS_PHD,320.0,,,,,,,,False,,11051722.0,11052222.0,,,
y1_d177_VAS_PHD,322.0,,,,,,,,False,,11124772.0,11125272.0,,,
y1_d177_VAS_PHD,323.0,,,,,,,,False,,11143722.0,11144272.0,,,
y1_d178_AVV_ARN,21.0,,,,,,,,False,,647380.0,647875.0,,,
y1_d178_AVV_ARN,24.0,Safe,5.775,0.726,5.049,76.66900301818778,73.44965550233837,26.087947207716876,False,60.61994061312655,725656.0,726151.0,726877.0,731926.0,154
y1_d178_AVV_ARN,26.0,,,,,,,,False,,807166.0,807694.0,,,
y1_d178_AVV_ARN,27.0,,,,,,,,False,,823897.0,824392.0,,,
y1_d178_AVV_ARN,28.0,,,,,,,,False,,842971.0,843466.0,,,
y1_d178_AVV_ARN,29.0,,,,,,,,False,,862474.0,862969.0,,,
y1_d178_AVV_ARN,30.0,,,,,,,,False,,883231.0,883726.0,,,
y1_d178_AVV_ARN,31.0,Safe,,0.792,,,,,False,,904681.0,905176.0,905968.0,,
y1_d178_AVV_ARN,39.0,,,,,,,,False,,1166570.0,1167065.0,,,
y1_d178_AVV_ARN,54.0,,,,,,,,False,,1602368.0,1602830.0,,,
y1_d178_AVV_ARN,57.0,,,,,,,,False,,1675265.0,1675760.0,,,
y1_d178_AVV_ARN,67.0,,,,,,,,False,,1999919.0,2000447.0,,,
y1_d178_AVV_ARN,99.0,,,,,,,,False,,2947152.0,2947680.0,,,
y1_d178_AVV_ARN,100.0,Safe,1.914,0.693,1.221,81.08278619916567,80.0979157041931,71.7840382818247,True,1.4237722686978067,2987247.0,2987709.0,2988402.0,2989623.0,38
y1_d178_AVV_ARN,113.0,,,,,,,,False,,3634708.0,3635170.0,,,
y1_d178_AVV_ARN,114.0,,,,,,,,False,,3658501.0,3658963.0,,,
y1_d178_AVV_ARN,115.0,,,,,,,,False,,3675628.0,,,,
y1_d178_AVV_ARN,116.0,,,,,,,,False,,3720706.0,3721234.0,,,
y1_d178_AVV_ARN,118.0,,,,,,,,False,,3775321.0,3775816.0,,,
y1_d178_AVV_ARN,132.0,,,,,,,,False,,4283786.0,4284281.0,,,
y1_d178_AVV_ARN,133.0,,,,,,,,False,,4302959.0,4303487.0,,,
y1_d178_AVV_ARN,134.0,,,,,,,,False,,4322495.0,4322957.0,,,
y1_d178_AVV_ARN,135.0,,,,,,,,False,,4345991.0,4346519.0,,,
y1_d178_AVV_ARN,136.0,,,,,,,,False,,4382324.0,4382852.0,,,
y1_d178_AVV_ARN,138.0,,,,,,,,False,,4442450.0,4442978.0,,,
y1_d178_AVV_ARN,140.0,,,,,,,,False,,4514291.0,4514852.0,,,
y1_d178_AVV_ARN,174.0,,,,,,,,False,,5540361.0,5540922.0,,,
y1_d178_AVV_ARN,176.0,"Out (inning-ending, verify)",1.881,0.66,1.221,78.28790582458441,77.53995235286473,71.52655720499489,True,2.807303806714578,5579070.0,5579532.0,5580192.0,5581413.0,38
y1_d178_AVV_ARN,189.0,,,,,,,,False,,6030840.0,6031302.0,,,
y1_d178_AVV_ARN,191.0,,,,,,,,False,,6064237.0,6064765.0,,,
y1_d178_AVV_ARN,192.0,,,,,,,,False,,6083905.0,6084433.0,,,
y1_d178_AVV_ARN,193.0,,,,,,,,False,,6103936.0,6104398.0,,,
y1_d178_AVV_ARN,194.0,,,,,,,,False,,6291475.0,6291970.0,,,
y1_d178_AVV_ARN,195.0,,,,,,,,False,,6309295.0,6309757.0,,,
y1_d178_AVV_ARN,208.0,,,,,,,,False,,6838285.0,6838714.0,,,
y1_d178_AVV_ARN,209.0,,,,,,,,False,,6859009.0,6859438.0,,,
y1_d178_AVV_ARN,210.0,,,,,,,,False,,6884947.0,6885409.0,,,
y1_d178_AVV_ARN,213.0,,,,,,,,False,,6999226.0,6999721.0,,,
y1_d178_AVV_ARN,214.0,,,,,,,,False,,7023712.0,,,,
y1_d178_AVV_ARN,225.0,,,,,,,,False,,7463999.0,7464461.0,,,
y1_d178_AVV_ARN,226.0,,,,,,,,False,,7479806.0,7480268.0,,,
y1_d178_AVV_ARN,227.0,,,,,,,,False,,7500233.0,7500695.0,,,
y1_d178_AVV_ARN,228.0,,,,,,,,False,,7521617.0,7522079.0,,,
y1_d178_AVV_ARN,262.0,,,,,,,,False,,8814063.0,8814525.0,,,
y1_d178_AVV_ARN,263.0,,,,,,,,False,,8835084.0,8835546.0,,,
y1_d178_AVV_ARN,264.0,,,,,,,,False,,8854620.0,8855082.0,,,
y1_d178_AVV_ARN,275.0,,,,,,,,False,,9268738.0,9269200.0,,,
y1_d178_AVV_ARN,278.0,,,,,,,,False,,9339424.0,9339919.0,,,
y1_d178_AVV_ARN,279.0,,,,,,,,False,,9364042.0,9364537.0,,,
y1_d178_AVV_ARN,280.0,,,,,,,,False,,9394270.0,9394765.0,,,
y1_d178_AVV_ARN,304.0,,,,,,,,False,,10300418.0,10300913.0,,,
y1_d178_AVV_ARN,305.0,,,,,,,,False,,10322990.0,10323452.0,,,
y1_d178_AVV_ARN,306.0,,,,,,,,False,,10344110.0,10344572.0,,,
y1_d178_AVV_ARN,307.0,,,,,,,,False,,10364471.0,10364966.0,,,
y1_d178_FET_ANI,18.0,,,,,,,,False,,370665.0,371115.0,,,
y1_d178_FET_ANI,19.0,,,,,,,,False,,389415.0,389865.0,,,
y1_d178_FET_ANI,20.0,,,,,,,,False,,409665.0,410215.0,,,
y1_d178_FET_ANI,21.0,,,,,,,,False,,437765.0,438265.0,,,
y1_d178_FET_ANI,22.0,,,,,,,,False,,458815.0,459265.0,,,
y1_d178_FET_ANI,23.0,,,,,,,,False,,485765.0,486265.0,,,
y1_d178_FET_ANI,29.0,,,,,,,,False,,778765.0,779215.0,,,
y1_d178_FET_ANI,30.0,,,,,,,,False,,819165.0,819715.0,,,
y1_d178_FET_ANI,31.0,,,,,,,,False,,853015.0,853515.0,,,
y1_d178_FET_ANI,33.0,,,,,,,,False,,926015.0,926465.0,,,
y1_d178_FET_ANI,34.0,,,,,,,,False,,948465.0,948965.0,,,
y1_d178_FET_ANI,35.0,,,,,,,,False,,994415.0,994865.0,,,
y1_d178_FET_ANI,36.0,,,0.8,,,,,False,,1021765.0,1022265.0,1023065.0,,
y1_d178_FET_ANI,38.0,,,,,,,,False,,1087315.0,1087815.0,,,
y1_d178_FET_ANI,39.0,,,,,,,,False,,1124915.0,1125415.0,,,
y1_d178_FET_ANI,40.0,,,,,,,,False,,1152165.0,1152665.0,,,
y1_d178_FET_ANI,42.0,,,,,,,,False,,1199915.0,1200415.0,,,
y1_d178_FET_ANI,43.0,,,,,,,,False,,1224615.0,1225115.0,,,
y1_d178_FET_ANI,45.0,,,,,,,,False,,1286865.0,1287365.0,,,
y1_d178_FET_ANI,77.0,,,,,,,,False,,2329165.0,2329615.0,,,
y1_d178_FET_ANI,78.0,,,,,,,,False,,2354065.0,2354515.0,,,
y1_d178_FET_ANI,124.0,,,,,,,,False,,4016165.0,4016615.0,,,
y1_d178_FET_ANI,125.0,,,,,,,,False,,4041065.0,4041515.0,,,
y1_d178_FET_ANI,127.0,,,,,,,,False,,4103415.0,,,,
y1_d178_FET_ANI,128.0,,,,,,,,False,,4138515.0,4139015.0,,,
y1_d178_FET_ANI,142.0,,,,,,,,False,,4672015.0,4672565.0,,,
y1_d178_FET_ANI,143.0,,,,,,,,False,,4696065.0,4696615.0,,,
y1_d178_FET_ANI,145.0,,,,,,,,False,,4764315.0,4764765.0,,,
y1_d178_FET_ANI,146.0,,,,,,,,False,,4792315.0,4792765.0,,,
y1_d178_FET_ANI,147.0,,,,,,,,False,,4819365.0,4819865.0,,,
y1_d178_FET_ANI,149.0,,,,,,,,False,,4943365.0,4943865.0,,,
y1_d178_FET_ANI,150.0,,,,,,,,False,,4970665.0,4971165.0,,,
y1_d178_FET_ANI,151.0,,,,,,,,False,,4999215.0,4999765.0,,,
y1_d178_FET_ANI,152.0,,,,,,,,False,,5028415.0,5028865.0,,,
y1_d178_FET_ANI,160.0,,,,,,,,False,,5428315.0,5428815.0,,,
y1_d178_FET_ANI,161.0,,,,,,,,False,,5446765.0,5447265.0,,,
y1_d178_FET_ANI,162.0,,,,,,,,False,,5474365.0,5474915.0,,,
y1_d178_FET_ANI,163.0,,,,,,,,False,,5495015.0,5495515.0,,,
y1_d178_FET_ANI,164.0,,,,,,,,False,,5517865.0,5518315.0,,,
y1_d178_FET_ANI,199.0,,,,,,,,False,,6720415.0,6720865.0,,,
y1_d178_FET_ANI,200.0,,,,,,,,False,,6748115.0,6748665.0,,,
y1_d178_FET_ANI,202.0,,,,,,,,False,,6797965.0,6798465.0,,,
y1_d178_FET_ANI,204.0,,,,,,,,False,,6900515.0,6901015.0,,,
y1_d178_FET_ANI,228.0,,,,,,,,False,,7798165.0,7798615.0,,,
y1_d178_FET_ANI,229.0,,,,,,,,False,,7822165.0,7822615.0,,,
y1_d178_FET_ANI,231.0,,,,,,,,False,,7875765.0,7876265.0,,,
y1_d178_FET_ANI,232.0,,,,,,,,False,,7906915.0,7907415.0,,,
y1_d178_FET_ANI,233.0,,,,,,,,False,,7925765.0,7926265.0,,,
y1_d178_FET_ANI,234.0,,,,,,,,False,,7952315.0,7952765.0,,,
y1_d178_FET_ANI,235.0,,,,,,,,False,,7973065.0,7973515.0,,,
y1_d178_FET_ANI,238.0,,,,,,,,False,,8063915.0,8064365.0,,,
y1_d178_FET_ANI,249.0,,,,,,,,False,,8523415.0,8523915.0,,,
y1_d178_FET_ANI,250.0,,,,,,,,False,,8541715.0,8542215.0,,,
y1_d178_FET_ANI,251.0,,,,,,,,False,,8568465.0,8568965.0,,,
y1_d178_FET_ANI,252.0,,,,,,,,False,,8600015.0,8600515.0,,,
y1_d178_FET_ANI,253.0,,,,,,,,False,,8619965.0,8620465.0,,,
y1_d178_FET_ANI,263.0,,,,,,,,False,,9103915.0,9104365.0,,,
y1_d178_FET_ANI,264.0,,,,,,,,False,,9121665.0,9122115.0,,,
y1_d178_FET_ANI,265.0,,,,,,,,False,,9142315.0,9142765.0,,,
y1_d178_FET_ANI,272.0,,,,,,,,False,,9320915.0,9321365.0,,,
y1_d178_FET_ANI,273.0,,,,,,,,False,,9356215.0,9356715.0,,,
y1_d178_FET_ANI,274.0,,,,,,,,False,,9383065.0,9383615.0,,,
y1_d178_FET_ANI,275.0,,,,,,,,False,,9408865.0,9409315.0,,,
y1_d178_FET_ANI,276.0,,,,,,,,False,,9431065.0,9431615.0,,,
y1_d178_FET_ANI,277.0,,,,,,,,False,,9455965.0,9456415.0,,,
y1_d178_FET_ANI,288.0,,,,,,,,False,,9837765.0,9838215.0,,,
y1_d178_FET_ANI,291.0,,,,,,,,False,,9958415.0,9958915.0,,,
y1_d178_FET_ANI,292.0,,,,,,,,False,,9978665.0,9979165.0,,,
y1_d178_FET_ANI,294.0,,,,,,,,False,,10037065.0,10037565.0,,,
y1_d178_FET_ANI,297.0,,,,,,,,False,,10111065.0,10111515.0,,,
y1_d178_FET_ANI,298.0,,,,,,,,False,,10143715.0,10144165.0,,,
y1_d178_FET_ANI,299.0,,,,,,,,False,,10161415.0,10161865.0,,,
y1_d178_FET_ANI,300.0,,,,,,,,False,,10179865.0,10180315.0,,,
y1_d178_FET_ANI,302.0,,,,,,,,False,,10224115.0,10224615.0,,,
y1_d178_FET_ANI,303.0,,,,,,,,False,,10243365.0,10243815.0,,,
y1_d178_FET_ANI,318.0,,,,,,,,False,,10835465.0,10835915.0,,,
y1_d178_FET_ANI,319.0,,,,,,,,False,,10854965.0,10855415.0,,,
y1_d178_FET_ANI,320.0,,,,,,,,False,,10875065.0,10875515.0,,,
y1_d178_FET_ANI,321.0,,,,,,,,False,,10898915.0,10899365.0,,,
y1_d178_FET_ANI,322.0,,,,,,,,False,,10929665.0,10930165.0,,,
y1_d178_FET_ANI,323.0,,,,,,,,False,,10951315.0,10951765.0,,,
y1_d178_FET_ANI,324.0,,,,,,,,False,,10969565.0,10970065.0,,,
y1_d178_FET_ANI,325.0,,,,,,,,False,,10989765.0,10990315.0,,,
y1_d178_FET_ANI,326.0,,,,,,,,False,,11195165.0,11195665.0,,,
y1_d178_FET_ANI,327.0,,,,,,,,False,,11216665.0,11217115.0,,,
y1_d178_FET_ANI,328.0,,,,,,,,False,,11240615.0,11241065.0,,,
y1_d178_FET_ANI,329.0,,,,,,,,False,,11262215.0,11262665.0,,,
y1_d178_FET_ANI,347.0,,,,,,,,False,,11948615.0,11949115.0,,,
y1_d178_FET_ANI,374.0,,,,,,,,False,,12760965.0,12761465.0,,,
y1_d178_FET_ANI,375.0,,,,,,,,False,,12782765.0,12783215.0,,,
y1_d178_FET_ANI,376.0,,,,,,,,False,,12804965.0,12805515.0,,,
y1_d178_FET_ANI,378.0,,,,,,,,False,,12857115.0,12857565.0,,,
y1_d178_FET_ANI,379.0,,,,,,,,False,,12895465.0,12895965.0,,,
y1_d178_VAS_PHD,7.0,,,,,,,,False,,162774.0,163274.0,,,
y1_d178_VAS_PHD,8.0,,,,,,,,False,,179224.0,179724.0,,,
y1_d178_VAS_PHD,10.0,,,,,,,,False,,237374.0,237874.0,,,
y1_d178_VAS_PHD,29.0,,,,,,,,False,,889224.0,889824.0,,,
y1_d178_VAS_PHD,30.0,,,,,,,,False,,911724.0,912224.0,,,
y1_d178_VAS_PHD,31.0,,,,,,,,False,,930224.0,930724.0,,,
y1_d178_VAS_PHD,32.0,,,,,,,,False,,949474.0,949924.0,,,
y1_d178_VAS_PHD,33.0,,,,,,,,False,,966874.0,967324.0,,,
y1_d178_VAS_PHD,49.0,,,,,,,,False,,1516174.0,1516624.0,,,
y1_d178_VAS_PHD,50.0,,,,,,,,False,,1533274.0,1533724.0,,,
y1_d178_VAS_PHD,51.0,,,,,,,,False,,1552824.0,1553274.0,,,
y1_d178_VAS_PHD,52.0,,,,,,,,False,,1573774.0,1574324.0,,,
y1_d178_VAS_PHD,54.0,,,,,,,,False,,1622824.0,1623324.0,,,
y1_d178_VAS_PHD,55.0,,,,,,,,False,,1646574.0,1647074.0,,,
y1_d178_VAS_PHD,83.0,,,,,,,,False,,2695624.0,2696124.0,,,
y1_d178_VAS_PHD,123.0,,,,,,,,False,,9002374.0,9002824.0,,,
y1_d178_VAS_PHD,124.0,,,,,,,,False,,9021174.0,9021624.0,,,
y1_d178_VAS_PHD,144.0,,,,,,,,False,,9793924.0,9794424.0,,,
y1_d178_VAS_PHD,145.0,,,,,,,,False,,9817824.0,9818374.0,,,
y1_d178_VAS_PHD,146.0,,,,,,,,False,,9842074.0,9842624.0,,,
y1_d178_VAS_PHD,169.0,,,,,,,,False,,10696624.0,10697074.0,,,
y1_d178_VAS_PHD,170.0,,,,,,,,False,,10712724.0,10713174.0,,,
y1_d178_VAS_PHD,171.0,,,,,,,,False,,10729724.0,10730174.0,,,
y1_d178_VAS_PHD,172.0,,,,,,,,False,,10748724.0,10749174.0,,,
y1_d178_VAS_PHD,173.0,,,,,,,,False,,10773474.0,10773924.0,,,
y1_d178_VAS_PHD,185.0,,,,,,,,False,,11182374.0,11182874.0,,,
y1_d178_VAS_PHD,186.0,,,,,,,,False,,11209474.0,11209974.0,,,
y1_d178_VAS_PHD,187.0,,,,,,,,False,,11227874.0,11228374.0,,,
y1_d178_VAS_PHD,188.0,,,,,,,,False,,11244724.0,11245174.0,,,
y1_d178_VAS_PHD,190.0,,,,,,,,False,,11295374.0,11295874.0,,,
y1_d178_VAS_PHD,194.0,,,,,,,,False,,11436024.0,11436524.0,,,
y1_d178_VAS_PHD,198.0,,,,,,,,False,,11537924.0,11538374.0,,,
y1_d178_VAS_PHD,223.0,,,,,,,,False,,12459124.0,12459774.0,,,
y1_d178_VAS_PHD,224.0,,,,,,,,False,,12479474.0,12480024.0,,,
y1_d178_VAS_PHD,255.0,,,,,,,,False,,13666824.0,13667374.0,,,
y1_d178_VAS_PHD,256.0,,,,,,,,False,,13686974.0,13687574.0,,,
y1_d178_VAS_PHD,257.0,,,,,,,,False,,13707624.0,13708274.0,,,
y1_d178_VAS_PHD,264.0,,,,,,,,False,,14041624.0,14042124.0,,,
y1_d178_VAS_PHD,284.0,,,,,,,,False,,14640774.0,14641324.0,,,
y1_d179_FET_ANI,36.0,,,,,,,,False,,1145359.0,1145809.0,,,
y1_d179_FET_ANI,37.0,,,,,,,,False,,1166359.0,1166909.0,,,
y1_d179_FET_ANI,38.0,,,,,,,,False,,1186209.0,1186759.0,,,
y1_d179_FET_ANI,39.0,Safe,8.5,0.7,7.8,71.81969114285502,69.19443896743945,34.29859891868739,True,6.681545873714409,1210609.0,1211059.0,1211759.0,1219559.0,117
y1_d179_FET_ANI,71.0,,,,,,,,False,,2389743.0,2390293.0,,,
y1_d179_FET_ANI,72.0,,,,,,,,False,,2411643.0,2412143.0,,,
y1_d179_FET_ANI,73.0,,,,,,,,False,,2433843.0,2434393.0,,,
y1_d179_FET_ANI,74.0,,,,,,,,False,,2456843.0,2457343.0,,,
y1_d179_FET_ANI,76.0,,,,,,,,False,,2529693.0,2530243.0,,,
y1_d179_FET_ANI,77.0,,,,,,,,False,,2549843.0,2550343.0,,,
y1_d179_FET_ANI,78.0,,,,,,,,False,,2569543.0,2570043.0,,,
y1_d179_FET_ANI,81.0,,,,,,,,False,,2686893.0,2687343.0,,,
y1_d179_FET_ANI,82.0,,,,,,,,False,,2711593.0,2712093.0,,,
y1_d179_FET_ANI,84.0,,,,,,,,False,,2772893.0,2773393.0,,,
y1_d179_FET_ANI,128.0,,,,,,,,False,,4326993.0,4327493.0,,,
y1_d179_FET_ANI,130.0,,,,,,,,False,,4367893.0,4368493.0,,,
y1_d179_FET_ANI,131.0,,,,,,,,False,,4392843.0,4393343.0,,,
y1_d179_FET_ANI,132.0,,,,,,,,False,,4416643.0,4417143.0,,,
y1_d179_FET_ANI,134.0,,,,,,,,False,,4487343.0,4487793.0,,,
y1_d179_FET_ANI,136.0,,,,,,,,False,,4538993.0,4539443.0,,,
y1_d179_FET_ANI,138.0,,,,,,,,False,,4609393.0,4609943.0,,,
y1_d179_FET_ANI,172.0,,,,,,,,False,,5917874.0,5918324.0,,,
y1_d179_FET_ANI,173.0,,,,,,,,False,,5938674.0,5939174.0,,,
y1_d179_FET_ANI,175.0,,,,,,,,False,,5986924.0,5987474.0,,,
y1_d179_FET_ANI,208.0,,,,,,,,False,,7383939.0,7384439.0,,,
y1_d179_FET_ANI,209.0,,,,,,,,False,,7410439.0,7410889.0,,,
y1_d179_FET_ANI,210.0,,,,,,,,False,,7433039.0,7433539.0,,,
y1_d179_FET_ANI,211.0,,,,,,,,False,,7456189.0,7456689.0,,,
y1_d179_FET_ANI,212.0,,,,,,,,False,,7474489.0,7474939.0,,,
y1_d179_FET_ANI,218.0,,,,,,,,False,,7673489.0,7673939.0,,,
y1_d179_FET_ANI,220.0,,,0.7,,,,,False,,7777589.0,7778039.0,7778739.0,,
y1_d179_FET_ANI,238.0,,,,,,,,False,,8534236.0,8534636.0,,,
y1_d179_FET_ANI,240.0,,,,,,,,False,,8597636.0,8598086.0,,,
y1_d179_FET_ANI,241.0,,,,,,,,False,,8617986.0,8618436.0,,,
y1_d179_FET_ANI,242.0,,,,,,,,False,,8639986.0,8640436.0,,,
y1_d179_FET_ANI,243.0,,,,,,,,False,,8660986.0,8661436.0,,,
y1_d179_FET_ANI,244.0,,,,,,,,False,,8686586.0,8686986.0,,,
y1_d179_FET_ANI,260.0,,,,,,,,False,,9166736.0,9167286.0,,,
y1_d179_FET_ANI,262.0,,,,,,,,False,,9215086.0,9215536.0,,,
y1_d179_FET_ANI,264.0,,,,,,,,False,,9280636.0,9281186.0,,,
y1_d179_FET_ANI,265.0,,,,,,,,False,,9301386.0,9301886.0,,,
y1_d179_FET_ANI,284.0,,,,,,,,False,,10092786.0,10093236.0,,,
y1_d179_FET_ANI,285.0,Safe,,,,,,,False,,10136586.0,10137036.0,,,
y1_d179_FET_ANI,302.0,,,,,,,,False,,10736536.0,10737036.0,,,
y1_d179_FET_ANI,303.0,,,,,,,,False,,10754536.0,10755036.0,,,
y1_d179_FET_ANI,305.0,,,,,,,,False,,10804136.0,10804636.0,,,
y1_d179_FET_ANI,306.0,,,,,,,,False,,10824386.0,10824886.0,,,
y1_d179_FET_ANI,314.0,,,,,,,,False,,11237286.0,11237736.0,,,
y1_d179_FET_ANI,316.0,,,,,,,,False,,11281836.0,11282286.0,,,
y1_d179_YXL_PHD,9.0,,,,,,,,False,,210005.0,210455.0,,,
y1_d179_YXL_PHD,10.0,,,,,,,,False,,234255.0,234755.0,,,
y1_d179_YXL_PHD,12.0,"Out (inning-ending, verify)",2.0,0.65,1.35,74.7962403972905,74.09574731964497,65.08357356778444,True,1.9031676717892554,301455.0,301955.0,302605.0,303955.0,28
y1_d179_YXL_PHD,22.0,,,,,,,,False,,642155.0,642605.0,,,
y1_d179_YXL_PHD,24.0,,,,,,,,False,,673005.0,673505.0,,,
y1_d179_YXL_PHD,25.0,,,,,,,,False,,691555.0,692055.0,,,
y1_d179_YXL_PHD,26.0,,,,,,,,False,,713005.0,713555.0,,,
y1_d179_YXL_PHD,47.0,,,,,,,,False,,1383955.0,1384405.0,,,
y1_d179_YXL_PHD,48.0,,,,,,,,False,,1401405.0,1401905.0,,,
y1_d179_YXL_PHD,50.0,,,,,,,,False,,1455155.0,1455605.0,,,
y1_d179_YXL_PHD,51.0,,,,,,,,False,,1470655.0,1471155.0,,,
y1_d179_YXL_PHD,52.0,,,,,,,,False,,1488555.0,1489005.0,,,
y1_d179_YXL_PHD,57.0,,,,,,,,False,,1608905.0,1609455.0,,,
y1_d179_YXL_PHD,84.0,,,,,,,,False,,2392805.0,2393355.0,,,
y1_d179_YXL_PHD,93.0,,,,,,,,False,,2701505.0,2701955.0,,,
y1_d179_YXL_PHD,95.0,,,,,,,,False,,2741455.0,2741955.0,,,
y1_d179_YXL_PHD,121.0,,,,,,,,False,,3604005.0,3604455.0,,,
y1_d179_YXL_PHD,123.0,,,,,,,,False,,3653905.0,3654405.0,,,
y1_d179_YXL_PHD,130.0,,,,,,,,False,,3901305.0,3901805.0,,,
y1_d179_YXL_PHD,131.0,,,,,,,,False,,3919305.0,3919805.0,,,
y1_d179_YXL_PHD,132.0,,,,,,,,False,,3939455.0,3939955.0,,,
y1_d179_YXL_PHD,133.0,,,,,,,,False,,3958005.0,3958555.0,,,
y1_d179_YXL_PHD,134.0,,,,,,,,False,,3976805.0,3977305.0,,,
y1_d179_YXL_PHD,157.0,,,,,,,,False,,4797155.0,4797655.0,,,
y1_d179_YXL_PHD,158.0,,,,,,,,False,,4817205.0,4817705.0,,,
y1_d179_YXL_PHD,159.0,,,,,,,,False,,4837755.0,4838255.0,,,
y1_d179_YXL_PHD,160.0,,,,,,,,False,,4858505.0,4859005.0,,,
y1_d179_YXL_PHD,161.0,,,,,,,,False,,4893905.0,4894405.0,,,
y1_d179_YXL_PHD,162.0,,,,,,,,False,,4921455.0,4921955.0,,,
y1_d179_YXL_PHD,163.0,,,,,,,,False,,4941955.0,4942455.0,,,
y1_d179_YXL_PHD,164.0,,,,,,,,False,,4963805.0,4964305.0,,,
y1_d179_YXL_PHD,165.0,,,,,,,,False,,4984805.0,4985305.0,,,
y1_d179_YXL_PHD,166.0,,,,,,,,False,,5010055.0,5010555.0,,,
y1_d179_YXL_PHD,167.0,,,,,,,,False,,5046055.0,5046555.0,,,
y1_d179_YXL_PHD,169.0,,,,,,,,False,,5093655.0,5094205.0,,,
y1_d179_YXL_PHD,171.0,,,,,,,,False,,5152205.0,5152755.0,,,
y1_d179_YXL_PHD,172.0,,,,,,,,False,,5176405.0,5176855.0,,,
y1_d179_YXL_PHD,174.0,,,,,,,,False,,5295555.0,5296105.0,,,
y1_d179_YXL_PHD,175.0,,,,,,,,False,,5314505.0,5315055.0,,,
y1_d179_YXL_PHD,192.0,,,,,,,,False,,5871605.0,5872105.0,,,
y1_d179_YXL_PHD,193.0,,,,,,,,False,,5891155.0,5891655.0,,,
y1_d179_YXL_PHD,194.0,,,,,,,,False,,5914955.0,5915405.0,,,
y1_d179_YXL_PHD,195.0,Safe,2.05,0.75,1.3,75.97561993716533,75.14630199414543,68.83852242504011,True,3.1500260688685815,5935355.0,5935905.0,5936655.0,5937955.0,27
y1_d179_YXL_PHD,205.0,,,,,,,,False,,6244155.0,6244655.0,,,
y1_d179_YXL_PHD,206.0,,,,,,,,False,,6267205.0,6267755.0,,,
y1_d179_YXL_PHD,213.0,,,,,,,,False,,6544355.0,6544855.0,,,
y1_d179_YXL_PHD,215.0,,,,,,,,False,,6601805.0,6602305.0,,,
y1_d179_YXL_PHD,216.0,,,,,,,,False,,6621505.0,6622055.0,,,
y1_d179_YXL_PHD,217.0,,9.95,0.65,9.3,76.37547137794004,72.19428267352497,34.42361309133063,False,21.94631793135808,6665405.0,6665955.0,6666605.0,6675905.0,160
y1_d179_YXL_PHD,243.0,,,,,,,,False,,7781367.0,7781867.0,,,
y1_d179_YXL_PHD,244.0,,,,,,,,False,,7804467.0,7804967.0,,,
y1_d179_YXL_PHD,245.0,,,,,,,,False,,7826167.0,7826667.0,,,
y1_d179_YXL_PHD,246.0,,,,,,,,False,,7847317.0,7847767.0,,,
y1_d179_YXL_PHD,248.0,,,,,,,,False,,7901217.0,7901667.0,,,
y1_d179_YXL_PHD,269.0,,,,,,,,False,,8624417.0,8624867.0,,,
y1_d179_YXL_PHD,270.0,,,,,,,,False,,8642967.0,8643467.0,,,
y1_d179_YXL_PHD,293.0,,,,,,,,False,,9430067.0,9430567.0,,,
y1_d179_YXL_PHD,294.0,Safe,,,,,,,False,,9456317.0,9456817.0,,,
y1_d180_FET_ANI,7.0,,,,,,,,False,,158325.0,158775.0,,,
y1_d180_FET_ANI,8.0,,,,,,,,False,,177925.0,178375.0,,,
y1_d180_FET_ANI,35.0,,,,,,,,False,,1055825.0,1056325.0,,,
y1_d180_FET_ANI,37.0,,,,,,,,False,,1113725.0,1114175.0,,,
y1_d180_FET_ANI,39.0,,,,,,,,False,,1166075.0,1166525.0,,,
y1_d180_FET_ANI,41.0,,,,,,,,False,,1239175.0,1239675.0,,,
y1_d180_FET_ANI,42.0,,,,,,,,False,,1265225.0,1265725.0,,,
y1_d180_FET_ANI,44.0,,,,,,,,False,,1322675.0,1323175.0,,,
y1_d180_FET_ANI,45.0,,,,,,,,False,,1357675.0,1358175.0,,,
y1_d180_FET_ANI,46.0,,,,,,,,False,,1382125.0,1382575.0,,,
y1_d180_FET_ANI,47.0,,,,,,,,False,,1404175.0,1404625.0,,,
y1_d180_FET_ANI,48.0,,,,,,,,False,,1427225.0,1427725.0,,,
y1_d180_FET_ANI,49.0,,,,,,,,False,,1468675.0,1469125.0,,,
y1_d180_FET_ANI,57.0,,,,,,,,False,,1796975.0,1797425.0,,,
y1_d180_FET_ANI,58.0,,,,,,,,False,,1816975.0,1817425.0,,,
y1_d180_FET_ANI,72.0,,,,,,,,False,,2401975.0,2402425.0,,,
y1_d180_FET_ANI,74.0,,,,,,,,False,,2462475.0,2463025.0,,,
y1_d180_FET_ANI,79.0,,,,,,,,False,,2634725.0,2635225.0,,,
y1_d180_FET_ANI,80.0,,,,,,,,False,,2659775.0,2660325.0,,,
y1_d180_FET_ANI,81.0,,,,,,,,False,,2682775.0,2683225.0,,,
y1_d180_FET_ANI,82.0,,,,,,,,False,,2707325.0,2707875.0,,,
y1_d180_FET_ANI,84.0,,,,,,,,False,,2791725.0,2792225.0,,,
y1_d180_FET_ANI,85.0,,,,,,,,False,,2812225.0,2812725.0,,,
y1_d180_FET_ANI,87.0,,,,,,,,False,,2866575.0,2867025.0,,,
y1_d180_FET_ANI,89.0,Safe,,,,,,,False,,2921675.0,2922175.0,,,
y1_d180_FET_ANI,109.0,,,,,,,,False,,3500175.0,3500675.0,,,
y1_d180_FET_ANI,111.0,,,,,,,,False,,3551925.0,3552375.0,,,
y1_d180_FET_ANI,112.0,,,,,,,,False,,3577225.0,,,,
y1_d180_FET_ANI,129.0,,,,,,,,False,,4226975.0,4227475.0,,,
y1_d180_FET_ANI,130.0,,,,,,,,False,,4247075.0,4247575.0,,,
y1_d180_FET_ANI,131.0,,,,,,,,False,,4271125.0,4271675.0,,,
y1_d180_FET_ANI,132.0,,,,,,,,False,,4298075.0,4298525.0,,,
y1_d180_FET_ANI,134.0,,,,,,,,False,,4334975.0,4335475.0,,,
y1_d180_FET_ANI,149.0,,,,,,,,False,,4954375.0,4954825.0,,,
y1_d180_FET_ANI,150.0,,,,,,,,False,,5000625.0,5001125.0,,,
y1_d180_FET_ANI,152.0,,,,,,,,False,,5046475.0,5047025.0,,,
y1_d180_FET_ANI,153.0,,,,,,,,False,,5068875.0,5069425.0,,,
y1_d180_FET_ANI,154.0,,,,,,,,False,,5094975.0,5095425.0,,,
y1_d180_FET_ANI,163.0,,,,,,,,False,,5406175.0,5406675.0,,,
y1_d180_FET_ANI,166.0,,,,,,,,False,,5523925.0,5524375.0,,,
y1_d180_FET_ANI,167.0,,,,,,,,False,,5545775.0,5546225.0,,,
y1_d180_FET_ANI,168.0,,,,,,,,False,,5572225.0,5572725.0,,,
y1_d180_FET_ANI,189.0,,,,,,,,False,,6309675.0,6310175.0,,,
y1_d180_FET_ANI,190.0,,,,,,,,False,,6329075.0,6329525.0,,,
y1_d180_FET_ANI,191.0,,,,,,,,False,,6349725.0,6350225.0,,,
y1_d180_FET_ANI,193.0,,,,,,,,False,,6397275.0,6397775.0,,,
y1_d180_FET_ANI,222.0,,,,,,,,False,,7400575.0,7401025.0,,,
y1_d180_FET_ANI,224.0,,,,,,,,False,,7447925.0,7448425.0,,,
y1_d180_FET_ANI,227.0,,,,,,,,False,,7579775.0,7580225.0,,,
y1_d180_FET_ANI,229.0,,,,,,,,False,,7626125.0,7626625.0,,,
y1_d180_FET_ANI,257.0,,,,,,,,False,,8553825.0,8554325.0,,,
y1_d180_FET_ANI,259.0,,,,,,,,False,,8615025.0,8615525.0,,,
y1_d180_FET_ANI,260.0,,,,,,,,False,,8633925.0,8634425.0,,,
y1_d180_FET_ANI,261.0,,,,,,,,False,,8661175.0,8661675.0,,,
y1_d180_FET_ANI,262.0,,,,,,,,False,,8680425.0,8680875.0,,,
y1_d180_FET_ANI,264.0,,,,,,,,False,,8725975.0,8726475.0,,,
y1_d180_FET_ANI,273.0,,,,,,,,False,,9131125.0,9131625.0,,,
y1_d180_FET_ANI,276.0,,,,,,,,False,,9201025.0,9201525.0,,,
y1_d180_FET_ANI,307.0,,,,,,,,False,,10508125.0,10508575.0,,,
y1_d180_FET_ANI,308.0,,,,,,,,False,,10524625.0,10525125.0,,,
y1_d180_FET_ANI,309.0,,,,,,,,False,,10542625.0,10543175.0,,,
y1_d180_FET_ANI,310.0,,,,,,,,False,,10565325.0,10565825.0,,,
y1_d180_FET_ANI,316.0,,,,,,,,False,,10844975.0,10845425.0,,,
y1_d180_FET_ANI,317.0,,,,,,,,False,,10864975.0,10865425.0,,,
y1_d180_FET_ANI,318.0,,,,,,,,False,,10886825.0,10887275.0,,,
y1_d180_FET_ANI,319.0,,,,,,,,False,,10927525.0,10928025.0,,,
y1_d180_FET_ANI,322.0,,,,,,,,False,,11011025.0,11011575.0,,,
y1_d180_FET_ANI,323.0,,,,,,,,False,,11033625.0,11034125.0,,,
y1_d180_FET_ANI,324.0,,,,,,,,False,,11062675.0,11063125.0,,,
y1_d180_FET_ANI,325.0,,,,,,,,False,,11084225.0,11084725.0,,,
y1_d180_FET_ANI,338.0,,,,,,,,False,,11607675.0,11608125.0,,,
y1_d180_FET_ANI,339.0,,,,,,,,False,,11628975.0,11629425.0,,,
y1_d180_FET_ANI,341.0,,,,,,,,False,,11685975.0,11686425.0,,,
y1_d180_YXL_PHD,11.0,,,,,,,,False,,354385.0,354885.0,,,
y1_d180_YXL_PHD,12.0,,,,,,,,False,,374735.0,375235.0,,,
y1_d180_YXL_PHD,14.0,,,,,,,,False,,446585.0,447035.0,,,
y1_d180_YXL_PHD,15.0,,,,,,,,False,,462685.0,463135.0,,,
y1_d180_YXL_PHD,17.0,,,,,,,,False,,527435.0,527885.0,,,
y1_d180_YXL_PHD,18.0,,,,,,,,False,,544185.0,544685.0,,,
y1_d180_YXL_PHD,37.0,,,,,,,,False,,1181685.0,1182185.0,,,
y1_d180_YXL_PHD,38.0,,,,,,,,False,,1201285.0,1201735.0,,,
y1_d180_YXL_PHD,40.0,,,,,,,,False,,1234485.0,1234935.0,,,
y1_d180_YXL_PHD,42.0,,,,,,,,False,,1267635.0,1268185.0,,,
y1_d180_YXL_PHD,44.0,,,,,,,,False,,1325185.0,1325685.0,,,
y1_d180_YXL_PHD,46.0,,,,,,,,False,,1360785.0,1361235.0,,,
y1_d180_YXL_PHD,47.0,,,,,,,,False,,1394135.0,1394735.0,,,
y1_d180_YXL_PHD,82.0,,,,,,,,False,,2409035.0,2409485.0,,,
y1_d180_YXL_PHD,83.0,,,,,,,,False,,2431485.0,2431935.0,,,
y1_d180_YXL_PHD,85.0,,,,,,,,False,,2473085.0,2473585.0,,,
y1_d180_YXL_PHD,86.0,,,,,,,,False,,2498385.0,2498835.0,,,
y1_d180_YXL_PHD,87.0,,,,,,,,False,,2516085.0,2516535.0,,,
y1_d180_YXL_PHD,122.0,,,,,,,,False,,3654635.0,3655085.0,,,
y1_d180_YXL_PHD,133.0,,,,,,,,False,,3984185.0,3984685.0,,,
y1_d180_YXL_PHD,135.0,,,,,,,,False,,4026735.0,4027185.0,,,
y1_d180_YXL_PHD,136.0,,,,,,,,False,,4045135.0,4045635.0,,,
y1_d180_YXL_PHD,137.0,,,,,,,,False,,4065385.0,4065885.0,,,
y1_d180_YXL_PHD,141.0,,,,,,,,False,,4180635.0,4181185.0,,,
y1_d180_YXL_PHD,149.0,,,,,,,,False,,4521085.0,4521585.0,,,
y1_d180_YXL_PHD,150.0,,,,,,,,False,,4539485.0,4539935.0,,,
y1_d180_YXL_PHD,151.0,,,,,,,,False,,4559185.0,4559685.0,,,
y1_d180_YXL_PHD,152.0,,,,,,,,False,,4593685.0,4594185.0,,,
y1_d180_YXL_PHD,183.0,,,,,,,,False,,5614385.0,5614835.0,,,
y1_d180_YXL_PHD,184.0,,,,,,,,False,,5633985.0,5634485.0,,,
y1_d180_YXL_PHD,185.0,,,,,,,,False,,5656885.0,5657385.0,,,
y1_d180_YXL_PHD,186.0,,,,,,,,False,,5673235.0,5673735.0,,,
y1_d180_YXL_PHD,191.0,,,,,,,,False,,5787685.0,5788135.0,,,
y1_d180_YXL_PHD,221.0,,,,,,,,False,,6878835.0,6879285.0,,,
y1_d180_YXL_PHD,222.0,,,,,,,,False,,6897685.0,6898185.0,,,
y1_d180_YXL_PHD,223.0,,,,,,,,False,,6927685.0,6928185.0,,,
y1_d180_YXL_PHD,225.0,,,,,,,,False,,6975385.0,6975835.0,,,
y1_d180_YXL_PHD,227.0,,,,,,,,False,,7102585.0,7103135.0,,,
y1_d180_YXL_PHD,228.0,,,,,,,,False,,7142185.0,7142685.0,,,
y1_d180_YXL_PHD,229.0,,,,,,,,False,,7163935.0,7164435.0,,,
y1_d180_YXL_PHD,230.0,,,,,,,,False,,7189085.0,7189585.0,,,
y1_d180_YXL_PHD,231.0,,,,,,,,False,,7215985.0,7216485.0,,,
y1_d180_YXL_PHD,234.0,,,,,,,,False,,7329135.0,7329635.0,,,
y1_d180_YXL_PHD,276.0,,,,,,,,False,,8891685.0,8892185.0,,,
y1_d180_YXL_PHD,279.0,,,,,,,,False,,8967435.0,8967935.0,,,
y1_d180_YXL_PHD,281.0,,,,,,,,False,,9024785.0,9025285.0,,,
y1_d180_YXL_PHD,282.0,,,,,,,,False,,9044585.0,9045035.0,,,
y1_d180_YXL_PHD,283.0,,,,,,,,False,,9075285.0,9075735.0,,,
y1_d180_YXL_PHD,284.0,,,,,,,,False,,9095635.0,9096135.0,,,
y1_d181_LRQ_ARN,5.0,,,,,,,,False,,102334.0,102834.0,,,
y1_d181_LRQ_ARN,11.0,,,,,,,,False,,262134.0,262634.0,,,
y1_d181_LRQ_ARN,13.0,,,,,,,,False,,319384.0,319934.0,,,
y1_d181_LRQ_ARN,14.0,,,,,,,,False,,339934.0,340434.0,,,
y1_d181_LRQ_ARN,15.0,,,,,,,,False,,359584.0,360034.0,,,
y1_d181_LRQ_ARN,67.0,,,,,,,,False,,2106934.0,2107434.0,,,
y1_d181_LRQ_ARN,68.0,,,,,,,,False,,2133384.0,2133934.0,,,
y1_d181_LRQ_ARN,69.0,,,,,,,,False,,2159884.0,2160334.0,,,
y1_d181_LRQ_ARN,72.0,,,,,,,,False,,2265084.0,2265534.0,,,
y1_d181_LRQ_ARN,73.0,,,,,,,,False,,2288934.0,2289534.0,,,
y1_d181_LRQ_ARN,78.0,,,,,,,,False,,2528384.0,2528884.0,,,
y1_d181_LRQ_ARN,99.0,,,,,,,,False,,8920484.0,8920934.0,,,
y1_d181_LRQ_ARN,100.0,,,,,,,,False,,8940284.0,8940784.0,,,
y1_d181_LRQ_ARN,101.0,,,,,,,,False,,8959884.0,8960334.0,,,
y1_d181_LRQ_ARN,102.0,,,,,,,,False,,8981584.0,8982084.0,,,
y1_d181_LRQ_ARN,103.0,,,,,,,,False,,9003034.0,9003534.0,,,
y1_d181_LRQ_ARN,105.0,,,,,,,,False,,9064484.0,9064934.0,,,
y1_d181_LRQ_ARN,106.0,,,,,,,,False,,9085234.0,9085734.0,,,
y1_d181_LRQ_ARN,134.0,,,,,,,,False,,9970584.0,9971084.0,,,
y1_d181_LRQ_ARN,144.0,,,,,,,,False,,10325934.0,10326384.0,,,
y1_d181_LRQ_ARN,145.0,,,,,,,,False,,10346534.0,10347034.0,,,
y1_d181_LRQ_ARN,146.0,,,,,,,,False,,10369734.0,10370234.0,,,
y1_d181_LRQ_ARN,147.0,,,,,,,,False,,10414984.0,10415434.0,,,
y1_d181_LRQ_ARN,148.0,,,,,,,,False,,10448934.0,10449434.0,,,
y1_d181_LRQ_ARN,149.0,,,,,,,,False,,10471284.0,10471784.0,,,
y1_d181_LRQ_ARN,151.0,,,,,,,,False,,10524034.0,10524534.0,,,
y1_d181_LRQ_ARN,152.0,,,,,,,,False,,10559434.0,10559984.0,,,
y1_d181_LRQ_ARN,153.0,,,,,,,,False,,10579434.0,10579884.0,,,
y1_d181_LRQ_ARN,154.0,,,,,,,,False,,10603884.0,10604384.0,,,
y1_d181_LRQ_ARN,155.0,,,,,,,,False,,10628984.0,10629434.0,,,
y1_d181_LRQ_ARN,156.0,,,,,,,,False,,10651784.0,10652284.0,,,
y1_d181_LRQ_ARN,158.0,,,,,,,,False,,10726134.0,10726634.0,,,
y1_d181_LRQ_ARN,168.0,,,,,,,,False,,11071084.0,11071634.0,,,
y1_d181_LRQ_ARN,169.0,,,,,,,,False,,11087334.0,11087884.0,,,
y1_d181_LRQ_ARN,170.0,,,,,,,,False,,11112184.0,11113834.0,,,
y1_d181_LRQ_ARN,172.0,,,,,,,,False,,11156584.0,11157084.0,,,
y1_d181_LRQ_ARN,174.0,,,,,,,,False,,11211534.0,11212084.0,,,
y1_d181_LRQ_ARN,175.0,,,,,,,,False,,11243334.0,11243784.0,,,
y1_d181_LRQ_ARN,176.0,,,,,,,,False,,11260384.0,11260934.0,,,
y1_d181_LRQ_ARN,178.0,,,,,,,,False,,11305384.0,11305834.0,,,
y1_d181_LRQ_ARN,179.0,,,,,,,,False,,11326384.0,11326884.0,,,
y1_d181_LRQ_ARN,192.0,,,,,,,,False,,11785184.0,11785634.0,,,
y1_d181_LRQ_ARN,193.0,,,,,,,,False,,11806634.0,11807134.0,,,
y1_d181_LRQ_ARN,195.0,,,0.75,,,,,False,,11881134.0,11881584.0,11882334.0,,
y1_d181_LRQ_ARN,227.0,,,,,,,,False,,13205484.0,13207384.0,,,
y1_d181_LRQ_ARN,228.0,,,,,,,,False,,13238084.0,13238534.0,,,
y1_d181_LRQ_ARN,230.0,Safe,7.45,0.7,6.75,91.03517691792574,73.14161344076386,23.67627075869004,False,95.732385791205,13286534.0,13286984.0,13287684.0,13294434.0,136
y1_d181_LRQ_ARN,235.0,,,,,,,,False,,13468284.0,13468734.0,,,
y1_d181_LRQ_ARN,237.0,,,,,,,,False,,13513584.0,13514134.0,,,
y1_d181_LRQ_ARN,238.0,,,,,,,,False,,13535734.0,13536234.0,,,
y1_d181_LRQ_ARN,243.0,,,,,,,,False,,13815884.0,13816384.0,,,
y1_d181_LRQ_ARN,244.0,,,,,,,,False,,13831934.0,13833284.0,,,
y1_d181_LRQ_ARN,246.0,,,,,,,,False,,13886634.0,13887134.0,,,
y1_d181_LRQ_ARN,248.0,,,,,,,,False,,13951784.0,13952234.0,,,
y1_d181_LRQ_ARN,249.0,,,,,,,,False,,13972034.0,13972534.0,,,
y1_d181_LRQ_ARN,250.0,,,,,,,,False,,13993434.0,13994534.0,,,
y1_d181_LRQ_ARN,251.0,,,,,,,,False,,14018134.0,14018634.0,,,
y1_d181_LRQ_ARN,252.0,,,,,,,,False,,14040984.0,14041484.0,,,
y1_d181_LRQ_ARN,254.0,,,,,,,,False,,14088834.0,14089284.0,,,
y1_d181_LRQ_ARN,264.0,,,,,,,,False,,14401434.0,14401934.0,,,
y1_d181_LRQ_ARN,266.0,,,,,,,,False,,14447584.0,14448084.0,,,
y1_d181_LRQ_ARN,268.0,,,,,,,,False,,14507384.0,14512084.0,,,
y1_d181_LRQ_ARN,358.0,,,,,,,,False,,17583534.0,17583984.0,,,
y1_d181_LRQ_ARN,359.0,,,,,,,,False,,17601834.0,17602284.0,,,
y1_d181_LRQ_ARN,362.0,,,,,,,,False,,17681034.0,17681484.0,,,
y1_d181_LRQ_ARN,365.0,,,,,,,,False,,17826084.0,17826534.0,,,
y1_d181_LRQ_ARN,366.0,,,,,,,,False,,17849234.0,17849734.0,,,
y1_d181_LRQ_ARN,367.0,,,,,,,,False,,17878984.0,17879484.0,,,
y1_d181_LRQ_ARN,368.0,,,,,,,,False,,17909134.0,17909584.0,,,
y1_d181_TQS_PHD,10.0,,,,,,,,False,,254292.0,254742.0,,,
y1_d181_TQS_PHD,20.0,,,,,,,,False,,657192.0,657642.0,,,
y1_d181_TQS_PHD,43.0,,,,,,,,False,,1424292.0,1424842.0,,,
y1_d181_TQS_PHD,44.0,,,,,,,,False,,1443792.0,1444242.0,,,
y1_d181_TQS_PHD,45.0,,,,,,,,False,,1465842.0,1466292.0,,,
y1_d181_TQS_PHD,48.0,,,,,,,,False,,1527192.0,1527642.0,,,
y1_d181_TQS_PHD,49.0,,,,,,,,False,,1562642.0,1563092.0,,,
y1_d181_TQS_PHD,50.0,,,,,,,,False,,1581442.0,1581942.0,,,
y1_d181_TQS_PHD,51.0,,,,,,,,False,,1600892.0,1601392.0,,,
y1_d181_TQS_PHD,52.0,,,,,,,,False,,1623292.0,1623742.0,,,
y1_d181_TQS_PHD,57.0,,,,,,,,False,,1789542.0,1789992.0,,,
y1_d181_TQS_PHD,58.0,,,,,,,,False,,1809942.0,1810392.0,,,
y1_d181_TQS_PHD,61.0,,,,,,,,False,,1877292.0,1877742.0,,,
y1_d181_TQS_PHD,75.0,,,,,,,,False,,2523842.0,2524342.0,,,
y1_d181_TQS_PHD,85.0,,,,,,,,False,,2781142.0,2781642.0,,,
y1_d181_TQS_PHD,86.0,,,,,,,,False,,2800842.0,2801342.0,,,
y1_d181_TQS_PHD,87.0,,,,,,,,False,,2823842.0,2824292.0,,,
y1_d181_TQS_PHD,88.0,,,,,,,,False,,2845792.0,2846242.0,,,
y1_d181_TQS_PHD,89.0,,,,,,,,False,,2868242.0,2868742.0,,,
y1_d181_TQS_PHD,106.0,,,,,,,,False,,3547292.0,3547742.0,,,
y1_d181_TQS_PHD,107.0,,,,,,,,False,,3564392.0,3564892.0,,,
y1_d181_TQS_PHD,110.0,,,,,,,,False,,3629342.0,3629842.0,,,
y1_d181_TQS_PHD,112.0,,,,,,,,False,,3696692.0,3697192.0,,,
y1_d181_TQS_PHD,113.0,,,,,,,,False,,3717592.0,3718092.0,,,
y1_d181_TQS_PHD,140.0,,,,,,,,False,,4613842.0,4618042.0,,,
y1_d181_TQS_PHD,141.0,,,,,,,,False,,4651442.0,,,,
y1_d181_TQS_PHD,145.0,,,,,,,,False,,4873792.0,4874342.0,,,
y1_d181_TQS_PHD,146.0,,,,,,,,False,,4894042.0,4894592.0,,,
y1_d181_TQS_PHD,147.0,,,,,,,,False,,4914492.0,4914992.0,,,
y1_d181_TQS_PHD,166.0,,,,,,,,False,,5720692.0,5721242.0,,,
y1_d181_TQS_PHD,168.0,,,,,,,,False,,5760242.0,5760742.0,,,
y1_d181_TQS_PHD,170.0,,,,,,,,False,,5809292.0,5809742.0,,,
y1_d181_TQS_PHD,191.0,,,,,,,,False,,6558842.0,6559292.0,,,
y1_d181_TQS_PHD,192.0,,,,,,,,False,,6578042.0,,,,
y1_d181_TQS_PHD,193.0,,,,,,,,False,,6620092.0,6620542.0,,,
y1_d181_TQS_PHD,194.0,,,,,,,,False,,6648842.0,6649292.0,,,
y1_d181_TQS_PHD,196.0,,,,,,,,False,,6705442.0,6705892.0,,,
y1_d181_TQS_PHD,233.0,,,,,,,,False,,7974042.0,7974592.0,,,
y1_d181_TQS_PHD,234.0,,,,,,,,False,,7988392.0,7988942.0,,,
y1_d181_TQS_PHD,235.0,,,,,,,,False,,8011092.0,8011592.0,,,
y1_d181_TQS_PHD,242.0,,,,,,,,False,,8223342.0,8223842.0,,,
y1_d181_TQS_PHD,243.0,,,,,,,,False,,8237242.0,8237692.0,,,
y1_d181_TQS_PHD,244.0,,,,,,,,False,,8252392.0,8252892.0,,,
y1_d181_TQS_PHD,247.0,,,,,,,,False,,8324392.0,8324942.0,,,
y1_d181_TQS_PHD,257.0,,,,,,,,False,,8790442.0,8790992.0,,,
y1_d181_WIF_ANI,56.0,,,,,,,,False,,1778059.0,1778559.0,,,
y1_d181_WIF_ANI,62.0,,,,,,,,False,,2033409.0,2033909.0,,,
y1_d181_WIF_ANI,63.0,,,,,,,,False,,2048809.0,2049309.0,,,
y1_d181_WIF_ANI,64.0,,,,,,,,False,,2064659.0,2065159.0,,,
y1_d181_WIF_ANI,65.0,,,,,,,,False,,2080059.0,2080609.0,,,
y1_d181_WIF_ANI,66.0,,,,,,,,False,,2097309.0,2097809.0,,,
y1_d181_WIF_ANI,69.0,,,,,,,,False,,2153859.0,2154359.0,,,
y1_d181_WIF_ANI,70.0,,,,,,,,False,,2188559.0,2189059.0,,,
y1_d181_WIF_ANI,71.0,,,,,,,,False,,2206559.0,2207059.0,,,
y1_d181_WIF_ANI,74.0,,,,,,,,False,,2325459.0,2325959.0,,,
y1_d181_WIF_ANI,75.0,,,,,,,,False,,2342959.0,2343509.0,,,
y1_d181_WIF_ANI,76.0,,,,,,,,False,,2363509.0,2364009.0,,,
y1_d181_WIF_ANI,82.0,,,,,,,,False,,2699809.0,2700309.0,,,
y1_d181_WIF_ANI,110.0,Safe,,,,,,,False,,3567459.0,,,,
y1_d181_WIF_ANI,124.0,,,,,,,,False,,4027359.0,4027809.0,,,
y1_d181_WIF_ANI,125.0,,,,,,,,False,,4044459.0,4044959.0,,,
y1_d181_WIF_ANI,183.0,,,,,,,,False,,6139509.0,6140009.0,,,
y1_d181_WIF_ANI,184.0,,,,,,,,False,,6155309.0,6155759.0,,,
y1_d181_WIF_ANI,186.0,,,,,,,,False,,6200059.0,6200509.0,,,
y1_d181_WIF_ANI,210.0,,,,,,,,False,,6913409.0,6913859.0,,,
y1_d181_WIF_ANI,211.0,,,,,,,,False,,6930059.0,6930559.0,,,
y1_d181_WIF_ANI,226.0,,,,,,,,False,,7608259.0,7608709.0,,,
y1_d181_WIF_ANI,227.0,,,,,,,,False,,7621509.0,7621959.0,,,
y1_d181_WIF_ANI,228.0,,,,,,,,False,,7636959.0,7637459.0,,,
y1_d181_WIF_ANI,229.0,,,,,,,,False,,7653009.0,7653509.0,,,
y1_d181_WIF_ANI,231.0,,,,,,,,False,,7698459.0,7698959.0,,,
y1_d181_WIF_ANI,244.0,,,,,,,,False,,8117609.0,8118109.0,,,
y1_d181_WIF_ANI,270.0,,,,,,,,False,,8997259.0,8997709.0,,,
y1_d181_WIF_ANI,272.0,,,,,,,,False,,9044059.0,9044509.0,,,
y1_d181_WIF_ANI,273.0,,,,,,,,False,,9061059.0,9061559.0,,,
y1_d181_WIF_ANI,274.0,,,,,,,,False,,9089359.0,9089809.0,,,
y1_d181_WIF_ANI,290.0,,,,,,,,False,,9733259.0,9733659.0,,,
y1_d181_WIF_ANI,291.0,,,,,,,,False,,9753209.0,9753709.0,,,
y1_d181_WIF_ANI,293.0,,,,,,,,False,,9810859.0,,,,
y1_d181_WIF_ANI,294.0,,,,,,,,False,,9848559.0,9849059.0,,,
y1_d182_LRQ_ARN,6.0,,,,,,,,False,,165598.0,166048.0,,,
y1_d182_LRQ_ARN,7.0,,,,,,,,False,,184648.0,185198.0,,,
y1_d182_LRQ_ARN,9.0,,,,,,,,False,,247248.0,247748.0,,,
y1_d182_LRQ_ARN,12.0,,,,,,,,False,,323798.0,324298.0,,,
y1_d182_LRQ_ARN,15.0,,,,,,,,False,,417398.0,417898.0,,,
y1_d182_LRQ_ARN,18.0,,,,,,,,False,,477998.0,478548.0,,,
y1_d182_LRQ_ARN,58.0,,,,,,,,False,,1726948.0,1727398.0,,,
y1_d182_LRQ_ARN,65.0,,,,,,,,False,,1980698.0,1981198.0,,,
y1_d182_LRQ_ARN,66.0,,,,,,,,False,,2006198.0,2006698.0,,,
y1_d182_LRQ_ARN,67.0,,,,,,,,False,,2029698.0,2030248.0,,,
y1_d182_LRQ_ARN,69.0,,,,,,,,False,,2094648.0,2095148.0,,,
y1_d182_LRQ_ARN,71.0,,,,,,,,False,,2168998.0,2169498.0,,,
y1_d182_LRQ_ARN,114.0,,,,,,,,False,,3338298.0,3338898.0,,,
y1_d182_LRQ_ARN,115.0,,,,,,,,False,,3356548.0,3357048.0,,,
y1_d182_LRQ_ARN,116.0,,,,,,,,False,,3378448.0,3378948.0,,,
y1_d182_LRQ_ARN,117.0,,,,,,,,False,,3405098.0,3405598.0,,,
y1_d182_LRQ_ARN,118.0,,,,,,,,False,,3426398.0,3426848.0,,,
y1_d182_LRQ_ARN,121.0,,,,,,,,False,,3522898.0,3523398.0,,,
y1_d182_LRQ_ARN,122.0,,,,,,,,False,,3542948.0,3543498.0,,,
y1_d182_LRQ_ARN,135.0,,,,,,,,False,,4063648.0,4064148.0,,,
y1_d182_LRQ_ARN,136.0,,,,,,,,False,,4080998.0,4081548.0,,,
y1_d182_LRQ_ARN,137.0,,,,,,,,False,,4101498.0,4102048.0,,,
y1_d182_LRQ_ARN,142.0,,,,,,,,False,,4242898.0,4243398.0,,,
y1_d182_LRQ_ARN,150.0,,,,,,,,False,,4596548.0,4597098.0,,,
y1_d182_LRQ_ARN,151.0,,,,,,,,False,,4613848.0,4614298.0,,,
y1_d182_LRQ_ARN,154.0,,,,,,,,False,,4795698.0,4796198.0,,,
y1_d182_LRQ_ARN,155.0,,,,,,,,False,,4813748.0,4814298.0,,,
y1_d182_LRQ_ARN,156.0,,,,,,,,False,,4831498.0,4831998.0,,,
y1_d182_LRQ_ARN,157.0,,,,,,,,False,,4850048.0,4850548.0,,,
y1_d182_LRQ_ARN,158.0,,,,,,,,False,,4868398.0,4868898.0,,,
y1_d182_LRQ_ARN,161.0,,,0.65,,,,,False,,4952798.0,4953298.0,4953948.0,,
y1_d182_LRQ_ARN,165.0,,,,,,,,False,,5078098.0,5078598.0,,,
y1_d182_LRQ_ARN,179.0,,,,,,,,False,,5659948.0,5660398.0,,,
y1_d182_LRQ_ARN,199.0,,,,,,,,False,,6423198.0,6423648.0,,,
y1_d182_LRQ_ARN,201.0,,,,,,,,False,,6650048.0,6650548.0,,,
y1_d182_LRQ_ARN,204.0,,,,,,,,False,,6761898.0,6762448.0,,,
y1_d182_LRQ_ARN,205.0,,,,,,,,False,,6784848.0,6785348.0,,,
y1_d182_LRQ_ARN,206.0,,,,,,,,False,,6804398.0,6804898.0,,,
y1_d182_LRQ_ARN,220.0,,,,,,,,False,,7238848.0,7239298.0,,,
y1_d182_LRQ_ARN,221.0,,,,,,,,False,,7258948.0,7259448.0,,,
y1_d182_LRQ_ARN,223.0,,,,,,,,False,,7345148.0,7345598.0,,,
y1_d182_LRQ_ARN,224.0,,,,,,,,False,,7366298.0,7366748.0,,,
y1_d182_LRQ_ARN,225.0,,,,,,,,False,,7391948.0,7392398.0,,,
y1_d182_LRQ_ARN,226.0,,,,,,,,False,,7417098.0,7417598.0,,,
y1_d182_LRQ_ARN,227.0,,,,,,,,False,,7442998.0,7443448.0,,,
y1_d182_LRQ_ARN,229.0,,,,,,,,False,,7544348.0,7544798.0,,,
y1_d182_LRQ_ARN,230.0,,,,,,,,False,,7570848.0,7571298.0,,,
y1_d182_LRQ_ARN,232.0,,,,,,,,False,,7623898.0,7624398.0,,,
y1_d182_LRQ_ARN,233.0,,,,,,,,False,,7653998.0,7654448.0,,,
y1_d182_LRQ_ARN,234.0,,,,,,,,False,,7695448.0,7695898.0,,,
y1_d182_LRQ_ARN,247.0,,,,,,,,False,,8315598.0,8316048.0,,,
y1_d182_LRQ_ARN,249.0,,,,,,,,False,,8387998.0,8388498.0,,,
y1_d182_LRQ_ARN,250.0,Safe,,,,,,,False,,8406648.0,8407148.0,,,
y1_d182_LRQ_ARN,255.0,,,,,,,,False,,8667898.0,8668398.0,,,
y1_d182_LRQ_ARN,256.0,,,,,,,,False,,8685348.0,8685898.0,,,
y1_d182_LRQ_ARN,265.0,,,,,,,,False,,8934098.0,8934548.0,,,
y1_d182_LRQ_ARN,268.0,,,,,,,,False,,9047398.0,9047948.0,,,
y1_d182_LRQ_ARN,269.0,,,,,,,,False,,9062048.0,9063098.0,,,
y1_d182_LRQ_ARN,292.0,,,,,,,,False,,9895048.0,9895648.0,,,
y1_d182_LRQ_ARN,293.0,,,,,,,,False,,9911948.0,9912498.0,,,
y1_d182_LRQ_ARN,294.0,,,,,,,,False,,9935998.0,9936548.0,,,
y1_d182_LRQ_ARN,295.0,,,,,,,,False,,9953348.0,9953898.0,,,
y1_d182_LRQ_ARN,297.0,,,,,,,,False,,10001548.0,10006148.0,,,
y1_d182_LRQ_ARN,298.0,,,,,,,,False,,10034098.0,10034648.0,,,
y1_d182_LRQ_ARN,299.0,,,,,,,,False,,10058998.0,10063098.0,,,
y1_d182_LRQ_ARN,303.0,,,,,,,,False,,10154848.0,10155398.0,,,
y1_d182_LRQ_ARN,305.0,,,,,,,,False,,10202298.0,10202748.0,,,
y1_d182_LRQ_ARN,306.0,,,,,,,,False,,10242148.0,10242598.0,,,
y1_d182_LRQ_ARN,307.0,Safe,,,,,,,False,,10307598.0,10308148.0,,,
y1_d182_LRQ_ARN,310.0,,,,,,,,False,,10413398.0,10413898.0,,,
y1_d182_LRQ_ARN,311.0,,,,,,,,False,,10431698.0,10432248.0,,,
y1_d182_LRQ_ARN,312.0,,,,,,,,False,,10453098.0,10453648.0,,,
y1_d182_LRQ_ARN,314.0,,,,,,,,False,,10497498.0,10497998.0,,,
y1_d182_LRQ_ARN,315.0,,,,,,,,False,,10520648.0,10521148.0,,,
y1_d182_LRQ_ARN,317.0,Safe,,,,,,,False,,10747698.0,10748148.0,,,
y1_d182_TQS_PHD,42.0,,,,,,,,False,,1295988.0,1296488.0,,,
y1_d182_TQS_PHD,43.0,,,,,,,,False,,1312738.0,1313188.0,,,
y1_d182_TQS_PHD,47.0,,,,,,,,False,,1412788.0,1413238.0,,,
y1_d182_TQS_PHD,48.0,,,,,,,,False,,1431438.0,1431888.0,,,
y1_d182_TQS_PHD,49.0,,,,,,,,False,,1458938.0,1459538.0,,,
y1_d182_TQS_PHD,50.0,,,,,,,,False,,1477438.0,1477938.0,,,
y1_d182_TQS_PHD,51.0,,,,,,,,False,,1496088.0,1496638.0,,,
y1_d182_TQS_PHD,52.0,,,,,,,,False,,1521738.0,1522288.0,,,
y1_d182_TQS_PHD,53.0,,,,,,,,False,,1542288.0,1542738.0,,,
y1_d182_TQS_PHD,54.0,,,,,,,,False,,1561488.0,1561938.0,,,
y1_d182_TQS_PHD,58.0,,,,,,,,False,,1775338.0,1775788.0,,,
y1_d182_TQS_PHD,59.0,,,,,,,,False,,1793888.0,1794338.0,,,
y1_d182_TQS_PHD,61.0,,,,,,,,False,,1847388.0,1847888.0,,,
y1_d182_TQS_PHD,63.0,,1.95,0.65,1.3,76.99919938278005,76.15089039519812,66.0847110235782,True,3.0350999441138478,1894588.0,1895038.0,1895688.0,1896988.0,27
y1_d182_TQS_PHD,64.0,,,,,,,,False,,1925388.0,1925838.0,,,
y1_d182_TQS_PHD,66.0,,,,,,,,False,,1965288.0,1965788.0,,,
y1_d182_TQS_PHD,89.0,,,,,,,,False,,2694888.0,2695388.0,,,
y1_d182_TQS_PHD,90.0,,,,,,,,False,,2712238.0,2712738.0,,,
y1_d182_TQS_PHD,91.0,,,,,,,,False,,2746738.0,2747238.0,,,
y1_d182_TQS_PHD,92.0,,,,,,,,False,,2771738.0,2772188.0,,,
y1_d182_TQS_PHD,93.0,,,,,,,,False,,2806938.0,2807438.0,,,
y1_d182_TQS_PHD,97.0,,,,,,,,False,,2909538.0,2909988.0,,,
y1_d182_TQS_PHD,98.0,,,,,,,,False,,2931488.0,2931988.0,,,
y1_d182_TQS_PHD,125.0,,,,,,,,False,,3899088.0,3899688.0,,,
y1_d182_TQS_PHD,126.0,,,,,,,,False,,3914888.0,3915338.0,,,
y1_d182_TQS_PHD,127.0,,,,,,,,False,,3934238.0,3934688.0,,,
y1_d182_TQS_PHD,128.0,,,,,,,,False,,3956188.0,3956638.0,,,
y1_d182_TQS_PHD,132.0,,,,,,,,False,,4089238.0,,,,
y1_d182_TQS_PHD,150.0,,,,,,,,False,,4708488.0,4708938.0,,,
y1_d182_TQS_PHD,154.0,,,,,,,,False,,4848088.0,4848538.0,,,
y1_d182_TQS_PHD,161.0,,,,,,,,False,,5069688.0,5072088.0,,,
y1_d182_TQS_PHD,162.0,,,,,,,,False,,5106588.0,5107088.0,,,
y1_d182_TQS_PHD,164.0,,,,,,,,False,,5147538.0,5148038.0,,,
y1_d182_TQS_PHD,167.0,,,,,,,,False,,5237238.0,5237688.0,,,
y1_d182_TQS_PHD,170.0,,,,,,,,False,,5459338.0,5459838.0,,,
y1_d182_TQS_PHD,171.0,,,,,,,,False,,5488288.0,5488788.0,,,
y1_d182_TQS_PHD,174.0,,,,,,,,False,,5570888.0,5571388.0,,,
y1_d182_TQS_PHD,176.0,"Out (inning-ending, verify)",1.9,0.75,1.15,80.59192698555607,79.81800427014903,73.45957514726057,True,3.269388417288162,5619138.0,5619638.0,5620388.0,5621538.0,24
y1_d182_TQS_PHD,181.0,,,,,,,,False,,5866688.0,5867188.0,,,
y1_d182_TQS_PHD,182.0,,,,,,,,False,,5885188.0,5885638.0,,,
y1_d182_TQS_PHD,183.0,,,,,,,,False,,5903438.0,5903938.0,,,
y1_d182_TQS_PHD,184.0,,,,,,,,False,,5927488.0,5931188.0,,,
y1_d182_TQS_PHD,185.0,,,,,,,,False,,5960638.0,5961088.0,,,
y1_d182_TQS_PHD,202.0,,,,,,,,False,,6580088.0,6580588.0,,,
y1_d182_TQS_PHD,203.0,,,,,,,,False,,6602638.0,6603138.0,,,
y1_d182_TQS_PHD,204.0,,,,,,,,False,,6622338.0,6622788.0,,,
y1_d182_TQS_PHD,205.0,,,,,,,,False,,6643638.0,6644088.0,,,
y1_d182_TQS_PHD,215.0,,,,,,,,False,,7047738.0,7048188.0,,,
y1_d182_TQS_PHD,216.0,,,,,,,,False,,7066338.0,7066838.0,,,
y1_d182_TQS_PHD,217.0,,,,,,,,False,,7090538.0,7091088.0,,,
y1_d182_TQS_PHD,218.0,,,,,,,,False,,7114988.0,7115588.0,,,
y1_d182_TQS_PHD,228.0,,,,,,,,False,,7558038.0,7558488.0,,,
y1_d182_TQS_PHD,233.0,,,,,,,,False,,7706688.0,7707188.0,,,
y1_d182_TQS_PHD,234.0,,,,,,,,False,,7746038.0,7746538.0,,,
y1_d182_TQS_PHD,235.0,,,,,,,,False,,7771788.0,7772238.0,,,
y1_d182_TQS_PHD,237.0,,,,,,,,False,,7870638.0,7871088.0,,,
y1_d182_TQS_PHD,238.0,,,,,,,,False,,7894738.0,7895238.0,,,
y1_d182_TQS_PHD,239.0,,,,,,,,False,,7916738.0,7917288.0,,,
y1_d182_TQS_PHD,241.0,,,,,,,,False,,7968588.0,7969088.0,,,
y1_d182_TQS_PHD,242.0,,,,,,,,False,,7991488.0,7992038.0,,,
y1_d182_TQS_PHD,243.0,,,,,,,,False,,8016288.0,8016788.0,,,
y1_d182_TQS_PHD,250.0,,,,,,,,False,,8386538.0,8387038.0,,,
y1_d182_TQS_PHD,254.0,,,,,,,,False,,8487388.0,8487888.0,,,
y1_d182_TQS_PHD,255.0,,,,,,,,False,,8505438.0,8505938.0,,,
y1_d182_TQS_PHD,256.0,,,,,,,,False,,8524688.0,8525138.0,,,
y1_d182_TQS_PHD,257.0,,,,,,,,False,,8548338.0,8548788.0,,,
y1_d182_TQS_PHD,258.0,,,,,,,,False,,8569538.0,8570038.0,,,
y1_d182_TQS_PHD,259.0,,,,,,,,False,,8588438.0,8588938.0,,,
y1_d182_TQS_PHD,260.0,,,,,,,,False,,8618638.0,8619138.0,,,
y1_d182_TQS_PHD,280.0,,,,,,,,False,,9429338.0,9429838.0,,,
y1_d182_TQS_PHD,282.0,,,,,,,,False,,9486438.0,9486938.0,,,
y1_d182_TQS_PHD,285.0,,,,,,,,False,,9576638.0,9577088.0,,,
y1_d182_TQS_PHD,288.0,,,,,,,,False,,9652588.0,9653138.0,,,
y1_d182_TQS_PHD,291.0,,,,,,,,False,,9746938.0,9747388.0,,,
y1_d182_TQS_PHD,296.0,,,,,,,,False,,10000138.0,10000638.0,,,
y1_d182_TQS_PHD,297.0,,,,,,,,False,,10016638.0,10017138.0,,,
y1_d182_TQS_PHD,298.0,,,,,,,,False,,10038238.0,10038688.0,,,
y1_d182_TQS_PHD,299.0,,,,,,,,False,,10061188.0,10066088.0,,,
y1_d182_TQS_PHD,300.0,,,,,,,,False,,10092838.0,,,,
y1_d182_WIF_ANI,6.0,,,,,,,,False,,151316.0,151816.0,,,
y1_d182_WIF_ANI,7.0,,,,,,,,False,,174066.0,174616.0,,,
y1_d182_WIF_ANI,8.0,,,,,,,,False,,195116.0,195666.0,,,
y1_d182_WIF_ANI,26.0,,,,,,,,False,,727766.0,728266.0,,,
y1_d182_WIF_ANI,27.0,,,,,,,,False,,750666.0,751166.0,,,
y1_d182_WIF_ANI,29.0,,,,,,,,False,,795666.0,796166.0,,,
y1_d182_WIF_ANI,31.0,,,,,,,,False,,854166.0,854666.0,,,
y1_d182_WIF_ANI,34.0,,,,,,,,False,,1088816.0,1089366.0,,,
y1_d182_WIF_ANI,37.0,,,,,,,,False,,1199616.0,1200116.0,,,
y1_d182_WIF_ANI,38.0,,,,,,,,False,,1221866.0,1222366.0,,,
y1_d182_WIF_ANI,40.0,,,,,,,,False,,1281416.0,1281916.0,,,
y1_d182_WIF_ANI,42.0,,,,,,,,False,,1350666.0,1351166.0,,,
y1_d182_WIF_ANI,43.0,,,,,,,,False,,1371716.0,1372216.0,,,
y1_d182_WIF_ANI,44.0,,,,,,,,False,,1396416.0,1396916.0,,,
y1_d182_WIF_ANI,45.0,,,,,,,,False,,1427216.0,1427666.0,,,
y1_d182_WIF_ANI,46.0,,,,,,,,False,,1453816.0,1454316.0,,,
y1_d182_WIF_ANI,47.0,,,,,,,,False,,1476866.0,1477366.0,,,
y1_d182_WIF_ANI,56.0,,,,,,,,False,,1846416.0,1846916.0,,,
y1_d182_WIF_ANI,57.0,,,,,,,,False,,1864316.0,1864916.0,,,
y1_d182_WIF_ANI,58.0,,,,,,,,False,,1884716.0,1885266.0,,,
y1_d182_WIF_ANI,60.0,,,,,,,,False,,1953766.0,1954266.0,,,
y1_d182_WIF_ANI,61.0,,,,,,,,False,,1976316.0,1976916.0,,,
y1_d182_WIF_ANI,62.0,,,,,,,,False,,1998516.0,1999016.0,,,
y1_d182_WIF_ANI,63.0,,,,,,,,False,,2019016.0,2019516.0,,,
y1_d182_WIF_ANI,64.0,,,,,,,,False,,2047916.0,2048466.0,,,
y1_d182_WIF_ANI,115.0,,,,,,,,False,,3827166.0,3827666.0,,,
y1_d182_WIF_ANI,116.0,,,,,,,,False,,3845866.0,3846316.0,,,
y1_d182_WIF_ANI,118.0,,,,,,,,False,,3891016.0,3891566.0,,,
y1_d182_WIF_ANI,121.0,,,,,,,,False,,3972216.0,,,,
y1_d182_WIF_ANI,122.0,,,,,,,,False,,4007466.0,4007966.0,,,
y1_d182_WIF_ANI,129.0,,,,,,,,False,,4249916.0,4250466.0,,,
y1_d182_WIF_ANI,130.0,,,,,,,,False,,4274666.0,4275166.0,,,
y1_d182_WIF_ANI,131.0,,,,,,,,False,,4295966.0,4296466.0,,,
y1_d182_WIF_ANI,159.0,,,,,,,,False,,5188566.0,5189016.0,,,
y1_d182_WIF_ANI,160.0,,,,,,,,False,,5211266.0,5211716.0,,,
y1_d182_WIF_ANI,163.0,,,,,,,,False,,5295816.0,5296266.0,,,
y1_d182_WIF_ANI,165.0,,,,,,,,False,,5362466.0,5362966.0,,,
y1_d182_WIF_ANI,181.0,,,,,,,,False,,5927766.0,5928266.0,,,
y1_d182_WIF_ANI,182.0,,,,,,,,False,,5952616.0,5953166.0,,,
y1_d182_WIF_ANI,196.0,,,,,,,,False,,6429566.0,6430016.0,,,
y1_d182_WIF_ANI,198.0,,,,,,,,False,,6497416.0,6497916.0,,,
y1_d182_WIF_ANI,215.0,,,,,,,,False,,7157466.0,7157966.0,,,
y1_d182_WIF_ANI,216.0,,,,,,,,False,,7186216.0,7186766.0,,,
y1_d182_WIF_ANI,218.0,,,,,,,,False,,7241216.0,7241766.0,,,
y1_d182_WIF_ANI,220.0,,,,,,,,False,,7316816.0,7317316.0,,,
y1_d182_WIF_ANI,228.0,,,,,,,,False,,7885166.0,7885666.0,,,
y1_d182_WIF_ANI,230.0,,,,,,,,False,,7918266.0,7918766.0,,,
y1_d182_WIF_ANI,231.0,,,,,,,,False,,7945116.0,7945566.0,,,
y1_d182_WIF_ANI,250.0,,,,,,,,False,,8708066.0,8708566.0,,,
y1_d182_WIF_ANI,251.0,,,,,,,,False,,8737816.0,8738316.0,,,
y1_d182_WIF_ANI,275.0,,,,,,,,False,,9841266.0,9841766.0,,,
y1_d182_WIF_ANI,276.0,,,,,,,,False,,9860366.0,9860866.0,,,
y1_d182_WIF_ANI,277.0,,,,,,,,False,,9884066.0,9884516.0,,,
y1_d182_WIF_ANI,312.0,,,,,,,,False,,11188266.0,11188716.0,,,
y1_d182_WIF_ANI,321.0,,,,,,,,False,,11449566.0,11450016.0,,,
y1_d182_WIF_ANI,322.0,,,,,,,,False,,11469816.0,11470266.0,,,
y1_d182_WIF_ANI,323.0,,,,,,,,False,,11489966.0,11490416.0,,,
y1_d182_WIF_ANI,324.0,,,,,,,,False,,11511566.0,11512016.0,,,
y1_d182_WIF_ANI,347.0,,,,,,,,False,,12272466.0,12272966.0,,,
y1_d182_WIF_ANI,348.0,,,,,,,,False,,12290216.0,12290716.0,,,
y1_d182_WIF_ANI,349.0,,,,,,,,False,,12310616.0,12311116.0,,,
y1_d182_WIF_ANI,350.0,,,,,,,,False,,12333316.0,12333766.0,,,
y1_d182_WIF_ANI,352.0,,,,,,,,False,,12413166.0,12413666.0,,,
y1_d182_WIF_ANI,353.0,,,,,,,,False,,12435066.0,12435516.0,,,
y1_d182_WIF_ANI,354.0,,,,,,,,False,,12458216.0,12458716.0,,,
y1_d182_WIF_ANI,355.0,,,,,,,,False,,12487966.0,12488416.0,,,
y1_d182_WIF_ANI,356.0,,,,,,,,False,,12519566.0,12520016.0,,,
y1_d183_LRQ_ARN,8.0,,,,,,,,False,,197679.0,198141.0,,,
y1_d183_LRQ_ARN,9.0,,,,,,,,False,,215037.0,215499.0,,,
y1_d183_LRQ_ARN,49.0,,,,,,,,False,,1680701.0,1681196.0,,,
y1_d183_LRQ_ARN,50.0,,,,,,,,False,,1704296.0,1704758.0,,,
y1_d183_LRQ_ARN,51.0,,,,,,,,False,,1719311.0,1719806.0,,,
y1_d183_LRQ_ARN,52.0,,,,,,,,False,,1738649.0,1739177.0,,,
y1_d183_LRQ_ARN,53.0,,,,,,,,False,,1767689.0,1768151.0,,,
y1_d183_LRQ_ARN,54.0,,,,,,,,False,,1785311.0,1785839.0,,,
y1_d183_LRQ_ARN,56.0,,,,,,,,False,,1814714.0,1815176.0,,,
y1_d183_LRQ_ARN,60.0,,,,,,,,False,,1923482.0,1923944.0,,,
y1_d183_LRQ_ARN,61.0,,,,,,,,False,,1942853.0,1943381.0,,,
y1_d183_LRQ_ARN,70.0,,,,,,,,False,,2272094.0,2272622.0,,,
y1_d183_LRQ_ARN,116.0,,,,,,,,False,,3529857.0,3530385.0,,,
y1_d183_LRQ_ARN,117.0,,,,,,,,False,,3550219.0,3550714.0,,,
y1_d183_LRQ_ARN,122.0,,,,,,,,False,,3703801.0,3704263.0,,,
y1_d183_LRQ_ARN,123.0,,,,,,,,False,,3720070.0,3720565.0,,,
y1_d183_LRQ_ARN,125.0,,,,,,,,False,,3777556.0,3778051.0,,,
y1_d183_LRQ_ARN,126.0,,,,,,,,False,,3791548.0,3792076.0,,,
y1_d183_LRQ_ARN,148.0,,,,,,,,False,,4650242.0,4650704.0,,,
y1_d183_LRQ_ARN,149.0,,,,,,,,False,,4666049.0,4666511.0,,,
y1_d183_LRQ_ARN,150.0,,,,,,,,False,,4699214.0,4699709.0,,,
y1_d183_LRQ_ARN,152.0,,,,,,,,False,,4740365.0,4740827.0,,,
y1_d183_LRQ_ARN,155.0,,,,,,,,False,,4835372.0,4835834.0,,,
y1_d183_LRQ_ARN,157.0,,,,,,,,False,,4883420.0,4883882.0,,,
y1_d183_LRQ_ARN,158.0,,,,,,,,False,,4920611.0,4921139.0,,,
y1_d183_LRQ_ARN,159.0,,,,,,,,False,,4937309.0,4937837.0,,,
y1_d183_LRQ_ARN,160.0,,,,,,,,False,,4957604.0,4958132.0,,,
y1_d183_LRQ_ARN,183.0,,,,,,,,False,,5809335.0,5809863.0,,,
y1_d183_LRQ_ARN,185.0,,,,,,,,False,,5870616.0,5871111.0,,,
y1_d183_LRQ_ARN,188.0,Safe,,,,,,,False,,5966646.0,5967108.0,,,
y1_d183_LRQ_ARN,221.0,,,,,,,,False,,7254307.0,7254769.0,,,
y1_d183_LRQ_ARN,222.0,,,,,,,,False,,7275229.0,7275757.0,,,
y1_d183_LRQ_ARN,223.0,,,,,,,,False,,7297966.0,7298494.0,,,
y1_d183_LRQ_ARN,226.0,,,,,,,,False,,7365352.0,7365847.0,,,
y1_d183_LRQ_ARN,244.0,,,,,,,,False,,8069078.0,,,,
y1_d183_LRQ_ARN,258.0,,,,,,,,False,,8539526.0,8539988.0,,,
y1_d183_LRQ_ARN,259.0,,,,,,,,False,,8560746.0,8561208.0,,,
y1_d183_LRQ_ARN,268.0,,,,,,,,False,,8811645.0,8812140.0,,,
y1_d183_LRQ_ARN,269.0,,,,,,,,False,,8828970.0,8829465.0,,,
y1_d183_LRQ_ARN,271.0,,,,,,,,False,,8914869.0,8915430.0,,,
y1_d183_LRQ_ARN,272.0,,,,,,,,False,,8929983.0,8930445.0,,,
y1_d183_LRQ_ARN,273.0,,,,,,,,False,,8960013.0,8960475.0,,,
y1_d183_LRQ_ARN,274.0,,,,,,,,False,,8977866.0,8978427.0,,,
y1_d183_LRQ_ARN,283.0,,,,,,,,False,,9256716.0,9257178.0,,,
y1_d183_LRQ_ARN,286.0,,,,,,,,False,,9472338.0,9472899.0,,,
y1_d183_LRQ_ARN,328.0,,,,,,,,False,,10865600.0,10866062.0,,,
y1_d183_LRQ_ARN,329.0,,,,,,,,False,,10882760.0,10883255.0,,,
y1_d183_WIF_ANI,20.0,,,,,,,,False,,554531.0,554981.0,,,
y1_d183_WIF_ANI,22.0,,,,,,,,False,,598181.0,598631.0,,,
y1_d183_WIF_ANI,23.0,,,,,,,,False,,635081.0,635581.0,,,
y1_d183_WIF_ANI,24.0,,,,,,,,False,,655681.0,656181.0,,,
y1_d183_WIF_ANI,25.0,,,,,,,,False,,680181.0,680681.0,,,
y1_d183_WIF_ANI,26.0,,,,,,,,False,,705181.0,705681.0,,,
y1_d183_WIF_ANI,27.0,,,,,,,,False,,726131.0,726631.0,,,
y1_d183_WIF_ANI,29.0,,,,,,,,False,,793131.0,793581.0,,,
y1_d183_WIF_ANI,30.0,,,,,,,,False,,810831.0,811431.0,,,
y1_d183_WIF_ANI,37.0,,,,,,,,False,,1084531.0,1085031.0,,,
y1_d183_WIF_ANI,38.0,,,,,,,,False,,1103781.0,1104231.0,,,
y1_d183_WIF_ANI,39.0,,,,,,,,False,,1123381.0,1123931.0,,,
y1_d183_WIF_ANI,40.0,,,,,,,,False,,1148481.0,,,,
y1_d183_WIF_ANI,43.0,,,,,,,,False,,1220131.0,1220631.0,,,
y1_d183_WIF_ANI,53.0,,,,,,,,False,,1464881.0,1465331.0,,,
y1_d183_WIF_ANI,55.0,,,,,,,,False,,1512731.0,1513181.0,,,
y1_d183_WIF_ANI,56.0,,,,,,,,False,,1532131.0,1532631.0,,,
y1_d183_WIF_ANI,58.0,,,,,,,,False,,1596231.0,1596781.0,,,
y1_d183_WIF_ANI,64.0,,,,,,,,False,,1784981.0,1785531.0,,,
y1_d183_WIF_ANI,66.0,,,,,,,,False,,1831831.0,1832281.0,,,
y1_d183_WIF_ANI,90.0,,,,,,,,False,,2815181.0,2815631.0,,,
y1_d183_WIF_ANI,99.0,,,,,,,,False,,3124831.0,3125381.0,,,
y1_d183_WIF_ANI,100.0,,,,,,,,False,,3149281.0,3149781.0,,,
y1_d183_WIF_ANI,102.0,,,,,,,,False,,3209231.0,3209731.0,,,
y1_d183_WIF_ANI,103.0,,,,,,,,False,,3237131.0,3237631.0,,,
y1_d183_WIF_ANI,104.0,,,,,,,,False,,3290481.0,3290931.0,,,
y1_d183_WIF_ANI,130.0,,,,,,,,False,,4173581.0,4174031.0,,,
y1_d183_WIF_ANI,131.0,,,,,,,,False,,4194381.0,4194881.0,,,
y1_d183_WIF_ANI,132.0,,,,,,,,False,,4220131.0,4220581.0,,,
y1_d183_WIF_ANI,140.0,,,,,,,,False,,4533181.0,4533731.0,,,
y1_d183_WIF_ANI,141.0,,,,,,,,False,,4559331.0,4559831.0,,,
y1_d183_WIF_ANI,142.0,,,,,,,,False,,4585881.0,4586381.0,,,
y1_d183_WIF_ANI,144.0,,,,,,,,False,,4659981.0,4660481.0,,,
y1_d183_WIF_ANI,145.0,,,,,,,,False,,4678131.0,4678731.0,,,
y1_d183_WIF_ANI,146.0,,,,,,,,False,,4696781.0,,,,
y1_d183_WIF_ANI,147.0,,,,,,,,False,,4739831.0,4740381.0,,,
y1_d183_WIF_ANI,150.0,,,,,,,,False,,4830831.0,4831381.0,,,
y1_d183_WIF_ANI,201.0,,,,,,,,False,,6341531.0,6342081.0,,,
y1_d183_WIF_ANI,202.0,,,,,,,,False,,6362181.0,6362731.0,,,
y1_d183_WIF_ANI,203.0,,,,,,,,False,,6415431.0,6415931.0,,,
y1_d183_WIF_ANI,204.0,,,,,,,,False,,6436981.0,6437431.0,,,
y1_d183_WIF_ANI,217.0,,,,,,,,False,,7084031.0,7084481.0,,,
y1_d183_WIF_ANI,240.0,,,,,,,,False,,7947931.0,7948381.0,,,
y1_d183_WIF_ANI,244.0,,,,,,,,False,,8050581.0,8051031.0,,,
y1_d183_WIF_ANI,261.0,,,,,,,,False,,8634931.0,8635481.0,,,
y1_d183_WIF_ANI,262.0,,,,,,,,False,,8656181.0,8656681.0,,,
y1_d183_WIF_ANI,263.0,,,,,,,,False,,8675231.0,8675731.0,,,
y1_d183_WIF_ANI,282.0,,,,,,,,False,,9427881.0,9428331.0,,,
y1_d183_WIF_ANI,283.0,,,,,,,,False,,9450981.0,9451481.0,,,
y1_d183_WIF_ANI,285.0,,,,,,,,False,,9502731.0,9503181.0,,,
y1_d183_WIF_ANI,286.0,,,,,,,,False,,9522781.0,9523231.0,,,
y1_d183_WIF_ANI,303.0,,,,,,,,False,,10158431.0,10158931.0,,,
y1_d183_WIF_ANI,305.0,,,,,,,,False,,10185631.0,10186181.0,,,
y1_d183_WIF_ANI,308.0,,,,,,,,False,,10286981.0,10287481.0,,,
y1_d183_WIF_ANI,309.0,,,,,,,,False,,10299481.0,10299981.0,,,
y1_d183_WIF_ANI,310.0,,,,,,,,False,,10312731.0,10313281.0,,,
y1_d183_WIF_ANI,311.0,,,,,,,,False,,10325631.0,10326131.0,,,
y1_d183_WIF_ANI,312.0,,,,,,,,False,,10338281.0,10338781.0,,,
y1_d183_WIF_ANI,325.0,,,,,,,,False,,10823531.0,10823981.0,,,
y1_d183_WIF_ANI,326.0,,,,,,,,False,,10845081.0,10845581.0,,,
y1_d183_WIF_ANI,327.0,,,,,,,,False,,10866031.0,10866531.0,,,
y1_d183_WIF_ANI,328.0,,,,,,,,False,,10891831.0,10892331.0,,,
y1_d183_WIF_ANI,329.0,,,,,,,,False,,10925131.0,10930081.0,,,
y1_d183_WIF_ANI,330.0,,,,,,,,False,,10964681.0,10965181.0,,,
y1_d183_WIF_ANI,331.0,,,,,,,,False,,10989231.0,10989681.0,,,
y1_d183_WIF_ANI,332.0,,,,,,,,False,,11013181.0,11013631.0,,,
y1_d183_WIF_ANI,336.0,,,,,,,,False,,11162881.0,11163331.0,,,
y1_d183_WIF_ANI,337.0,,,,,,,,False,,11182981.0,11183431.0,,,
y1_d183_WIF_ANI,338.0,,,,,,,,False,,11207831.0,11208281.0,,,
y1_d184_WIF_ANI,15.0,,,,,,,,False,,499612.0,500112.0,,,
y1_d184_WIF_ANI,19.0,,,,,,,,False,,600762.0,601212.0,,,
y1_d184_WIF_ANI,21.0,,,,,,,,False,,635812.0,,,,
y1_d184_WIF_ANI,31.0,,,,,,,,False,,938462.0,938962.0,,,
y1_d184_WIF_ANI,36.0,,,,,,,,False,,1110762.0,1111262.0,,,
y1_d184_WIF_ANI,37.0,,,,,,,,False,,1143462.0,1143912.0,,,
y1_d184_WIF_ANI,38.0,,,,,,,,False,,1168962.0,1169412.0,,,
y1_d184_WIF_ANI,49.0,,,,,,,,False,,1575162.0,1575662.0,,,
y1_d184_WIF_ANI,50.0,,,,,,,,False,,1603012.0,1603512.0,,,
y1_d184_WIF_ANI,55.0,,,,,,,,False,,1727512.0,1728062.0,,,
y1_d184_WIF_ANI,57.0,,,,,,,,False,,1796062.0,1796562.0,,,
y1_d184_WIF_ANI,58.0,,,,,,,,False,,1821062.0,1821562.0,,,
y1_d184_WIF_ANI,59.0,,,,,,,,False,,1846662.0,1847212.0,,,
y1_d184_WIF_ANI,62.0,,,,,,,,False,,1985562.0,1986062.0,,,
y1_d184_WIF_ANI,68.0,,,,,,,,False,,2329012.0,2329512.0,,,
y1_d184_WIF_ANI,71.0,,,,,,,,False,,2444562.0,2445062.0,,,
y1_d184_WIF_ANI,72.0,,,,,,,,False,,2464012.0,2464462.0,,,
y1_d184_WIF_ANI,73.0,,,,,,,,False,,2486762.0,2487212.0,,,
y1_d184_WIF_ANI,86.0,,,,,,,,False,,2925912.0,2926412.0,,,
y1_d184_WIF_ANI,87.0,,,,,,,,False,,2949112.0,2949662.0,,,
y1_d184_WIF_ANI,88.0,,,,,,,,False,,2978912.0,2979412.0,,,
y1_d184_WIF_ANI,100.0,,,,,,,,False,,3436912.0,3437362.0,,,
y1_d184_WIF_ANI,101.0,,,,,,,,False,,3461312.0,3461862.0,,,
y1_d184_WIF_ANI,103.0,,,,,,,,False,,3531962.0,3532462.0,,,
y1_d184_WIF_ANI,127.0,,1.85,0.6,1.25,80.0805290052032,79.28305892158639,72.97826932031658,True,2.3762127243785334,4377162.0,4377662.0,4378262.0,4379512.0,26
y1_d184_WIF_ANI,128.0,,,,,,,,False,,4426612.0,4427112.0,,,
y1_d184_WIF_ANI,130.0,,,,,,,,False,,4466612.0,4467162.0,,,
y1_d184_WIF_ANI,131.0,,,,,,,,False,,4487262.0,4487812.0,,,
y1_d184_WIF_ANI,132.0,,,,,,,,False,,4511812.0,4512262.0,,,
y1_d184_WIF_ANI,133.0,,,,,,,,False,,4531462.0,4532012.0,,,
y1_d184_WIF_ANI,138.0,,,,,,,,False,,4796212.0,4796612.0,,,
y1_d184_WIF_ANI,149.0,,,,,,,,False,,5146712.0,5147162.0,,,
y1_d184_WIF_ANI,155.0,,,,,,,,False,,5311012.0,5311562.0,,,
y1_d184_WIF_ANI,156.0,,,,,,,,False,,5333262.0,5333762.0,,,
y1_d184_WIF_ANI,158.0,,,,,,,,False,,5389812.0,5390262.0,,,
y1_d184_WIF_ANI,163.0,,,,,,,,False,,5675262.0,5675762.0,,,
y1_d184_WIF_ANI,164.0,,,,,,,,False,,5695912.0,5696412.0,,,
y1_d184_WIF_ANI,165.0,,,,,,,,False,,5718412.0,5718962.0,,,
y1_d184_WIF_ANI,166.0,Safe,6.95,0.6,6.35,78.71882007454832,74.75119550401327,20.42434625286055,False,35.476391348927166,5739512.0,5740062.0,5740662.0,5747012.0,128
y1_d184_WIF_ANI,180.0,,,,,,,,False,,6299362.0,6299912.0,,,
y1_d184_WIF_ANI,197.0,,,,,,,,False,,7014162.0,7014712.0,,,
y1_d184_WIF_ANI,198.0,,,,,,,,False,,7035312.0,7035812.0,,,
y1_d184_WIF_ANI,199.0,,,,,,,,False,,7057462.0,7057962.0,,,
y1_d184_WIF_ANI,201.0,,,,,,,,False,,7107162.0,7107612.0,,,
y1_d184_WIF_ANI,202.0,,,,,,,,False,,7138162.0,7138612.0,,,
y1_d184_WIF_ANI,203.0,,,,,,,,False,,7157112.0,7157612.0,,,
y1_d184_WIF_ANI,207.0,,,,,,,,False,,7459312.0,,,,
y1_d184_WIF_ANI,208.0,,,,,,,,False,,7504612.0,7505112.0,,,
y1_d184_WIF_ANI,209.0,,,,,,,,False,,7537712.0,7538162.0,,,
y1_d184_WIF_ANI,210.0,,,,,,,,False,,7559812.0,7560362.0,,,
y1_d184_WIF_ANI,228.0,,,,,,,,False,,8250262.0,8250812.0,,,
y1_d184_WIF_ANI,230.0,,,,,,,,False,,8314312.0,8314812.0,,,
y1_d184_WIF_ANI,234.0,,,,,,,,False,,8435612.0,8436062.0,,,
y1_d184_WIF_ANI,257.0,,,,,,,,False,,9211562.0,9212062.0,,,
y1_d184_WIF_ANI,258.0,,,,,,,,False,,9230262.0,9230762.0,,,
y1_d184_WIF_ANI,259.0,,,,,,,,False,,9253912.0,9254412.0,,,
y1_d184_WIF_ANI,260.0,,,,,,,,False,,9282412.0,9283012.0,,,
y1_d184_WIF_ANI,301.0,,,,,,,,False,,10866362.0,10866812.0,,,
y1_d184_WIF_ANI,302.0,,,,,,,,False,,10884112.0,10884562.0,,,
y1_d184_WIF_ANI,303.0,,,,,,,,False,,10905262.0,10905712.0,,,
y1_d184_WIF_ANI,304.0,,,,,,,,False,,10924562.0,10925012.0,,,
y1_d184_WIF_ANI,305.0,,,,,,,,False,,10950162.0,10950662.0,,,
y1_d185_RRM_VAS,7.0,,,,,,,,False,,204689.0,205189.0,,,
y1_d185_RRM_VAS,8.0,,,,,,,,False,,225489.0,225989.0,,,
y1_d185_RRM_VAS,9.0,,,,,,,,False,,243889.0,244439.0,,,
y1_d185_RRM_VAS,10.0,,,,,,,,False,,269139.0,269639.0,,,
y1_d185_RRM_VAS,11.0,,,,,,,,False,,289289.0,289789.0,,,
y1_d185_RRM_VAS,12.0,,,,,,,,False,,314339.0,314789.0,,,
y1_d185_RRM_VAS,22.0,,,,,,,,False,,593289.0,593839.0,,,
y1_d185_RRM_VAS,24.0,,,,,,,,False,,654789.0,655289.0,,,
y1_d185_RRM_VAS,25.0,,,,,,,,False,,674839.0,675339.0,,,
y1_d185_RRM_VAS,34.0,,,,,,,,False,,1050439.0,1050939.0,,,
y1_d185_RRM_VAS,35.0,,,,,,,,False,,1077689.0,1078139.0,,,
y1_d185_RRM_VAS,36.0,,,,,,,,False,,1095989.0,1101439.0,,,
y1_d185_RRM_VAS,42.0,,,,,,,,False,,1261039.0,1261539.0,,,
y1_d185_RRM_VAS,43.0,,,,,,,,False,,1278839.0,1279339.0,,,
y1_d185_RRM_VAS,64.0,,,,,,,,False,,1924339.0,1924889.0,,,
y1_d185_RRM_VAS,65.0,,,,,,,,False,,1945739.0,1946239.0,,,
y1_d185_RRM_VAS,66.0,,,,,,,,False,,1967689.0,1968189.0,,,
y1_d185_RRM_VAS,67.0,,,,,,,,False,,1992289.0,1992789.0,,,
y1_d185_RRM_VAS,68.0,,,,,,,,False,,2014339.0,2014789.0,,,
y1_d185_RRM_VAS,70.0,,,,,,,,False,,2065039.0,2065539.0,,,
y1_d185_RRM_VAS,88.0,,,,,,,,False,,2695939.0,2696389.0,,,
y1_d185_RRM_VAS,95.0,,,,,,,,False,,2999189.0,2999639.0,,,
y1_d185_RRM_VAS,98.0,Safe,1.9,0.6,1.3,76.98381614932056,76.10499131491409,69.37394168696261,True,0.5910593020455419,3082689.0,3083189.0,3083789.0,3085089.0,27
y1_d185_RRM_VAS,112.0,Safe,7.5,0.6,6.9,71.79357300772813,68.04292109030942,33.405525979069765,True,4.027459842632967,3536789.0,3537289.0,3537889.0,3544789.0,110
y1_d185_RRM_VAS,130.0,,,,,,,,False,,4179739.0,4180239.0,,,
y1_d185_RRM_VAS,132.0,,,,,,,,False,,4256989.0,4257439.0,,,
y1_d185_RRM_VAS,161.0,Safe,,,,,,,False,,5254939.0,5255439.0,,,
y1_d185_RRM_VAS,174.0,,,,,,,,False,,5688989.0,5689489.0,,,
y1_d185_RRM_VAS,206.0,,,,,,,,False,,6928639.0,6929089.0,,,
y1_d185_RRM_VAS,207.0,,,,,,,,False,,6949239.0,6949689.0,,,
y1_d185_RRM_VAS,208.0,,,,,,,,False,,6971089.0,6971539.0,,,
y1_d185_RRM_VAS,209.0,,,,,,,,False,,6996639.0,6997039.0,,,
y1_d185_RRM_VAS,247.0,,,,,,,,False,,8310539.0,8311039.0,,,
y1_d185_RRM_VAS,248.0,,,,,,,,False,,8329489.0,8329989.0,,,
y1_d185_RRM_VAS,250.0,,,,,,,,False,,8378089.0,8378539.0,,,
y1_d185_RRM_VAS,251.0,,,,,,,,False,,8394889.0,8395389.0,,,
y1_d185_RRM_VAS,253.0,,,,,,,,False,,8440439.0,8440939.0,,,
y1_d185_TDW_ARN,28.0,,,,,,,,False,,710183.0,710683.0,,,
y1_d185_TDW_ARN,29.0,,,,,,,,False,,729283.0,729783.0,,,
y1_d185_TDW_ARN,30.0,,,,,,,,False,,751083.0,751583.0,,,
y1_d185_TDW_ARN,31.0,,,,,,,,False,,769283.0,769783.0,,,
y1_d185_TDW_ARN,32.0,,,,,,,,False,,788733.0,789283.0,,,
y1_d185_TDW_ARN,46.0,,,,,,,,False,,1159033.0,1159483.0,,,
y1_d185_TDW_ARN,47.0,,,,,,,,False,,1176283.0,1176833.0,,,
y1_d185_TDW_ARN,48.0,,,,,,,,False,,1194683.0,1195183.0,,,
y1_d185_TDW_ARN,50.0,,,,,,,,False,,1246533.0,1246983.0,,,
y1_d185_TDW_ARN,52.0,,,,,,,,False,,1299933.0,1300383.0,,,
y1_d185_TDW_ARN,104.0,,,,,,,,False,,5046733.0,5047233.0,,,
y1_d185_TDW_ARN,105.0,,,,,,,,False,,5066383.0,5066983.0,,,
y1_d185_TDW_ARN,106.0,,,,,,,,False,,5085333.0,5085833.0,,,
y1_d185_TDW_ARN,107.0,,,,,,,,False,,5106383.0,5106883.0,,,
y1_d185_TDW_ARN,108.0,,,,,,,,False,,5128883.0,5129383.0,,,
y1_d185_TDW_ARN,109.0,,,,,,,,False,,5148633.0,5149133.0,,,
y1_d185_TDW_ARN,116.0,,,,,,,,False,,5448233.0,5448783.0,,,
y1_d185_TDW_ARN,118.0,,,,,,,,False,,5498283.0,5498783.0,,,
y1_d185_TDW_ARN,119.0,,,,,,,,False,,5514933.0,5515433.0,,,
y1_d185_TDW_ARN,121.0,,,,,,,,False,,5555383.0,5555933.0,,,
y1_d185_TDW_ARN,122.0,,,,,,,,False,,5577933.0,5578433.0,,,
y1_d185_TDW_ARN,123.0,,,,,,,,False,,5617983.0,5618483.0,,,
y1_d185_TDW_ARN,124.0,,,,,,,,False,,5641233.0,5641733.0,,,
y1_d185_TDW_ARN,125.0,,,,,,,,False,,5658683.0,5659183.0,,,
y1_d185_TDW_ARN,126.0,,,,,,,,False,,5682383.0,5682833.0,,,
y1_d185_TDW_ARN,127.0,,,,,,,,False,,5702033.0,5702583.0,,,
y1_d185_TDW_ARN,129.0,,,,,,,,False,,5738133.0,5738633.0,,,
y1_d185_TDW_ARN,171.0,,,,,,,,False,,7463533.0,7463983.0,,,
y1_d185_TDW_ARN,172.0,,,,,,,,False,,7482733.0,7483183.0,,,
y1_d185_TDW_ARN,173.0,,,,,,,,False,,7503983.0,7504433.0,,,
y1_d185_TDW_ARN,174.0,,,,,,,,False,,7528133.0,7528633.0,,,
y1_d185_TDW_ARN,178.0,,,,,,,,False,,7680933.0,7681383.0,,,
y1_d185_TDW_ARN,179.0,,,,,,,,False,,7702433.0,7702883.0,,,
y1_d185_TDW_ARN,180.0,,,,,,,,False,,7724233.0,7724683.0,,,
y1_d185_TDW_ARN,181.0,,,,,,,,False,,7750533.0,7751033.0,,,
y1_d185_TDW_ARN,197.0,,,,,,,,False,,8483283.0,8483783.0,,,
y1_d185_TDW_ARN,198.0,,,,,,,,False,,8509833.0,8510383.0,,,
y1_d185_TDW_ARN,199.0,,,,,,,,False,,8542633.0,8543133.0,,,
y1_d185_TDW_ARN,200.0,,,,,,,,False,,8572283.0,8572783.0,,,
y1_d185_TDW_ARN,201.0,,,0.65,,,,,False,,8614083.0,8614583.0,8615233.0,,
y1_d185_TDW_ARN,203.0,,,,,,,,False,,8639083.0,8639633.0,,,
y1_d185_TDW_ARN,253.0,,,,,,,,False,,10314333.0,10314783.0,,,
y1_d185_TDW_ARN,254.0,,,,,,,,False,,10331933.0,10332383.0,,,
y1_d185_TDW_ARN,272.0,,,,,,,,False,,10931483.0,10931933.0,,,
y1_d185_TDW_ARN,273.0,,,,,,,,False,,10953283.0,10953733.0,,,
y1_d185_TDW_ARN,274.0,,,,,,,,False,,10979533.0,10980033.0,,,
y1_d185_TDW_ARN,275.0,,,,,,,,False,,11006433.0,11006933.0,,,
y1_d185_TDW_ARN,292.0,,,,,,,,False,,11730733.0,11731183.0,,,
y1_d185_TDW_ARN,293.0,,,,,,,,False,,11752133.0,11752583.0,,,
y1_d185_TDW_ARN,294.0,,,,,,,,False,,11774183.0,11774683.0,,,
y1_d185_TDW_ARN,296.0,,,,,,,,False,,11919183.0,11919633.0,,,
y1_d185_TDW_ARN,298.0,,,,,,,,False,,11966333.0,11966833.0,,,
y1_d185_TDW_ARN,299.0,,,,,,,,False,,11989333.0,11989833.0,,,
y1_d185_TDW_ARN,300.0,,,,,,,,False,,12014933.0,12015433.0,,,
y1_d185_TDW_ARN,301.0,,,,,,,,False,,12207833.0,12208333.0,,,
y1_d185_TDW_ARN,304.0,,,,,,,,False,,12290133.0,12290583.0,,,
y1_d185_TDW_ARN,306.0,,,,,,,,False,,12342033.0,12342483.0,,,
y1_d185_TDW_ARN,307.0,,,,,,,,False,,12372833.0,12373283.0,,,
y1_d186_RRM_VAS,54.0,,,,,,,,False,,1501296.0,1501746.0,,,
y1_d186_RRM_VAS,62.0,,,,,,,,False,,1814196.0,1814646.0,,,
y1_d186_RRM_VAS,124.0,,,,,,,,False,,3688296.0,3688746.0,,,
y1_d186_RRM_VAS,127.0,,,,,,,,False,,3839196.0,3839696.0,,,
y1_d186_RRM_VAS,128.0,,,,,,,,False,,3873046.0,3873596.0,,,
y1_d186_RRM_VAS,131.0,,,,,,,,False,,3955996.0,3956496.0,,,
y1_d186_RRM_VAS,132.0,,,,,,,,False,,3983296.0,,,,
y1_d186_RRM_VAS,142.0,,,,,,,,False,,4425246.0,4425746.0,,,
y1_d186_RRM_VAS,144.0,,,,,,,,False,,4482646.0,4483146.0,,,
y1_d186_RRM_VAS,177.0,,,,,,,,False,,5544846.0,5545296.0,,,
y1_d186_RRM_VAS,180.0,,,,,,,,False,,5627096.0,5627646.0,,,
y1_d186_RRM_VAS,181.0,,,,,,,,False,,5651146.0,5651646.0,,,
y1_d186_RRM_VAS,182.0,,,,,,,,False,,5685146.0,5685596.0,,,
y1_d186_RRM_VAS,183.0,,,,,,,,False,,5715846.0,5716296.0,,,
y1_d186_RRM_VAS,201.0,,,,,,,,False,,6431646.0,6432096.0,,,
y1_d186_RRM_VAS,202.0,,,,,,,,False,,6451796.0,6452346.0,,,
y1_d186_RRM_VAS,204.0,,,,,,,,False,,6515196.0,6515646.0,,,
y1_d186_RRM_VAS,205.0,,,,,,,,False,,6541846.0,6542396.0,,,
y1_d186_RRM_VAS,215.0,,,,,,,,False,,6911646.0,6912196.0,,,
y1_d186_RRM_VAS,216.0,,,,,,,,False,,6932746.0,6933246.0,,,
y1_d186_RRM_VAS,217.0,,,,,,,,False,,6959746.0,,,,
y1_d186_RRM_VAS,231.0,,,,,,,,False,,7703946.0,7704396.0,,,
y1_d186_TDW_ARN,19.0,,,,,,,,False,,571797.0,572247.0,,,
y1_d186_TDW_ARN,20.0,,,,,,,,False,,590847.0,591347.0,,,
y1_d186_TDW_ARN,22.0,,,,,,,,False,,637597.0,638047.0,,,
y1_d186_TDW_ARN,25.0,,,,,,,,False,,746697.0,747197.0,,,
y1_d186_TDW_ARN,37.0,,,,,,,,False,,1182947.0,1183547.0,,,
y1_d186_TDW_ARN,38.0,,,,,,,,False,,1204647.0,1205147.0,,,
y1_d186_TDW_ARN,39.0,,,,,,,,False,,1237897.0,1238397.0,,,
y1_d186_TDW_ARN,40.0,,,,,,,,False,,1259097.0,1259597.0,,,
y1_d186_TDW_ARN,65.0,,,,,,,,False,,2155397.0,2155897.0,,,
y1_d186_TDW_ARN,66.0,,,,,,,,False,,2178147.0,2178647.0,,,
y1_d186_TDW_ARN,67.0,,,,,,,,False,,2202947.0,2203397.0,,,
y1_d186_TDW_ARN,68.0,,,,,,,,False,,2224997.0,2225447.0,,,
y1_d186_TDW_ARN,72.0,,,,,,,,False,,2324247.0,2324747.0,,,
y1_d186_TDW_ARN,73.0,,,,,,,,False,,2362847.0,2363297.0,,,
y1_d186_TDW_ARN,74.0,,,,,,,,False,,2384597.0,2385097.0,,,
y1_d186_TDW_ARN,75.0,,,,,,,,False,,2411297.0,2411747.0,,,
y1_d186_TDW_ARN,76.0,,,,,,,,False,,2435347.0,2435797.0,,,
y1_d186_TDW_ARN,77.0,,,,,,,,False,,2458597.0,2459047.0,,,
y1_d186_TDW_ARN,80.0,,,,,,,,False,,2562897.0,2563347.0,,,
y1_d186_TDW_ARN,82.0,,,,,,,,False,,2620047.0,2620547.0,,,
y1_d186_TDW_ARN,84.0,,,,,,,,False,,2698597.0,2699097.0,,,
y1_d186_TDW_ARN,85.0,,,,,,,,False,,2716947.0,2717497.0,,,
y1_d186_TDW_ARN,86.0,,,,,,,,False,,2737897.0,2738397.0,,,
y1_d186_TDW_ARN,88.0,,1.8,0.65,1.15,78.53162493168118,77.67324529202486,70.93089633184599,True,8.276415395797985,2797947.0,2799697.0,2800347.0,2801497.0,24
y1_d186_TDW_ARN,126.0,,,,,,,,False,,4351947.0,4352497.0,,,
y1_d186_TDW_ARN,128.0,,,,,,,,False,,4426597.0,4427097.0,,,
y1_d186_TDW_ARN,129.0,,,,,,,,False,,4449047.0,4449497.0,,,
y1_d186_TDW_ARN,131.0,,,,,,,,False,,4516897.0,4517447.0,,,
y1_d186_TDW_ARN,132.0,,,,,,,,False,,4541547.0,4541997.0,,,
y1_d186_TDW_ARN,133.0,,,,,,,,False,,4566197.0,4566747.0,,,
y1_d186_TDW_ARN,134.0,,,,,,,,False,,4589947.0,4590447.0,,,
y1_d186_TDW_ARN,152.0,,,,,,,,False,,5239047.0,5239647.0,,,
y1_d186_TDW_ARN,162.0,,,,,,,,False,,5671347.0,5671847.0,,,
y1_d186_TDW_ARN,163.0,,,,,,,,False,,5693697.0,5694147.0,,,
y1_d186_TDW_ARN,165.0,"Out (inning-ending, verify)",1.85,0.65,1.2,76.5535377074107,75.73517759864409,69.11886911528816,True,4.090262386804208,5756897.0,5757447.0,5758097.0,5759297.0,25
y1_d186_TDW_ARN,172.0,,,,,,,,False,,6033547.0,6034097.0,,,
y1_d186_TDW_ARN,173.0,,,,,,,,False,,6056047.0,6056597.0,,,
y1_d186_TDW_ARN,190.0,,,,,,,,False,,6684397.0,6684847.0,,,
y1_d186_TDW_ARN,191.0,,,,,,,,False,,6703147.0,6703597.0,,,
y1_d186_TDW_ARN,193.0,,,,,,,,False,,6755397.0,6755847.0,,,
y1_d186_TDW_ARN,194.0,,,,,,,,False,,6777797.0,6778347.0,,,
y1_d186_TDW_ARN,195.0,,,,,,,,False,,6811697.0,6812147.0,,,
y1_d186_TDW_ARN,196.0,,,,,,,,False,,6831397.0,6831847.0,,,
y1_d186_TDW_ARN,197.0,,,,,,,,False,,6853797.0,6854247.0,,,
y1_d186_TDW_ARN,199.0,,,,,,,,False,,6902997.0,6903447.0,,,
y1_d186_TDW_ARN,200.0,,,,,,,,False,,6930097.0,6930647.0,,,
y1_d186_TDW_ARN,205.0,,,,,,,,False,,7235897.0,7236397.0,,,
y1_d186_TDW_ARN,208.0,Safe,6.1,0.65,5.45,83.24780230289988,79.54963004246238,19.56858211814719,False,27.278893098209814,7313747.0,7314197.0,7314847.0,7320297.0,110
y1_d186_TDW_ARN,219.0,,,,,,,,False,,7658247.0,7658797.0,,,
y1_d186_TDW_ARN,220.0,,,,,,,,False,,7689247.0,7689797.0,,,
y1_d186_TDW_ARN,222.0,,,,,,,,False,,7750147.0,7750697.0,,,
y1_d186_TDW_ARN,223.0,,,,,,,,False,,7796997.0,7797447.0,,,
y1_d186_TDW_ARN,224.0,,,,,,,,False,,7823497.0,7824047.0,,,
y1_d186_TDW_ARN,225.0,,,,,,,,False,,7854047.0,7854547.0,,,
y1_d186_TDW_ARN,227.0,,,,,,,,False,,7924597.0,7925097.0,,,
y1_d186_TDW_ARN,228.0,,,,,,,,False,,7961547.0,7962047.0,,,
y1_d186_TDW_ARN,231.0,,,,,,,,False,,8059847.0,8060297.0,,,
y1_d186_TDW_ARN,263.0,,,,,,,,False,,9466547.0,9466997.0,,,
y1_d186_TDW_ARN,264.0,,,,,,,,False,,9484247.0,9484747.0,,,
y1_d186_TDW_ARN,266.0,,,,,,,,False,,9539197.0,9539697.0,,,
y1_d186_TDW_ARN,269.0,,,,,,,,False,,9623547.0,9623997.0,,,
y1_d186_TDW_ARN,270.0,,,,,,,,False,,9644897.0,9645347.0,,,
y1_d186_TDW_ARN,271.0,,,,,,,,False,,9663397.0,9663847.0,,,
y1_d186_TDW_ARN,274.0,,,,,,,,False,,9735397.0,9735897.0,,,
y1_d186_TDW_ARN,275.0,,,,,,,,False,,9767147.0,9767597.0,,,
y1_d186_TDW_ARN,276.0,,,,,,,,False,,9785647.0,,,,
y1_d186_TDW_ARN,277.0,,,,,,,,False,,9826897.0,9827347.0,,,
y1_d186_TDW_ARN,278.0,,,,,,,,False,,9846147.0,9846597.0,,,
y1_d186_TDW_ARN,279.0,,,,,,,,False,,9863947.0,9864397.0,,,
y1_d186_TDW_ARN,289.0,,,,,,,,False,,10317347.0,10317897.0,,,
y1_d187_RRM_VAS,4.0,,,,,,,,False,,143774.0,144224.0,,,
y1_d187_RRM_VAS,5.0,,,,,,,,False,,166274.0,166724.0,,,
y1_d187_RRM_VAS,6.0,Safe,2.05,0.75,1.3,79.47819857671357,78.64260472845186,65.86728822425539,True,2.7728676285342244,193224.0,193674.0,194424.0,195724.0,27
y1_d187_RRM_VAS,23.0,,,,,,,,False,,972774.0,973224.0,,,
y1_d187_RRM_VAS,24.0,,,,,,,,False,,990874.0,991324.0,,,
y1_d187_RRM_VAS,53.0,,,,,,,,False,,2044524.0,2044974.0,,,
y1_d187_RRM_VAS,54.0,,,,,,,,False,,2068574.0,2069074.0,,,
y1_d187_RRM_VAS,83.0,,,,,,,,False,,3046524.0,3046974.0,,,
y1_d187_RRM_VAS,84.0,,,,,,,,False,,3069024.0,3069474.0,,,
y1_d187_RRM_VAS,92.0,,,,,,,,False,,3479574.0,3480174.0,,,
y1_d187_RRM_VAS,93.0,,,,,,,,False,,3500874.0,3501374.0,,,
y1_d187_RRM_VAS,96.0,,,,,,,,False,,3575074.0,3575724.0,,,
y1_d187_RRM_VAS,97.0,,,,,,,,False,,3595874.0,3596424.0,,,
y1_d187_RRM_VAS,101.0,,,,,,,,False,,3719874.0,,,,
y1_d187_RRM_VAS,120.0,,,,,,,,False,,4576224.0,4576724.0,,,
y1_d187_RRM_VAS,121.0,,,,,,,,False,,4602674.0,4603124.0,,,
y1_d187_RRM_VAS,137.0,,,,,,,,False,,5490624.0,5491174.0,,,
y1_d187_RRM_VAS,138.0,,,,,,,,False,,5515574.0,5516074.0,,,
y1_d187_RRM_VAS,139.0,,,,,,,,False,,5545074.0,5545624.0,,,
y1_d187_RRM_VAS,140.0,,,,,,,,False,,5574524.0,5575024.0,,,
y1_d187_RRM_VAS,179.0,,,,,,,,False,,7056724.0,7057224.0,,,
y1_d187_RRM_VAS,180.0,,,,,,,,False,,7075624.0,7076124.0,,,
y1_d187_RRM_VAS,181.0,,,,,,,,False,,7097874.0,7098424.0,,,
y1_d187_RRM_VAS,182.0,,,,,,,,False,,7114874.0,7115374.0,,,
y1_d187_RRM_VAS,184.0,,,,,,,,False,,7150974.0,7151524.0,,,
y1_d187_RRM_VAS,297.0,,,,,,,,False,,10599674.0,10600324.0,,,
y1_d187_RRM_VAS,304.0,,,,,,,,False,,10904924.0,10905424.0,,,
y1_d187_RRM_VAS,305.0,,,,,,,,False,,10928174.0,10928724.0,,,
y1_d187_RRM_VAS,307.0,,,,,,,,False,,10974374.0,10974874.0,,,
y1_d187_RRM_VAS,308.0,,,,,,,,False,,11005574.0,11006074.0,,,
y1_d187_RRM_VAS,309.0,,,,,,,,False,,11024174.0,11024624.0,,,
y1_d187_RRM_VAS,310.0,,,,,,,,False,,11043424.0,11043874.0,,,
y1_d187_RRM_VAS,311.0,,,,,,,,False,,11069124.0,11069574.0,,,
y1_d187_RRM_VAS,315.0,,,,,,,,False,,11229124.0,11229624.0,,,
y1_d187_RRM_VAS,316.0,,,,,,,,False,,11251874.0,11252424.0,,,
y1_d187_RRM_VAS,320.0,,,,,,,,False,,11372924.0,11373424.0,,,
y1_d187_RRM_VAS,321.0,,,,,,,,False,,11395974.0,11396474.0,,,
y1_d187_RRM_VAS,323.0,,,,,,,,False,,11454324.0,11454824.0,,,
y1_d187_RRM_VAS,324.0,,,,,,,,False,,11478774.0,11479274.0,,,
y1_d187_TDW_ARN,13.0,,,,,,,,False,,281389.0,281839.0,,,
y1_d187_TDW_ARN,14.0,,,,,,,,False,,303639.0,304139.0,,,
y1_d187_TDW_ARN,15.0,,,,,,,,False,,326089.0,326539.0,,,
y1_d187_TDW_ARN,24.0,,,,,,,,False,,663089.0,663539.0,,,
y1_d187_TDW_ARN,27.0,,,,,,,,False,,729289.0,729789.0,,,
y1_d187_TDW_ARN,28.0,,,,,,,,False,,752339.0,752789.0,,,
y1_d187_TDW_ARN,29.0,,,,,,,,False,,772889.0,773339.0,,,
y1_d187_TDW_ARN,30.0,,,,,,,,False,,797639.0,798139.0,,,
y1_d187_TDW_ARN,45.0,,,,,,,,False,,1238539.0,1239039.0,,,
y1_d187_TDW_ARN,47.0,,,,,,,,False,,1273839.0,1274289.0,,,
y1_d187_TDW_ARN,49.0,Safe,,,,,,,False,,1331389.0,1331889.0,,,
y1_d187_TDW_ARN,61.0,,,,,,,,False,,1741989.0,1742439.0,,,
y1_d187_TDW_ARN,82.0,,,,,,,,False,,2571639.0,2572139.0,,,
y1_d187_TDW_ARN,83.0,,,,,,,,False,,2592539.0,2593039.0,,,
y1_d187_TDW_ARN,108.0,,,,,,,,False,,3307439.0,3307989.0,,,
y1_d187_TDW_ARN,117.0,,,,,,,,False,,3621939.0,,,,
y1_d187_TDW_ARN,118.0,,,,,,,,False,,3658089.0,3658589.0,,,
y1_d187_TDW_ARN,119.0,,,,,,,,False,,3679589.0,3680039.0,,,
y1_d187_TDW_ARN,120.0,,,,,,,,False,,3703489.0,3703989.0,,,
y1_d187_TDW_ARN,128.0,,,,,,,,False,,4040989.0,4041439.0,,,
y1_d187_TDW_ARN,129.0,,,,,,,,False,,4060489.0,4060989.0,,,
y1_d187_TDW_ARN,130.0,,,,,,,,False,,4082089.0,4082639.0,,,
y1_d187_TDW_ARN,131.0,,,,,,,,False,,4112389.0,4112889.0,,,
y1_d187_TDW_ARN,146.0,,,0.6,,,,,False,,4734939.0,4735439.0,4736039.0,,
y1_d187_TDW_ARN,148.0,,,,,,,,False,,4784439.0,4784889.0,,,
y1_d187_TDW_ARN,153.0,,,,,,,,False,,4945739.0,4946239.0,,,
y1_d187_TDW_ARN,154.0,"Out (inning-ending, verify)",1.85,0.75,1.1,83.50504482956363,82.75509842288841,76.60993460296781,True,5.240203209506445,4968289.0,4968739.0,4969489.0,4970589.0,23
y1_d187_TDW_ARN,188.0,,,,,,,,False,,6243789.0,6244339.0,,,
y1_d187_TDW_ARN,219.0,,,,,,,,False,,7505689.0,7506189.0,,,
y1_d187_TDW_ARN,221.0,,,,,,,,False,,7563339.0,7563789.0,,,
y1_d187_TDW_ARN,235.0,,,,,,,,False,,7878339.0,7878789.0,,,
y1_d187_TDW_ARN,236.0,,,,,,,,False,,7895639.0,7896089.0,,,
y1_d187_TDW_ARN,237.0,,,,,,,,False,,7913289.0,7913739.0,,,
y1_d187_TDW_ARN,261.0,,,,,,,,False,,8748639.0,8749189.0,,,
y1_d187_TDW_ARN,266.0,,,,,,,,False,,8899489.0,8899939.0,,,
y1_d187_TDW_ARN,267.0,,,,,,,,False,,8920789.0,8921239.0,,,
y1_d187_TDW_ARN,269.0,,,,,,,,False,,8974289.0,8979539.0,,,
y1_d187_TDW_ARN,270.0,,,,,,,,False,,9021789.0,9022239.0,,,
y1_d187_TDW_ARN,271.0,,,,,,,,False,,9049389.0,9049839.0,,,
y1_d187_TDW_ARN,278.0,,,,,,,,False,,9442989.0,9443489.0,,,
y1_d187_TDW_ARN,279.0,,,,,,,,False,,9467589.0,9468039.0,,,
y1_d187_TDW_ARN,280.0,,,,,,,,False,,9485789.0,9486289.0,,,
y1_d187_TDW_ARN,281.0,,,,,,,,False,,9507389.0,9507889.0,,,
y1_d187_TDW_ARN,283.0,,,,,,,,False,,9552689.0,9553189.0,,,
y1_d187_TDW_ARN,287.0,,,,,,,,False,,9690639.0,9691139.0,,,
y1_d187_TDW_ARN,298.0,,,,,,,,False,,10135939.0,10136439.0,,,
y1_d187_TDW_ARN,299.0,,,,,,,,False,,10162539.0,10163089.0,,,
y1_d187_TDW_ARN,301.0,,,,,,,,False,,10227989.0,10228439.0,,,
y1_d187_TDW_ARN,302.0,,,,,,,,False,,10247489.0,10247939.0,,,
y1_d188_GJP_VAS,13.0,,,,,,,,False,,384206.0,384706.0,,,
y1_d188_GJP_VAS,14.0,,,,,,,,False,,423606.0,424156.0,,,
y1_d188_GJP_VAS,16.0,,,,,,,,False,,478256.0,478806.0,,,
y1_d188_GJP_VAS,17.0,,,,,,,,False,,498206.0,498656.0,,,
y1_d188_GJP_VAS,20.0,,1.85,0.7,1.15,83.88770665827371,82.8902550869623,74.57344338308577,True,4.393647039512598,561156.0,561656.0,562356.0,563506.0,24
y1_d188_GJP_VAS,21.0,,,,,,,,False,,617456.0,618006.0,,,
y1_d188_GJP_VAS,22.0,,,,,,,,False,,630906.0,631406.0,,,
y1_d188_GJP_VAS,40.0,,,,,,,,False,,1271056.0,1271506.0,,,
y1_d188_GJP_VAS,44.0,,,,,,,,False,,1422656.0,1423106.0,,,
y1_d188_GJP_VAS,46.0,,,,,,,,False,,1489456.0,1489956.0,,,
y1_d188_GJP_VAS,64.0,,,,,,,,False,,2191706.0,2192156.0,,,
y1_d188_GJP_VAS,65.0,,,,,,,,False,,2209656.0,2210256.0,,,
y1_d188_GJP_VAS,67.0,,,,,,,,False,,2257056.0,2257606.0,,,
y1_d188_GJP_VAS,87.0,,,,,,,,False,,2992006.0,2992556.0,,,
y1_d188_GJP_VAS,88.0,,,,,,,,False,,3012906.0,3013406.0,,,
y1_d188_GJP_VAS,89.0,,,,,,,,False,,3037206.0,3037756.0,,,
y1_d188_GJP_VAS,90.0,,,,,,,,False,,3070906.0,3071506.0,,,
y1_d188_GJP_VAS,91.0,,,,,,,,False,,3090006.0,3090506.0,,,
y1_d188_GJP_VAS,92.0,,,,,,,,False,,3124856.0,3125406.0,,,
y1_d188_GJP_VAS,93.0,,,,,,,,False,,3143406.0,3143956.0,,,
y1_d188_GJP_VAS,94.0,,,,,,,,False,,3174356.0,3174806.0,,,
y1_d188_GJP_VAS,113.0,,,,,,,,False,,3739206.0,3739656.0,,,
y1_d188_GJP_VAS,115.0,,,,,,,,False,,3792656.0,3793156.0,,,
y1_d188_GJP_VAS,122.0,,,,,,,,False,,4060406.0,4060856.0,,,
y1_d188_GJP_VAS,123.0,,,,,,,,False,,4082006.0,4082556.0,,,
y1_d188_GJP_VAS,128.0,,,,,,,,False,,4247706.0,4248256.0,,,
y1_d188_GJP_VAS,130.0,,,,,,,,False,,4285306.0,4285806.0,,,
y1_d188_GJP_VAS,131.0,,2.05,0.9,1.15,79.80515492337888,79.42117422428147,76.80780372191951,True,1.763116138638961,4306856.0,4307356.0,4308256.0,4309406.0,24
y1_d188_GJP_VAS,136.0,,,,,,,,False,,4562606.0,4563156.0,,,
y1_d188_GJP_VAS,163.0,,,,,,,,False,,5455606.0,5456056.0,,,
y1_d188_GJP_VAS,164.0,,,,,,,,False,,5480606.0,5481056.0,,,
y1_d188_GJP_VAS,165.0,,,,,,,,False,,5505656.0,5511256.0,,,
y1_d188_GJP_VAS,166.0,,,,,,,,False,,5554506.0,5555006.0,,,
y1_d188_GJP_VAS,169.0,,,,,,,,False,,5655106.0,5655606.0,,,
y1_d188_GJP_VAS,183.0,,,,,,,,False,,6072906.0,6073406.0,,,
y1_d188_GJP_VAS,185.0,,,,,,,,False,,6119356.0,6119906.0,,,
y1_d188_GJP_VAS,186.0,,,3.05,,,,,False,,6140256.0,6140806.0,6143856.0,,
y1_d188_GJP_VAS,253.0,,,,,,,,False,,8473706.0,8474156.0,,,
y1_d188_GJP_VAS,258.0,,,,,,,,False,,8726306.0,8726756.0,,,
y1_d188_GJP_VAS,260.0,,,,,,,,False,,8773306.0,8773756.0,,,
y1_d188_GJP_VAS,262.0,,,,,,,,False,,8826556.0,8827006.0,,,
y1_d188_GJP_VAS,291.0,,,,,,,,False,,9967756.0,9968206.0,,,
y1_d188_PHD_ARN,48.0,,,,,,,,False,,1329038.0,1329488.0,,,
y1_d188_PHD_ARN,51.0,,,,,,,,False,,1408038.0,1408488.0,,,
y1_d188_PHD_ARN,53.0,,,,,,,,False,,1459388.0,1459888.0,,,
y1_d188_PHD_ARN,54.0,,,,,,,,False,,1494338.0,1494838.0,,,
y1_d188_PHD_ARN,56.0,,,,,,,,False,,1533188.0,1533638.0,,,
y1_d188_PHD_ARN,81.0,,,,,,,,False,,2534138.0,2534638.0,,,
y1_d188_PHD_ARN,82.0,,,,,,,,False,,2553888.0,2554388.0,,,
y1_d188_PHD_ARN,83.0,,,,,,,,False,,2573538.0,2573988.0,,,
y1_d188_PHD_ARN,84.0,,,,,,,,False,,2612938.0,2613388.0,,,
y1_d188_PHD_ARN,86.0,,,,,,,,False,,2661788.0,2662238.0,,,
y1_d188_PHD_ARN,88.0,,,,,,,,False,,2707938.0,2708438.0,,,
y1_d188_PHD_ARN,91.0,,,,,,,,False,,2792288.0,2792738.0,,,
y1_d188_PHD_ARN,92.0,,,,,,,,False,,2811638.0,2812138.0,,,
y1_d188_PHD_ARN,93.0,,,,,,,,False,,2832988.0,2833438.0,,,
y1_d188_PHD_ARN,94.0,,,,,,,,False,,2853438.0,2853938.0,,,
y1_d188_PHD_ARN,178.0,,,,,,,,False,,5515538.0,5516038.0,,,
y1_d188_PHD_ARN,179.0,,,,,,,,False,,5543138.0,5543638.0,,,
y1_d188_PHD_ARN,181.0,,,,,,,,False,,5585738.0,5586238.0,,,
y1_d188_PHD_ARN,182.0,,,,,,,,False,,5606738.0,5607288.0,,,
y1_d188_PHD_ARN,183.0,,,,,,,,False,,5635338.0,5635838.0,,,
y1_d188_PHD_ARN,225.0,,,,,,,,False,,6887188.0,6887688.0,,,
y1_d188_PHD_ARN,227.0,,,,,,,,False,,6930788.0,6931288.0,,,
y1_d188_PHD_ARN,228.0,,,,,,,,False,,6951638.0,6952188.0,,,
y1_d188_PHD_ARN,229.0,,,,,,,,False,,6975438.0,6975938.0,,,
y1_d188_PHD_ARN,230.0,,,,,,,,False,,7005438.0,7005938.0,,,
y1_d188_PHD_ARN,231.0,,,,,,,,False,,7020238.0,7020738.0,,,
y1_d188_PHD_ARN,240.0,,,,,,,,False,,7418188.0,7418638.0,,,
y1_d188_PHD_ARN,241.0,,,,,,,,False,,7436588.0,7437038.0,,,
y1_d188_PHD_ARN,243.0,,,,,,,,False,,7481788.0,,,,
y1_d188_PHD_ARN,244.0,,,,,,,,False,,7523588.0,7524088.0,,,
y1_d188_PHD_ARN,246.0,,,,,,,,False,,7574338.0,7574788.0,,,
y1_d188_PHD_ARN,252.0,,,,,,,,False,,7874388.0,7874938.0,,,
y1_d188_PHD_ARN,253.0,,,,,,,,False,,7890338.0,7890838.0,,,
y1_d188_PHD_ARN,254.0,,,,,,,,False,,7909088.0,7909538.0,,,
y1_d188_PHD_ARN,255.0,,,,,,,,False,,7933138.0,7933588.0,,,
y1_d188_PHD_ARN,257.0,,,,,,,,False,,7988488.0,7988938.0,,,
y1_d188_PHD_ARN,285.0,,,,,,,,False,,8991638.0,8992138.0,,,
y1_d188_PHD_ARN,286.0,,,,,,,,False,,9008838.0,9009288.0,,,
y1_d188_PHD_ARN,287.0,,,,,,,,False,,9042438.0,9042888.0,,,
y1_d188_PHD_ARN,288.0,,,,,,,,False,,9060988.0,9061438.0,,,
y1_d188_PHD_ARN,289.0,,,,,,,,False,,9081288.0,9081738.0,,,
y1_d188_PHD_ARN,290.0,,,,,,,,False,,9100788.0,9101238.0,,,
y1_d188_PHD_ARN,310.0,,,,,,,,False,,9854288.0,9854788.0,,,
y1_d189_GJP_VAS,26.0,,,,,,,,False,,725933.0,726383.0,,,
y1_d189_GJP_VAS,27.0,,,,,,,,False,,746483.0,746933.0,,,
y1_d189_GJP_VAS,28.0,,,,,,,,False,,768333.0,768783.0,,,
y1_d189_GJP_VAS,65.0,,,,,,,,False,,1965633.0,1966083.0,,,
y1_d189_GJP_VAS,125.0,,,,,,,,False,,4042183.0,4042683.0,,,
y1_d189_GJP_VAS,126.0,,,,,,,,False,,4071783.0,4072283.0,,,
y1_d189_GJP_VAS,151.0,,,,,,,,False,,4856333.0,4856783.0,,,
y1_d189_GJP_VAS,152.0,,,,,,,,False,,4877433.0,4877883.0,,,
y1_d189_GJP_VAS,171.0,,,,,,,,False,,5495633.0,5496133.0,,,
y1_d189_GJP_VAS,172.0,,,,,,,,False,,5516283.0,5516833.0,,,
y1_d189_GJP_VAS,191.0,,,,,,,,False,,6291333.0,6291833.0,,,
y1_d189_GJP_VAS,192.0,,,,,,,,False,,6312083.0,6312583.0,,,
y1_d189_GJP_VAS,194.0,,,,,,,,False,,6361733.0,6362183.0,,,
y1_d189_GJP_VAS,195.0,,,,,,,,False,,6395633.0,6396133.0,,,
y1_d189_GJP_VAS,196.0,,,,,,,,False,,6426383.0,6426883.0,,,
y1_d189_GJP_VAS,218.0,,,,,,,,False,,7376883.0,7377333.0,,,
y1_d189_GJP_VAS,220.0,,,,,,,,False,,7447933.0,7448383.0,,,
y1_d189_GJP_VAS,222.0,,,,,,,,False,,7505133.0,7505633.0,,,
y1_d189_GJP_VAS,223.0,,,,,,,,False,,7549033.0,7549583.0,,,
y1_d189_GJP_VAS,224.0,,,,,,,,False,,7583683.0,7584133.0,,,
y1_d189_GJP_VAS,226.0,,,,,,,,False,,7640433.0,7640933.0,,,
y1_d189_GJP_VAS,227.0,,,,,,,,False,,7665133.0,7665633.0,,,
y1_d189_GJP_VAS,232.0,,,,,,,,False,,7927533.0,7928033.0,,,
y1_d189_GJP_VAS,268.0,,,,,,,,False,,9378633.0,9379083.0,,,
y1_d189_GJP_VAS,270.0,,,,,,,,False,,9437633.0,9438083.0,,,
y1_d189_GJP_VAS,271.0,,,,,,,,False,,9463783.0,9464283.0,,,
y1_d189_GJP_VAS,293.0,,,,,,,,False,,10402933.0,10403433.0,,,
y1_d189_GJP_VAS,295.0,,,,,,,,False,,10446683.0,10447183.0,,,
y1_d189_GJP_VAS,316.0,,,,,,,,False,,11168883.0,11169383.0,,,
y1_d189_GJP_VAS,317.0,,,,,,,,False,,11193233.0,11193733.0,,,
y1_d189_GJP_VAS,318.0,,,,,,,,False,,11227033.0,11227533.0,,,
y1_d189_GJP_VAS,320.0,,,,,,,,False,,11304683.0,11305183.0,,,
y1_d189_GJP_VAS,321.0,,,,,,,,False,,11328433.0,11328983.0,,,
y1_d189_GJP_VAS,322.0,,,,,,,,False,,11353283.0,11353733.0,,,
y1_d189_GJP_VAS,323.0,,,,,,,,False,,11378883.0,11379433.0,,,
y1_d189_PHD_ARN,9.0,,,,,,,,False,,300605.0,301105.0,,,
y1_d189_PHD_ARN,35.0,,,,,,,,False,,1096455.0,1096955.0,,,
y1_d189_PHD_ARN,36.0,,,,,,,,False,,1116755.0,1117305.0,,,
y1_d189_PHD_ARN,38.0,,,,,,,,False,,1160555.0,1161055.0,,,
y1_d189_PHD_ARN,39.0,,,,,,,,False,,1183555.0,1184005.0,,,
y1_d189_PHD_ARN,49.0,,,,,,,,False,,1532855.0,1533355.0,,,
y1_d189_PHD_ARN,50.0,,,,,,,,False,,1549905.0,1550455.0,,,
y1_d189_PHD_ARN,51.0,,,,,,,,False,,1569205.0,1569705.0,,,
y1_d189_PHD_ARN,52.0,,,,,,,,False,,1588255.0,1588755.0,,,
y1_d189_PHD_ARN,56.0,,,,,,,,False,,1692455.0,1693005.0,,,
y1_d189_PHD_ARN,57.0,,,,,,,,False,,1713205.0,1713755.0,,,
y1_d189_PHD_ARN,58.0,,,,,,,,False,,1743255.0,1743755.0,,,
y1_d189_PHD_ARN,61.0,,,,,,,,False,,1808755.0,1809305.0,,,
y1_d189_PHD_ARN,137.0,,,,,,,,False,,4311405.0,4311905.0,,,
y1_d189_PHD_ARN,139.0,"Out (inning-ending, verify)",1.85,0.7,1.15,82.72185711427933,81.96524610410543,75.92410301255052,True,4.826975634238322,4355605.0,4356055.0,4356755.0,4357905.0,24
y1_d189_PHD_ARN,172.0,,,,,,,,False,,5406305.0,5406805.0,,,
y1_d189_PHD_ARN,174.0,,,,,,,,False,,5454505.0,5454955.0,,,
y1_d189_PHD_ARN,185.0,,,,,,,,False,,5840805.0,5841355.0,,,
y1_d189_PHD_ARN,187.0,,,,,,,,False,,5875755.0,5876305.0,,,
y1_d189_PHD_ARN,188.0,,,,,,,,False,,5898105.0,5898655.0,,,
y1_d189_PHD_ARN,189.0,,,,,,,,False,,5922905.0,5923455.0,,,
y1_d189_PHD_ARN,190.0,,,,,,,,False,,5945155.0,5945705.0,,,
y1_d189_PHD_ARN,245.0,,,,,,,,False,,8020705.0,8021205.0,,,
y1_d189_PHD_ARN,246.0,,,,,,,,False,,8058355.0,8058805.0,,,
y1_d189_PHD_ARN,247.0,,,,,,,,False,,8078955.0,8079505.0,,,
y1_d189_PHD_ARN,255.0,,,,,,,,False,,8496455.0,8496905.0,,,
y1_d189_PHD_ARN,257.0,,,,,,,,False,,8549855.0,8550355.0,,,
y1_d189_PHD_ARN,258.0,,,,,,,,False,,8579405.0,8579905.0,,,
y1_d189_PHD_ARN,259.0,,,,,,,,False,,8614905.0,8615355.0,,,
y1_d189_PHD_ARN,289.0,,,,,,,,False,,9686655.0,9687105.0,,,
y1_d189_PHD_ARN,292.0,,,,,,,,False,,9769655.0,9770105.0,,,
y1_d190_PHD_ARN,16.0,,,,,,,,False,,399107.0,399569.0,,,
y1_d190_PHD_ARN,17.0,Safe,1.947,0.726,1.221,75.51063061876556,74.73586108328577,68.40751825348644,True,5.085535329353069,418280.0,418808.0,419534.0,420755.0,38
y1_d190_PHD_ARN,24.0,,,,,,,,False,,627797.0,628259.0,,,
y1_d190_PHD_ARN,26.0,,,,,,,,False,,690662.0,691124.0,,,
y1_d190_PHD_ARN,28.0,,,,,,,,False,,743033.0,743528.0,,,
y1_d190_PHD_ARN,29.0,,,,,,,,False,,763361.0,763856.0,,,
y1_d190_PHD_ARN,49.0,,,,,,,,False,,1369703.0,1370165.0,,,
y1_d190_PHD_ARN,50.0,,,,,,,,False,,1391154.0,1391616.0,,,
y1_d190_PHD_ARN,52.0,,,,,,,,False,,1433526.0,1433988.0,,,
y1_d190_PHD_ARN,97.0,,,,,,,,False,,2681818.0,2682346.0,,,
y1_d190_PHD_ARN,98.0,,,,,,,,False,,2701189.0,2701651.0,,,
y1_d190_PHD_ARN,100.0,,,,,,,,False,,2737027.0,2737555.0,,,
y1_d190_PHD_ARN,101.0,,,,,,,,False,,2762833.0,2763295.0,,,
y1_d190_PHD_ARN,104.0,,,,,,,,False,,2829196.0,2829691.0,,,
y1_d190_PHD_ARN,152.0,,,,,,,,False,,4372475.0,4373004.0,,,
y1_d190_PHD_ARN,153.0,,,,,,,,False,,4420920.0,4421415.0,,,
y1_d190_PHD_ARN,159.0,,,,,,,,False,,4695645.0,4696140.0,,,
y1_d190_PHD_ARN,160.0,Safe,2.013,0.726,1.287,74.01601693082928,73.28796491028888,67.21766337665447,True,2.384880057146988,4716600.0,4717062.0,4717788.0,4719075.0,40
y1_d190_PHD_ARN,164.0,,,,,,,,False,,5036436.0,5036931.0,,,
y1_d190_PHD_ARN,165.0,,,,,,,,False,,5057853.0,5058348.0,,,
y1_d190_PHD_ARN,166.0,,,,,,,,False,,5086695.0,5087190.0,,,
y1_d190_PHD_ARN,167.0,,,,,,,,False,,5107254.0,5107749.0,,,
y1_d190_PHD_ARN,240.0,,,,,,,,False,,7680531.0,7681026.0,,,
y1_d190_PHD_ARN,241.0,,,,,,,,False,,7699176.0,7699638.0,,,
y1_d190_PHD_ARN,242.0,,,,,,,,False,,7737522.0,7737984.0,,,
y1_d190_PHD_ARN,244.0,,,,,,,,False,,7784745.0,7785240.0,,,
y1_d190_PHD_ARN,245.0,,,,,,,,False,,7824939.0,7825368.0,,,
y1_d190_PHD_ARN,246.0,,,,,,,,False,,7845564.0,7846026.0,,,
y1_d190_PHD_ARN,247.0,,,,,,,,False,,7871733.0,7872162.0,,,
y1_d190_PHD_ARN,249.0,,,,,,,,False,,7915458.0,7915920.0,,,
y1_d190_PHD_ARN,252.0,,,,,,,,False,,7999872.0,8000367.0,,,
y1_d190_PHD_ARN,253.0,,,,,,,,False,,8036997.0,8037492.0,,,
y1_d190_PHD_ARN,264.0,,,,,,,,False,,8447386.0,8447914.0,,,
y1_d190_PHD_ARN,265.0,,,,,,,,False,,8474215.0,8474710.0,,,
y1_d190_PHD_ARN,266.0,,,,,,,,False,,8498833.0,8499295.0,,,
y1_d190_PHD_ARN,267.0,,,,,,,,False,,8524078.0,8524606.0,,,
y1_d190_PHD_ARN,269.0,,,,,,,,False,,8583907.0,8584369.0,,,
y1_d190_PHD_ARN,272.0,,,,,,,,False,,8681950.0,8682478.0,,,
y1_d190_PHD_ARN,273.0,,,,,,,,False,,8707228.0,8707723.0,,,
y1_d190_PHD_ARN,274.0,,,,,,,,False,,8735575.0,8736070.0,,,
y1_d190_PHD_ARN,275.0,,,,,,,,False,,8760358.0,8760820.0,,,
y1_d190_PHD_ARN,276.0,,,,,,,,False,,8796856.0,8797318.0,,,
y1_d190_PHD_ARN,277.0,,,,,,,,False,,8819527.0,8820055.0,,,
y1_d190_PHD_ARN,278.0,,,,,,,,False,,8854507.0,8855035.0,,,
y1_d190_PHD_ARN,279.0,,,,,,,,False,,8883118.0,8883646.0,,,
y1_d190_PHD_ARN,280.0,,,,,,,,False,,8909188.0,8909617.0,,,
y1_d194_FXP_ANI,41.0,Safe,1.95,0.7,1.25,77.62538931688495,76.83007664566111,70.635709017759,True,5.721637799625563,1127264.0,1127714.0,1128414.0,1129664.0,26
y1_d194_FXP_ANI,116.0,,,,,,,,False,,3485614.0,3486114.0,,,
y1_d194_FXP_ANI,133.0,,,,,,,,False,,4192414.0,4192914.0,,,
y1_d194_FXP_ANI,151.0,,,,,,,,False,,4738064.0,4738564.0,,,
y1_d194_FXP_ANI,153.0,,,,,,,,False,,4793964.0,4794464.0,,,
y1_d194_FXP_ANI,154.0,,,,,,,,False,,4809364.0,4809814.0,,,
y1_d194_FXP_ANI,175.0,,,,,,,,False,,5469864.0,5470414.0,,,
y1_d194_FXP_ANI,176.0,,,,,,,,False,,5504264.0,5504814.0,,,
y1_d194_FXP_ANI,177.0,,,,,,,,False,,5540464.0,5540914.0,,,
y1_d194_FXP_ANI,179.0,,,,,,,,False,,5628364.0,5628964.0,,,
y1_d194_FXP_ANI,181.0,,,,,,,,False,,5684364.0,5684814.0,,,
y1_d194_FXP_ANI,188.0,,,,,,,,False,,6025464.0,6025964.0,,,
y1_d194_FXP_ANI,190.0,,,,,,,,False,,6085264.0,6085864.0,,,
y1_d194_FXP_ANI,191.0,,,,,,,,False,,6101564.0,6102014.0,,,
y1_d194_FXP_ANI,225.0,,,,,,,,False,,7366814.0,7367364.0,,,
y1_d194_FXP_ANI,280.0,,,,,,,,False,,9337564.0,9338014.0,,,
y1_d194_FXP_ANI,281.0,,,,,,,,False,,9356864.0,9357314.0,,,
y1_d194_FXP_ANI,282.0,,,,,,,,False,,9382664.0,9383114.0,,,
y1_d194_FXP_ANI,283.0,,,,,,,,False,,9413064.0,9413564.0,,,
y1_d194_FXP_ANI,284.0,,,,,,,,False,,9450414.0,9450914.0,,,
y1_d194_FXP_ANI,285.0,,,,,,,,False,,9476164.0,9476664.0,,,
y1_d194_FXP_ANI,286.0,,,,,,,,False,,9506514.0,9506914.0,,,
y1_d194_FXP_ANI,291.0,,,,,,,,False,,9736764.0,9737214.0,,,
y1_d194_FXP_ANI,292.0,,,,,,,,False,,9753764.0,9754314.0,,,
y1_d194_FXP_ANI,294.0,,,,,,,,False,,9807214.0,9807664.0,,,
y1_d194_FXP_ANI,295.0,,,,,,,,False,,9822964.0,9823464.0,,,
y1_d194_FXP_ANI,296.0,,,,,,,,False,,9840364.0,9840914.0,,,
y1_d194_FXP_ANI,297.0,,,,,,,,False,,9857264.0,9857764.0,,,
y1_d194_FXP_ANI,299.0,,,,,,,,False,,9916414.0,9916864.0,,,
y1_d194_FXP_ANI,300.0,,,,,,,,False,,9935764.0,9936214.0,,,
y1_d194_FXP_ANI,301.0,,,,,,,,False,,9955664.0,9956114.0,,,
y1_d194_FXP_ANI,303.0,,,,,,,,False,,10006214.0,10006664.0,,,
y1_d194_FXP_ANI,304.0,,,,,,,,False,,10034064.0,10034614.0,,,
y1_d194_FXP_ANI,306.0,,,,,,,,False,,10255964.0,10256464.0,,,
y1_d194_FXP_ANI,307.0,,,,,,,,False,,10282864.0,10283364.0,,,
y1_d194_FXP_ANI,308.0,,,,,,,,False,,10305214.0,10305664.0,,,
y1_d194_FXP_ANI,309.0,,,,,,,,False,,10325314.0,10325814.0,,,
y1_d194_FXP_ANI,311.0,,,,,,,,False,,10372714.0,10373264.0,,,
y1_d194_FXP_ANI,312.0,,,,,,,,False,,10409264.0,10409814.0,,,
y1_d194_FXP_ANI,333.0,,,,,,,,False,,11191514.0,11192114.0,,,
y1_d194_FXP_ANI,334.0,,,,,,,,False,,11208164.0,11208764.0,,,
y1_d194_FXP_ANI,336.0,,,,,,,,False,,11267964.0,,,,
y1_d194_FXP_ANI,337.0,,,,,,,,False,,11298264.0,11298764.0,,,
y1_d194_FXP_ANI,343.0,,,,,,,,False,,11470214.0,11470814.0,,,
y1_d194_FXP_ANI,344.0,,,,,,,,False,,11513214.0,11513664.0,,,
y1_d194_FXP_ANI,345.0,,,,,,,,False,,11531314.0,11531764.0,,,
y1_d194_FXP_ANI,346.0,,,,,,,,False,,11548214.0,11548714.0,,,
y1_d195_ARN_PHD,6.0,,,,,,,,False,,138943.0,139393.0,,,
y1_d195_ARN_PHD,7.0,,,,,,,,False,,157493.0,157993.0,,,
y1_d195_ARN_PHD,24.0,,,,,,,,False,,669843.0,670293.0,,,
y1_d195_ARN_PHD,35.0,,,,,,,,False,,1066293.0,1066743.0,,,
y1_d195_ARN_PHD,36.0,,,,,,,,False,,1084193.0,1084643.0,,,
y1_d195_ARN_PHD,38.0,,,,,,,,False,,1123193.0,1123693.0,,,
y1_d195_ARN_PHD,39.0,,,,,,,,False,,1148993.0,1149493.0,,,
y1_d195_ARN_PHD,42.0,,,,,,,,False,,1230893.0,1231343.0,,,
y1_d195_ARN_PHD,45.0,,,,,,,,False,,1449293.0,1449793.0,,,
y1_d195_ARN_PHD,46.0,,,,,,,,False,,1472443.0,1472943.0,,,
y1_d195_ARN_PHD,54.0,,,,,,,,False,,1747443.0,1747943.0,,,
y1_d195_ARN_PHD,55.0,,,,,,,,False,,1768143.0,1768593.0,,,
y1_d195_ARN_PHD,56.0,,,,,,,,False,,1793793.0,1794293.0,,,
y1_d195_ARN_PHD,57.0,,,,,,,,False,,1821893.0,1822393.0,,,
y1_d195_ARN_PHD,59.0,,,,,,,,False,,1868443.0,1868943.0,,,
y1_d195_ARN_PHD,89.0,,,,,,,,False,,2950143.0,2950693.0,,,
y1_d195_ARN_PHD,90.0,,,,,,,,False,,2975943.0,2976443.0,,,
y1_d195_ARN_PHD,94.0,,,,,,,,False,,3162243.0,3162793.0,,,
y1_d195_ARN_PHD,103.0,,,,,,,,False,,3465493.0,3466043.0,,,
y1_d195_ARN_PHD,104.0,,,,,,,,False,,3490393.0,3490943.0,,,
y1_d195_ARN_PHD,105.0,,,,,,,,False,,3516843.0,3517343.0,,,
y1_d195_ARN_PHD,106.0,,,,,,,,False,,3543243.0,3543743.0,,,
y1_d195_ARN_PHD,132.0,,,,,,,,False,,4360693.0,4361193.0,,,
y1_d195_ARN_PHD,133.0,,,,,,,,False,,4378943.0,4379543.0,,,
y1_d195_ARN_PHD,134.0,"Out (inning-ending, verify)",1.9,0.7,1.2,76.77745638853244,76.02446029454495,70.0376534490918,True,5.292733355116788,4398993.0,4399443.0,4400143.0,4401343.0,25
y1_d195_ARN_PHD,141.0,,,,,,,,False,,4828593.0,4829143.0,,,
y1_d195_ARN_PHD,142.0,,,,,,,,False,,4846843.0,4847343.0,,,
y1_d195_ARN_PHD,144.0,,,,,,,,False,,4897443.0,4897893.0,,,
y1_d195_ARN_PHD,146.0,,,,,,,,False,,4970443.0,4970943.0,,,
y1_d195_ARN_PHD,147.0,,,,,,,,False,,4991443.0,4991943.0,,,
y1_d195_ARN_PHD,148.0,,,,,,,,False,,5024293.0,5024743.0,,,
y1_d195_ARN_PHD,149.0,,,,,,,,False,,5043393.0,5043843.0,,,
y1_d195_ARN_PHD,151.0,,,,,,,,False,,5114043.0,5114593.0,,,
y1_d195_ARN_PHD,169.0,,,,,,,,False,,5830743.0,5831243.0,,,
y1_d195_ARN_PHD,170.0,,,,,,,,False,,5856593.0,5857093.0,,,
y1_d195_ARN_PHD,200.0,,,,,,,,False,,6990143.0,6990643.0,,,
y1_d195_ARN_PHD,206.0,,,,,,,,False,,7270543.0,7271043.0,,,
y1_d195_ARN_PHD,207.0,,,,,,,,False,,7288943.0,7294143.0,,,
y1_d195_ARN_PHD,209.0,,,,,,,,False,,7368743.0,7369193.0,,,
y1_d195_ARN_PHD,216.0,Safe,,,,,,,False,,7678693.0,7679243.0,,,
y1_d195_ARN_PHD,243.0,,,,,,,,False,,8667293.0,8667743.0,,,
y1_d195_ARN_PHD,246.0,,,,,,,,False,,8734993.0,8735443.0,,,
y1_d195_ARN_PHD,247.0,,,,,,,,False,,8752293.0,,,,
y1_d195_ARN_PHD,248.0,,,,,,,,False,,8794293.0,8794743.0,,,
y1_d195_FXP_ANI,5.0,,,,,,,,False,,187248.0,187748.0,,,
y1_d195_FXP_ANI,30.0,,,,,,,,False,,1017098.0,1017698.0,,,
y1_d195_FXP_ANI,31.0,,,,,,,,False,,1033448.0,1033948.0,,,
y1_d195_FXP_ANI,32.0,,,,,,,,False,,1053448.0,1053898.0,,,
y1_d195_FXP_ANI,33.0,,,,,,,,False,,1074948.0,1075448.0,,,
y1_d195_FXP_ANI,35.0,,,,,,,,False,,1111698.0,1112198.0,,,
y1_d195_FXP_ANI,36.0,,,,,,,,False,,1131848.0,1132348.0,,,
y1_d195_FXP_ANI,37.0,,,,,,,,False,,1167898.0,1168498.0,,,
y1_d195_FXP_ANI,38.0,,,,,,,,False,,1184148.0,1184598.0,,,
y1_d195_FXP_ANI,39.0,,,,,,,,False,,1203048.0,1203548.0,,,
y1_d195_FXP_ANI,40.0,,,,,,,,False,,1225648.0,1226148.0,,,
y1_d195_FXP_ANI,54.0,,,,,,,,False,,1748048.0,1748498.0,,,
y1_d195_FXP_ANI,63.0,,,,,,,,False,,2089448.0,2089948.0,,,
y1_d195_FXP_ANI,96.0,,,,,,,,False,,3175398.0,3175898.0,,,
y1_d195_FXP_ANI,97.0,,,,,,,,False,,3195348.0,3195848.0,,,
y1_d195_FXP_ANI,99.0,,,,,,,,False,,3251748.0,3252248.0,,,
y1_d195_FXP_ANI,138.0,,,,,,,,False,,4700198.0,4700748.0,,,
y1_d195_FXP_ANI,139.0,,,,,,,,False,,4724448.0,4724948.0,,,
y1_d195_FXP_ANI,153.0,,,,,,,,False,,5205548.0,5206048.0,,,
y1_d195_FXP_ANI,154.0,,,,,,,,False,,5221848.0,5225298.0,,,
y1_d195_FXP_ANI,155.0,,,,,,,,False,,5249998.0,5250498.0,,,
y1_d195_FXP_ANI,159.0,,,,,,,,False,,5372698.0,5373248.0,,,
y1_d195_FXP_ANI,161.0,,,,,,,,False,,5413348.0,5413798.0,,,
y1_d195_FXP_ANI,162.0,,,,,,,,False,,5430848.0,5431348.0,,,
y1_d195_FXP_ANI,182.0,,,,,,,,False,,6190848.0,,,,
y1_d195_FXP_ANI,183.0,,,,,,,,False,,6226048.0,6226548.0,,,
y1_d195_FXP_ANI,265.0,,,,,,,,False,,9236998.0,9237398.0,,,
y1_d195_FXP_ANI,267.0,,,,,,,,False,,9284948.0,9285448.0,,,
y1_d195_FXP_ANI,268.0,,,,,,,,False,,9303798.0,9304298.0,,,
y1_d195_FXP_ANI,269.0,,,,,,,,False,,9332298.0,9332748.0,,,
y1_d195_FXP_ANI,270.0,,,,,,,,False,,9349148.0,9349598.0,,,
y1_d195_FXP_ANI,272.0,,,,,,,,False,,9396048.0,9396498.0,,,
y1_d196_ARN_PHD,34.0,,,,,,,,False,,937635.0,938135.0,,,
y1_d196_ARN_PHD,35.0,,,,,,,,False,,960085.0,960535.0,,,
y1_d196_ARN_PHD,50.0,,,,,,,,False,,1380085.0,1380585.0,,,
y1_d196_ARN_PHD,51.0,,,,,,,,False,,1402485.0,1403035.0,,,
y1_d196_ARN_PHD,52.0,,,,,,,,False,,1429935.0,1430435.0,,,
y1_d196_ARN_PHD,73.0,Safe,1.9,0.65,1.25,76.6098440812391,75.79023735331155,69.28022419287825,True,8.196181526253092,2113535.0,2114085.0,2114735.0,2115985.0,26
y1_d196_ARN_PHD,99.0,,,,,,,,False,,2952135.0,2952635.0,,,
y1_d196_ARN_PHD,119.0,,,,,,,,False,,3549535.0,3549985.0,,,
y1_d196_ARN_PHD,121.0,,,,,,,,False,,3591835.0,3592285.0,,,
y1_d196_ARN_PHD,122.0,,,,,,,,False,,3614885.0,3615335.0,,,
y1_d196_ARN_PHD,123.0,,,,,,,,False,,3641135.0,3641585.0,,,
y1_d196_ARN_PHD,124.0,,,,,,,,False,,3668785.0,3669335.0,,,
y1_d196_ARN_PHD,126.0,,,,,,,,False,,3708385.0,3709685.0,,,
y1_d196_ARN_PHD,183.0,,,,,,,,False,,5444385.0,5444935.0,,,
y1_d196_ARN_PHD,184.0,,,,,,,,False,,5464835.0,5465285.0,,,
y1_d196_ARN_PHD,185.0,,,,,,,,False,,5485035.0,5485535.0,,,
y1_d196_ARN_PHD,200.0,,,,,,,,False,,5912535.0,5913035.0,,,
y1_d196_ARN_PHD,211.0,,,,,,,,False,,6307785.0,,,,
y1_d196_ARN_PHD,224.0,,,,,,,,False,,6754485.0,6755035.0,,,
y1_d196_ARN_PHD,225.0,,,,,,,,False,,6775685.0,6776235.0,,,
y1_d196_ARN_PHD,227.0,,,,,,,,False,,6824835.0,6825335.0,,,
y1_d196_ARN_PHD,229.0,,,,,,,,False,,6894185.0,6894735.0,,,
y1_d196_ARN_PHD,230.0,,,,,,,,False,,6918285.0,6918735.0,,,
y1_d196_ARN_PHD,232.0,,,,,,,,False,,7108535.0,7108985.0,,,
y1_d196_ARN_PHD,233.0,,,,,,,,False,,7127935.0,7128435.0,,,
y1_d196_ARN_PHD,235.0,,,,,,,,False,,7184935.0,,,,
y1_d196_ARN_PHD,240.0,,,,,,,,False,,7460885.0,7461385.0,,,
y1_d196_ARN_PHD,241.0,,,,,,,,False,,7477985.0,7478435.0,,,
y1_d196_ARN_PHD,242.0,,,,,,,,False,,7497285.0,7497835.0,,,
y1_d196_ARN_PHD,246.0,,,,,,,,False,,7606985.0,7607485.0,,,
y1_d196_ARN_PHD,247.0,,,,,,,,False,,7630485.0,7630935.0,,,
y1_d196_ARN_PHD,249.0,Safe,,,,,,,False,,7670035.0,7670585.0,,,
y1_d196_ARN_PHD,263.0,,,,,,,,False,,8271185.0,8271685.0,,,
y1_d196_ARN_PHD,264.0,,,,,,,,False,,8297785.0,8298235.0,,,
y1_d196_ARN_PHD,266.0,,,,,,,,False,,8370385.0,8370885.0,,,
y1_d196_ARN_PHD,267.0,,,,,,,,False,,8389335.0,8394885.0,,,
y1_d196_ARN_PHD,269.0,,,,,,,,False,,8527835.0,8528335.0,,,
y1_d196_ARN_PHD,272.0,,,,,,,,False,,8593185.0,8593685.0,,,
y1_d196_ARN_PHD,292.0,,,,,,,,False,,9572135.0,9572685.0,,,
y1_d196_ARN_PHD,293.0,,,,,,,,False,,9597985.0,9598535.0,,,
y1_d196_ARN_PHD,294.0,,,,,,,,False,,9636785.0,9637285.0,,,
y1_d196_ARN_PHD,296.0,,,,,,,,False,,9704035.0,9704535.0,,,
y1_d196_ARN_PHD,297.0,,,,,,,,False,,9743085.0,9743585.0,,,
y1_d196_ARN_PHD,298.0,,,,,,,,False,,9769435.0,9771035.0,,,
y1_d196_ARN_PHD,299.0,,,,,,,,False,,9807535.0,9807985.0,,,
y1_d196_ARN_PHD,301.0,,,,,,,,False,,9881185.0,9881685.0,,,
y1_d196_ARN_PHD,302.0,,,,,,,,False,,9906835.0,9907385.0,,,
y1_d196_ARN_PHD,303.0,,,,,,,,False,,9934985.0,9935485.0,,,
y1_d196_ARN_PHD,304.0,,,,,,,,False,,9983385.0,9983885.0,,,
y1_d196_ARN_PHD,307.0,,,,,,,,False,,10054735.0,10055185.0,,,
y1_d196_ARN_PHD,324.0,,,,,,,,False,,10936785.0,10937335.0,,,
y1_d196_ARN_PHD,325.0,,,,,,,,False,,10966435.0,10966935.0,,,
y1_d196_ARN_PHD,326.0,,,,,,,,False,,10996735.0,10997235.0,,,
y1_d196_ARN_PHD,327.0,,,,,,,,False,,11025485.0,11025985.0,,,
y1_d196_ARN_PHD,328.0,,,,,,,,False,,11058535.0,11059035.0,,,
y1_d196_ARN_PHD,330.0,,,,,,,,False,,11131535.0,11132035.0,,,
y1_d196_ARN_PHD,362.0,,,,,,,,False,,12367185.0,12367685.0,,,
y1_d196_ARN_PHD,363.0,"Out (inning-ending, verify)",1.75,0.6,1.15,104.02399029610527,78.78777560595474,73.79806590245207,True,4.27513179578608,12384635.0,12385135.0,12385735.0,12386885.0,24
y1_d196_FXP_ANI,38.0,,,,,,,,False,,1425605.0,1426105.0,,,
y1_d196_FXP_ANI,39.0,,,,,,,,False,,1449655.0,1450205.0,,,
y1_d196_FXP_ANI,40.0,,,,,,,,False,,1476005.0,1476555.0,,,
y1_d196_FXP_ANI,41.0,,,,,,,,False,,1510755.0,1511305.0,,,
y1_d196_FXP_ANI,42.0,,,,,,,,False,,1536505.0,1537005.0,,,
y1_d196_FXP_ANI,44.0,,,,,,,,False,,1606705.0,1607255.0,,,
y1_d196_FXP_ANI,45.0,,,,,,,,False,,1627305.0,1627755.0,,,
y1_d196_FXP_ANI,69.0,,,,,,,,False,,2545905.0,2546355.0,,,
y1_d196_FXP_ANI,73.0,,,,,,,,False,,2625455.0,2626005.0,,,
y1_d196_FXP_ANI,74.0,,,,,,,,False,,2650455.0,2650905.0,,,
y1_d196_FXP_ANI,75.0,,,,,,,,False,,2679605.0,2680105.0,,,
y1_d196_FXP_ANI,78.0,,,,,,,,False,,2751455.0,2752005.0,,,
y1_d196_FXP_ANI,79.0,,,,,,,,False,,2783605.0,2784105.0,,,
y1_d196_FXP_ANI,80.0,,,,,,,,False,,2804905.0,2805455.0,,,
y1_d196_FXP_ANI,81.0,,,,,,,,False,,2827755.0,2828205.0,,,
y1_d196_FXP_ANI,82.0,,,,,,,,False,,2892005.0,2892455.0,,,
y1_d196_FXP_ANI,96.0,,,,,,,,False,,3411605.0,3412055.0,,,
y1_d196_FXP_ANI,97.0,,,,,,,,False,,3438855.0,3439405.0,,,
y1_d196_FXP_ANI,129.0,,,,,,,,False,,4781655.0,4782205.0,,,
y1_d196_FXP_ANI,130.0,,,,,,,,False,,4806555.0,4807055.0,,,
y1_d196_FXP_ANI,158.0,,,,,,,,False,,5672255.0,5672705.0,,,
y1_d196_FXP_ANI,160.0,,,,,,,,False,,5734205.0,5734705.0,,,
y1_d196_FXP_ANI,161.0,,,,,,,,False,,5755855.0,5756405.0,,,
y1_d196_FXP_ANI,164.0,,,,,,,,False,,5844005.0,5844505.0,,,
y1_d196_FXP_ANI,188.0,Safe,1.95,0.7,1.25,75.29551035411059,74.58212579251271,68.94458795966459,True,2.8724088040897553,6880405.0,6880855.0,6881555.0,6882805.0,26
y1_d196_FXP_ANI,204.0,,,,,,,,False,,7426305.0,7426805.0,,,
y1_d196_FXP_ANI,206.0,,,,,,,,False,,7486955.0,7487405.0,,,
y1_d196_FXP_ANI,207.0,,,,,,,,False,,7506005.0,7506455.0,,,
y1_d196_FXP_ANI,208.0,,,,,,,,False,,7526105.0,7526605.0,,,
y1_d196_FXP_ANI,209.0,,,,,,,,False,,7544455.0,7544905.0,,,
y1_d196_FXP_ANI,211.0,"Out (inning-ending, verify)",1.95,0.7,1.25,79.323540405724,78.60762860919753,69.38829591839797,True,2.3881436357672183,7592855.0,7593305.0,7594005.0,7595255.0,26
y1_d197_ARN_PHD,3.0,,,,,,,,False,,146294.0,146822.0,,,
y1_d197_ARN_PHD,4.0,,,,,,,,False,,164807.0,165269.0,,,
y1_d197_ARN_PHD,6.0,,,,,,,,False,,202790.0,203318.0,,,
y1_d197_ARN_PHD,8.0,,,,,,,,False,,260771.0,261200.0,,,
y1_d197_ARN_PHD,13.0,,,,,,,,False,,390296.0,390758.0,,,
y1_d197_ARN_PHD,38.0,,,,,,,,False,,1243611.0,1244073.0,,,
y1_d197_ARN_PHD,39.0,,,,,,,,False,,1263906.0,1264467.0,,,
y1_d197_ARN_PHD,40.0,,,,,,,,False,,1286379.0,1286874.0,,,
y1_d197_ARN_PHD,45.0,,,,,,,,False,,1420227.0,1420788.0,,,
y1_d197_ARN_PHD,47.0,,,,,,,,False,,1482927.0,1483389.0,,,
y1_d197_ARN_PHD,54.0,,,,,,,,False,,1757224.0,1757719.0,,,
y1_d197_ARN_PHD,66.0,,,,,,,,False,,2080723.0,2081251.0,,,
y1_d197_ARN_PHD,72.0,Safe,2.013,0.759,1.254,74.25064459746456,73.47783128723356,67.49912813680494,True,6.100754960567242,2273905.0,2274400.0,2275159.0,2276413.0,39
y1_d197_ARN_PHD,89.0,,,,,,,,False,,2825996.0,2826557.0,,,
y1_d197_ARN_PHD,90.0,,,,,,,,False,,2843189.0,2843717.0,,,
y1_d197_ARN_PHD,91.0,,,,,,,,False,,2861867.0,2862395.0,,,
y1_d197_ARN_PHD,95.0,,,,,,,,False,,3006737.0,3007298.0,,,
y1_d197_ARN_PHD,96.0,,,,,,,,False,,3030959.0,3031487.0,,,
y1_d197_ARN_PHD,97.0,,,,,,,,False,,3051815.0,3052277.0,,,
y1_d197_ARN_PHD,110.0,,,,,,,,False,,3524243.0,3524705.0,,,
y1_d197_ARN_PHD,111.0,,,,,,,,False,,3542393.0,3542855.0,,,
y1_d197_ARN_PHD,160.0,,,,,,,,False,,5189392.0,5189953.0,,,
y1_d197_ARN_PHD,189.0,,,,,,,,False,,6122303.0,6122765.0,,,
y1_d197_ARN_PHD,191.0,,,,,,,,False,,6161903.0,6162431.0,,,
y1_d197_ARN_PHD,209.0,,,,,,,,False,,6823257.0,6823752.0,,,
y1_d197_ARN_PHD,210.0,,,,,,,,False,,6861075.0,6861570.0,,,
y1_d197_ARN_PHD,213.0,,,,,,,,False,,6931002.0,6931464.0,,,
y1_d197_ARN_PHD,217.0,,,,,,,,False,,7086069.0,7086531.0,,,
y1_d197_ARN_PHD,218.0,,,,,,,,False,,7108443.0,7108905.0,,,
y1_d197_ARN_PHD,219.0,,,,,,,,False,,7129035.0,7129563.0,,,
y1_d197_ARN_PHD,221.0,,,,,,,,False,,7218267.0,7218795.0,,,
y1_d197_ARN_PHD,222.0,,,,,,,,False,,7238100.0,7238628.0,,,
y1_d197_ARN_PHD,224.0,,,,,,,,False,,7289316.0,7289778.0,,,
y1_d197_ARN_PHD,225.0,,,,,,,,False,,7309974.0,7310469.0,,,
y1_d197_ARN_PHD,226.0,,,,,,,,False,,7330302.0,7330797.0,,,
y1_d197_ARN_PHD,239.0,,,,,,,,False,,7860283.0,7860778.0,,,
y1_d197_ARN_PHD,245.0,,,,,,,,False,,8095177.0,8095738.0,,,
y1_d197_ARN_PHD,248.0,,,,,,,,False,,8165137.0,8165665.0,,,
y1_d197_ARN_PHD,249.0,,,,,,,,False,,8184079.0,8184607.0,,,
y1_d197_ARN_PHD,261.0,,,,,,,,False,,8749469.0,8749964.0,,,
y1_d197_ARN_PHD,262.0,,,,,,,,False,,8767124.0,8767685.0,,,
y1_d197_ARN_PHD,279.0,,,,,,,,False,,9429566.0,9430094.0,,,
y1_d197_ARN_PHD,280.0,,,,,,,,False,,9455108.0,9455570.0,,,
y1_d197_ARN_PHD,281.0,,,,,,,,False,,9475634.0,9476096.0,,,
y1_d197_ARN_PHD,312.0,,,,,,,,False,,10463721.0,10464183.0,,,
y1_d197_FXP_ANI,5.0,,,,,,,,False,,159915.0,160377.0,,,
y1_d197_FXP_ANI,8.0,,,,,,,,False,,266472.0,266967.0,,,
y1_d197_FXP_ANI,9.0,,,,,,,,False,,284358.0,284919.0,,,
y1_d197_FXP_ANI,12.0,,,,,,,,False,,370521.0,370983.0,,,
y1_d197_FXP_ANI,26.0,,,,,,,,False,,786784.0,787246.0,,,
y1_d197_FXP_ANI,27.0,,,,,,,,False,,806980.0,807541.0,,,
y1_d197_FXP_ANI,29.0,,,,,,,,False,,863938.0,864433.0,,,
y1_d197_FXP_ANI,30.0,,,,,,,,False,,886807.0,887302.0,,,
y1_d197_FXP_ANI,41.0,,,,,,,,False,,1221988.0,1222450.0,,,
y1_d197_FXP_ANI,67.0,,,,,,,,False,,2203013.0,2203475.0,,,
y1_d197_FXP_ANI,70.0,,,,,,,,False,,2283203.0,2283665.0,,,
y1_d197_FXP_ANI,71.0,,,,,,,,False,,2304785.0,2305247.0,,,
y1_d197_FXP_ANI,72.0,,,,,,,,False,,2329040.0,2329568.0,,,
y1_d197_FXP_ANI,73.0,,,,,,,,False,,2352041.0,2352536.0,,,
y1_d197_FXP_ANI,96.0,,,,,,,,False,,3116223.0,3116652.0,,,
y1_d197_FXP_ANI,97.0,,,,,,,,False,,3134934.0,3135396.0,,,
y1_d197_FXP_ANI,103.0,,,,,,,,False,,3358377.0,3358839.0,,,
y1_d197_FXP_ANI,104.0,,,,,,,,False,,3382137.0,3382599.0,,,
y1_d197_FXP_ANI,107.0,,,,,,,,False,,3493875.0,3494337.0,,,
y1_d197_FXP_ANI,153.0,,,,,,,,False,,4924559.0,4925153.0,,,
y1_d197_FXP_ANI,154.0,,,,,,,,False,,4945283.0,4945745.0,,,
y1_d197_FXP_ANI,155.0,,,,,,,,False,,4965413.0,4965941.0,,,
y1_d197_FXP_ANI,156.0,,,,,,,,False,,4986863.0,4987424.0,,,
y1_d197_FXP_ANI,157.0,,,,,,,,False,,5013362.0,5013824.0,,,
y1_d197_FXP_ANI,158.0,,,,,,,,False,,5039366.0,5039861.0,,,
y1_d197_FXP_ANI,201.0,,,,,,,,False,,6753783.0,6754245.0,,,
y1_d197_FXP_ANI,202.0,,,,,,,,False,,6770746.0,6771241.0,,,
y1_d197_FXP_ANI,203.0,,,,,,,,False,,6791470.0,6791932.0,,,
y1_d197_FXP_ANI,205.0,,,,,,,,False,,6857866.0,6858328.0,,,
y1_d197_FXP_ANI,206.0,Safe,,,,,,,False,,6891988.0,6892450.0,,,
y1_d197_FXP_ANI,237.0,,,,,,,,False,,8082794.0,8083256.0,,,
y1_d197_FXP_ANI,239.0,,,,,,,,False,,8147540.0,8148002.0,,,
y1_d197_FXP_ANI,241.0,,,,,,,,False,,8199779.0,8200307.0,,,
y1_d197_FXP_ANI,242.0,,,,,,,,False,,8237531.0,8237993.0,,,
y1_d197_FXP_ANI,243.0,,,,,,,,False,,8256671.0,8257232.0,,,
y1_d197_FXP_ANI,244.0,,,,,,,,False,,8289539.0,8290034.0,,,
y1_d197_FXP_ANI,245.0,,,,,,,,False,,8313761.0,8314223.0,,,
y1_d197_FXP_ANI,265.0,,,,,,,,False,,8940168.0,8940630.0,,,
y1_d197_FXP_ANI,267.0,,,,,,,,False,,8981979.0,8982474.0,,,
y1_d197_FXP_ANI,277.0,,,,,,,,False,,9403884.0,9404346.0,,,
y1_d197_FXP_ANI,278.0,,,,,,,,False,,9420780.0,9421242.0,,,
y1_d197_FXP_ANI,279.0,,,,,,,,False,,9441207.0,9441669.0,,,
y1_d197_FXP_ANI,280.0,,,,,,,,False,,9466452.0,9466914.0,,,
y1_d197_FXP_ANI,281.0,,,,,,,,False,,9484470.0,9484932.0,,,
y1_d197_FXP_ANI,283.0,,,,,,,,False,,9675705.0,9676200.0,,,
y1_d197_FXP_ANI,284.0,,,,,,,,False,,9690390.0,9690885.0,,,
y1_d197_FXP_ANI,285.0,,,,,,,,False,,9705603.0,9706098.0,,,
y1_d197_FXP_ANI,286.0,,,,,,,,False,,9722400.0,9722994.0,,,
y1_d197_FXP_ANI,287.0,,,,,,,,False,,9740451.0,9740946.0,,,
y1_d197_FXP_ANI,296.0,,,,,,,,False,,10172785.0,10173280.0,,,
y1_d197_FXP_ANI,297.0,,,,,,,,False,,10187404.0,10187899.0,,,
y1_d197_FXP_ANI,298.0,,,,,,,,False,,10205686.0,10206247.0,,,
y1_d197_FXP_ANI,300.0,,,,,,,,False,,10279012.0,10279573.0,,,
y1_d197_FXP_ANI,302.0,,,,,,,,False,,10323496.0,10324090.0,,,
y1_d197_FXP_ANI,303.0,,,,,,,,False,,10348048.0,10348543.0,,,
y1_d197_FXP_ANI,305.0,,,,,,,,False,,10418074.0,10418536.0,,,
y1_d197_FXP_ANI,306.0,,,,,,,,False,,10440811.0,10441339.0,,,
y1_d197_FXP_ANI,307.0,,,,,,,,False,,10458961.0,10459423.0,,,
y1_d197_FXP_ANI,308.0,,,,,,,,False,,10477606.0,10478101.0,,,
y1_d197_FXP_ANI,310.0,,,,,,,,False,,10523575.0,10524037.0,,,
y1_d197_FXP_ANI,330.0,,,,,,,,False,,11322308.0,11322803.0,,,
y1_d197_FXP_ANI,331.0,,,,,,,,False,,11340920.0,11341415.0,,,
y1_d197_FXP_ANI,332.0,,,,,,,,False,,11359103.0,11359565.0,,,
y1_d197_FXP_ANI,339.0,,,,,,,,False,,11643134.0,11643596.0,,,
y1_d197_FXP_ANI,340.0,,,,,,,,False,,11661284.0,11661779.0,,,
y1_d197_FXP_ANI,342.0,,,,,,,,False,,11722763.0,11723291.0,,,
y1_d197_FXP_ANI,343.0,,,,,,,,False,,11740220.0,11740715.0,,,
y1_d197_FXP_ANI,344.0,,,,,,,,False,,11762859.0,11763354.0,,,
y1_d197_FXP_ANI,345.0,,,,,,,,False,,11783946.0,11784474.0,,,
y1_d198_JGO_VAS,33.0,,,,,,,,False,,1030162.0,1030712.0,,,
y1_d198_JGO_VAS,34.0,,,,,,,,False,,1052262.0,,,,
y1_d198_JGO_VAS,52.0,,,,,,,,False,,1679212.0,1679712.0,,,
y1_d198_JGO_VAS,54.0,,,,,,,,False,,1718362.0,1718862.0,,,
y1_d198_JGO_VAS,55.0,,,,,,,,False,,1738962.0,1739562.0,,,
y1_d198_JGO_VAS,93.0,,,,,,,,False,,3064012.0,3064562.0,,,
y1_d198_JGO_VAS,105.0,,,,,,,,False,,3462412.0,3462962.0,,,
y1_d198_JGO_VAS,106.0,,,,,,,,False,,3477662.0,3478162.0,,,
y1_d198_JGO_VAS,107.0,,,,,,,,False,,3493012.0,3493512.0,,,
y1_d198_JGO_VAS,110.0,Safe,,,,,,,False,,3556712.0,3557212.0,,,
y1_d198_JGO_VAS,124.0,,,,,,,,False,,4082062.0,4082512.0,,,
y1_d198_JGO_VAS,125.0,,,,,,,,False,,4098612.0,4099112.0,,,
y1_d198_JGO_VAS,126.0,,,,,,,,False,,4123612.0,4124162.0,,,
y1_d198_JGO_VAS,143.0,,,,,,,,False,,4826662.0,4827162.0,,,
y1_d198_JGO_VAS,146.0,,,,,,,,False,,5040362.0,5040962.0,,,
y1_d198_JGO_VAS,147.0,,,,,,,,False,,5062762.0,5063262.0,,,
y1_d198_JGO_VAS,179.0,,,,,,,,False,,6204812.0,6205362.0,,,
y1_d198_JGO_VAS,182.0,,,,,,,,False,,6281962.0,6282562.0,,,
y1_d198_JGO_VAS,183.0,,,,,,,,False,,6309462.0,6309962.0,,,
y1_d198_JGO_VAS,187.0,,,,,,,,False,,6444012.0,6444512.0,,,
y1_d198_JGO_VAS,188.0,,,,,,,,False,,6482262.0,6482762.0,,,
y1_d198_JGO_VAS,190.0,,,,,,,,False,,6539212.0,6539712.0,,,
y1_d198_JGO_VAS,191.0,,,,,,,,False,,6571912.0,6572462.0,,,
y1_d198_JGO_VAS,192.0,,,,,,,,False,,6592662.0,6593212.0,,,
y1_d198_JGO_VAS,193.0,,,,,,,,False,,6614712.0,6615212.0,,,
y1_d198_JGO_VAS,197.0,,,,,,,,False,,6759262.0,6759762.0,,,
y1_d198_JGO_VAS,206.0,,,,,,,,False,,7085662.0,7086162.0,,,
y1_d198_JGO_VAS,223.0,,,,,,,,False,,7758812.0,7759312.0,,,
y1_d198_JGO_VAS,224.0,,,,,,,,False,,7774862.0,7775312.0,,,
y1_d198_JGO_VAS,226.0,,,,,,,,False,,7818912.0,7819412.0,,,
y1_d198_JGO_VAS,242.0,,,,,,,,False,,8574012.0,8574462.0,,,
y1_d198_JGO_VAS,243.0,,,,,,,,False,,8603212.0,8603712.0,,,
y1_d198_JGO_VAS,244.0,,,,,,,,False,,8631762.0,8632312.0,,,
y1_d198_JGO_VAS,245.0,,,,,,,,False,,8658362.0,8658912.0,,,
y1_d198_JGO_VAS,246.0,,,,,,,,False,,8682462.0,8682962.0,,,
y1_d198_JGO_VAS,247.0,,,,,,,,False,,8718662.0,8719112.0,,,
y1_d198_JGO_VAS,255.0,,,,,,,,False,,9078162.0,9078662.0,,,
y1_d198_JGO_VAS,303.0,,,0.75,,,,,False,,11391062.0,11391512.0,11392262.0,,
y1_d198_JGO_VAS,305.0,,,,,,,,False,,11444412.0,11444862.0,,,
y1_d198_JGO_VAS,312.0,,,,,,,,False,,11701312.0,11701812.0,,,
y1_d198_JGO_VAS,313.0,,,,,,,,False,,11722912.0,11723462.0,,,
y1_d198_JGO_VAS,314.0,,,,,,,,False,,11750062.0,11750612.0,,,
y1_d198_JGO_VAS,315.0,,,,,,,,False,,11779662.0,11780162.0,,,
y1_d198_JGO_VAS,316.0,,,,,,,,False,,11816362.0,11816912.0,,,
y1_d198_JGO_VAS,317.0,,,,,,,,False,,11835812.0,11836362.0,,,
y1_d198_JGO_VAS,318.0,,,,,,,,False,,11861612.0,11862062.0,,,
y1_d198_JGO_VAS,319.0,,,,,,,,False,,11887712.0,11888162.0,,,
y1_d198_JGO_VAS,320.0,,,,,,,,False,,11911762.0,11912262.0,,,
y1_d198_TES_ARN,14.0,,,,,,,,False,,446952.0,447402.0,,,
y1_d198_TES_ARN,17.0,,,,,,,,False,,533102.0,533552.0,,,
y1_d198_TES_ARN,24.0,,,,,,,,False,,807902.0,808352.0,,,
y1_d198_TES_ARN,26.0,,,,,,,,False,,850652.0,851202.0,,,
y1_d198_TES_ARN,27.0,,,,,,,,False,,871702.0,,,,
y1_d198_TES_ARN,28.0,,,,,,,,False,,912052.0,912552.0,,,
y1_d198_TES_ARN,48.0,,,,,,,,False,,1573752.0,1574252.0,,,
y1_d198_TES_ARN,81.0,,,,,,,,False,,2572752.0,2573252.0,,,
y1_d198_TES_ARN,82.0,,,,,,,,False,,2594552.0,2595152.0,,,
y1_d198_TES_ARN,83.0,,,,,,,,False,,2614552.0,2615052.0,,,
y1_d198_TES_ARN,84.0,,,,,,,,False,,2635352.0,2635852.0,,,
y1_d198_TES_ARN,148.0,,,,,,,,False,,4917952.0,4918452.0,,,
y1_d198_TES_ARN,149.0,,,,,,,,False,,4944552.0,4945102.0,,,
y1_d198_TES_ARN,150.0,,,,,,,,False,,4967602.0,4968102.0,,,
y1_d198_TES_ARN,151.0,,,,,,,,False,,4988402.0,4988952.0,,,
y1_d198_TES_ARN,153.0,,,,,,,,False,,5050852.0,5051402.0,,,
y1_d198_TES_ARN,159.0,,,,,,,,False,,5290652.0,5291202.0,,,
y1_d198_TES_ARN,161.0,,,,,,,,False,,5337252.0,5337752.0,,,
y1_d198_TES_ARN,164.0,,,,,,,,False,,5449652.0,5450152.0,,,
y1_d198_TES_ARN,167.0,,,,,,,,False,,5564452.0,5564902.0,,,
y1_d198_TES_ARN,168.0,,,,,,,,False,,5583902.0,5584452.0,,,
y1_d198_TES_ARN,169.0,,,,,,,,False,,5604002.0,5604452.0,,,
y1_d198_TES_ARN,170.0,,,,,,,,False,,5628102.0,5628652.0,,,
y1_d198_TES_ARN,171.0,,,,,,,,False,,5651552.0,5652002.0,,,
y1_d198_TES_ARN,175.0,,,,,,,,False,,5827502.0,5828052.0,,,
y1_d198_TES_ARN,176.0,,,,,,,,False,,5845152.0,5845702.0,,,
y1_d198_TES_ARN,196.0,,,,,,,,False,,6575052.0,6575552.0,,,
y1_d198_TES_ARN,197.0,,,,,,,,False,,6596202.0,6596752.0,,,
y1_d198_TES_ARN,198.0,,,,,,,,False,,6617552.0,6618052.0,,,
y1_d198_TES_ARN,200.0,,,,,,,,False,,6687152.0,6687702.0,,,
y1_d198_TES_ARN,201.0,,,,,,,,False,,6706552.0,6707002.0,,,
y1_d198_TES_ARN,202.0,,,,,,,,False,,6728852.0,6729352.0,,,
y1_d198_TES_ARN,214.0,,,,,,,,False,,7181302.0,7181752.0,,,
y1_d198_TES_ARN,215.0,,,,,,,,False,,7198952.0,7199402.0,,,
y1_d198_TES_ARN,216.0,,,,,,,,False,,7217152.0,7217702.0,,,
y1_d198_TES_ARN,217.0,,,,,,,,False,,7240352.0,7240852.0,,,
y1_d198_TES_ARN,218.0,,,,,,,,False,,7261052.0,7261552.0,,,
y1_d198_TES_ARN,225.0,,,,,,,,False,,7579552.0,7580002.0,,,
y1_d198_TES_ARN,226.0,,,,,,,,False,,7601702.0,7602152.0,,,
y1_d198_TES_ARN,227.0,,,,,,,,False,,7624952.0,7625452.0,,,
y1_d198_TES_ARN,228.0,,,,,,,,False,,7646552.0,7647052.0,,,
y1_d198_TES_ARN,229.0,,,,,,,,False,,7684202.0,7684702.0,,,
y1_d198_TES_ARN,230.0,,,,,,,,False,,7730202.0,7730702.0,,,
y1_d198_TES_ARN,231.0,,,,,,,,False,,7753002.0,7753452.0,,,
y1_d198_TES_ARN,232.0,,,,,,,,False,,7776202.0,7776652.0,,,
y1_d198_TES_ARN,233.0,,,,,,,,False,,7802652.0,7803102.0,,,
y1_d198_TES_ARN,244.0,,,,,,,,False,,8260602.0,8261102.0,,,
y1_d198_TES_ARN,245.0,,,,,,,,False,,8276052.0,8276602.0,,,
y1_d198_TES_ARN,246.0,,,,,,,,False,,8300352.0,8300902.0,,,
y1_d198_TES_ARN,247.0,,,,,,,,False,,8325452.0,8326002.0,,,
y1_d198_TES_ARN,248.0,,,,,,,,False,,8354652.0,8355152.0,,,
y1_d198_TES_ARN,263.0,,,,,,,,False,,8774802.0,8775302.0,,,
y1_d198_TES_ARN,270.0,,,,,,,,False,,9072952.0,9073502.0,,,
y1_d198_TES_ARN,271.0,,,,,,,,False,,9088702.0,9089202.0,,,
y1_d198_TES_ARN,273.0,,,,,,,,False,,9127652.0,9128152.0,,,
y1_d198_TES_ARN,274.0,,,,,,,,False,,9143952.0,9144452.0,,,
y1_d198_TES_ARN,276.0,,,,,,,,False,,9197502.0,9198052.0,,,
y1_d198_TES_ARN,277.0,,,,,,,,False,,9213052.0,9213502.0,,,
y1_d198_TES_ARN,278.0,,,,,,,,False,,9229102.0,9229552.0,,,
y1_d198_TES_ARN,279.0,,,,,,,,False,,9244852.0,9245302.0,,,
y1_d198_TES_ARN,280.0,,,,,,,,False,,9277902.0,9278452.0,,,
y1_d198_TES_ARN,306.0,,,,,,,,False,,10003102.0,10003602.0,,,
y1_d198_TES_ARN,308.0,,,,,,,,False,,10032052.0,10032602.0,,,
y1_d198_TES_ARN,309.0,,,,,,,,False,,10046352.0,10046902.0,,,
y1_d198_TES_ARN,310.0,,,,,,,,False,,10058002.0,10058502.0,,,
y1_d198_TES_ARN,311.0,,,,,,,,False,,10076702.0,10077202.0,,,
y1_d199_JGO_VAS,27.0,,,,,,,,False,,804045.0,804545.0,,,
y1_d199_JGO_VAS,28.0,,,,,,,,False,,825645.0,826145.0,,,
y1_d199_JGO_VAS,30.0,,,,,,,,False,,887145.0,887645.0,,,
y1_d199_JGO_VAS,31.0,,,,,,,,False,,907445.0,907995.0,,,
y1_d199_JGO_VAS,32.0,,,,,,,,False,,928945.0,929445.0,,,
y1_d199_JGO_VAS,33.0,,,,,,,,False,,956145.0,956645.0,,,
y1_d199_JGO_VAS,34.0,,,,,,,,False,,987245.0,987795.0,,,
y1_d199_JGO_VAS,35.0,,,,,,,,False,,1006695.0,1007245.0,,,
y1_d199_JGO_VAS,36.0,,,,,,,,False,,1032745.0,1033245.0,,,
y1_d199_JGO_VAS,38.0,,,,,,,,False,,1081295.0,1081745.0,,,
y1_d199_JGO_VAS,44.0,,,,,,,,False,,1363895.0,1364345.0,,,
y1_d199_JGO_VAS,46.0,,,,,,,,False,,1410595.0,1411095.0,,,
y1_d199_JGO_VAS,47.0,,,,,,,,False,,1448995.0,1449495.0,,,
y1_d199_JGO_VAS,54.0,,,,,,,,False,,1743245.0,1743745.0,,,
y1_d199_JGO_VAS,55.0,,,,,,,,False,,1761595.0,1762045.0,,,
y1_d199_JGO_VAS,56.0,,,,,,,,False,,1782095.0,1782595.0,,,
y1_d199_JGO_VAS,65.0,Safe,7.75,0.55,7.2,74.19627447846246,70.35233403285433,37.61901684516575,True,4.065813891919517,2042045.0,2042545.0,2043095.0,2050295.0,122
y1_d199_JGO_VAS,94.0,,,,,,,,False,,3310745.0,3311195.0,,,
y1_d199_JGO_VAS,95.0,,,,,,,,False,,3331545.0,3332095.0,,,
y1_d199_JGO_VAS,96.0,,,,,,,,False,,3356245.0,3356795.0,,,
y1_d199_JGO_VAS,98.0,,,,,,,,False,,3424695.0,3425145.0,,,
y1_d199_JGO_VAS,99.0,,,,,,,,False,,3444895.0,3445395.0,,,
y1_d199_JGO_VAS,103.0,,,,,,,,False,,3559945.0,3560395.0,,,
y1_d199_JGO_VAS,119.0,,,,,,,,False,,4207245.0,4207745.0,,,
y1_d199_JGO_VAS,124.0,,,,,,,,False,,4383145.0,4383645.0,,,
y1_d199_JGO_VAS,125.0,,,,,,,,False,,4405045.0,4405595.0,,,
y1_d199_JGO_VAS,135.0,,,,,,,,False,,4884145.0,4884645.0,,,
y1_d199_JGO_VAS,137.0,,,,,,,,False,,4938495.0,4938895.0,,,
y1_d199_JGO_VAS,138.0,,,,,,,,False,,4979395.0,4979845.0,,,
y1_d199_JGO_VAS,139.0,,,,,,,,False,,5003295.0,5003745.0,,,
y1_d199_JGO_VAS,143.0,,,,,,,,False,,5188445.0,5188895.0,,,
y1_d199_JGO_VAS,167.0,,,,,,,,False,,6060295.0,6060745.0,,,
y1_d199_JGO_VAS,169.0,,,,,,,,False,,6094295.0,6094795.0,,,
y1_d199_JGO_VAS,211.0,,,,,,,,False,,7380645.0,7381145.0,,,
y1_d199_JGO_VAS,212.0,,,,,,,,False,,7395545.0,7395995.0,,,
y1_d199_JGO_VAS,214.0,,,,,,,,False,,7445495.0,7445945.0,,,
y1_d199_JGO_VAS,222.0,,,,,,,,False,,7793545.0,7793995.0,,,
y1_d199_JGO_VAS,223.0,,,,,,,,False,,7814945.0,7815445.0,,,
y1_d199_JGO_VAS,224.0,,,,,,,,False,,7837745.0,7838195.0,,,
y1_d199_JGO_VAS,225.0,,,,,,,,False,,7861895.0,7862395.0,,,
y1_d199_JGO_VAS,226.0,,,,,,,,False,,7895045.0,7895445.0,,,
y1_d199_JGO_VAS,227.0,,,,,,,,False,,7914145.0,7914645.0,,,
y1_d199_JGO_VAS,228.0,,,,,,,,False,,7940345.0,7940795.0,,,
y1_d199_JGO_VAS,251.0,,,,,,,,False,,9044045.0,9044495.0,,,
y1_d199_JGO_VAS,252.0,,,,,,,,False,,9063795.0,9064345.0,,,
y1_d199_JGO_VAS,253.0,,,,,,,,False,,9078595.0,9079045.0,,,
y1_d199_JGO_VAS,261.0,,,,,,,,False,,9283795.0,9284345.0,,,
y1_d199_JGO_VAS,262.0,,,,,,,,False,,9300095.0,9300595.0,,,
y1_d199_JGO_VAS,263.0,,,,,,,,False,,9323545.0,9323995.0,,,
y1_d199_JGO_VAS,264.0,,,,,,,,False,,9340895.0,9341345.0,,,
y1_d199_JGO_VAS,275.0,,,,,,,,False,,9817445.0,9817995.0,,,
y1_d199_JGO_VAS,276.0,,,,,,,,False,,9839395.0,9839845.0,,,
y1_d199_JGO_VAS,277.0,,,,,,,,False,,9865645.0,9866195.0,,,
y1_d199_JGO_VAS,278.0,,,,,,,,False,,9899295.0,9899845.0,,,
y1_d199_JGO_VAS,279.0,,,,,,,,False,,9920795.0,9921245.0,,,
y1_d199_JGO_VAS,281.0,,,,,,,,False,,9979295.0,9979795.0,,,
y1_d199_JGO_VAS,282.0,,,,,,,,False,,10016445.0,10016995.0,,,
y1_d199_JGO_VAS,283.0,,,,,,,,False,,10035945.0,10036445.0,,,
y1_d199_JGO_VAS,291.0,,,,,,,,False,,10352995.0,10353495.0,,,
y1_d199_JGO_VAS,292.0,,,,,,,,False,,10373045.0,10373595.0,,,
y1_d199_JGO_VAS,294.0,,,,,,,,False,,10438095.0,10438595.0,,,
y1_d199_JGO_VAS,295.0,,,,,,,,False,,10462295.0,10462795.0,,,
y1_d199_JGO_VAS,296.0,,,,,,,,False,,10491495.0,10491995.0,,,
y1_d199_JGO_VAS,298.0,,,,,,,,False,,10526345.0,10526845.0,,,
y1_d199_JGO_VAS,299.0,,,,,,,,False,,10547195.0,10547695.0,,,
y1_d199_JGO_VAS,300.0,,,,,,,,False,,10566795.0,10567295.0,,,
y1_d199_JGO_VAS,310.0,,,,,,,,False,,10919445.0,10919895.0,,,
y1_d199_TES_ARN,23.0,,,,,,,,False,,677941.0,678441.0,,,
y1_d199_TES_ARN,24.0,,,,,,,,False,,702941.0,703391.0,,,
y1_d199_TES_ARN,26.0,,,,,,,,False,,770791.0,771291.0,,,
y1_d199_TES_ARN,27.0,,,,,,,,False,,794741.0,795241.0,,,
y1_d199_TES_ARN,28.0,,,,,,,,False,,820241.0,820691.0,,,
y1_d199_TES_ARN,29.0,,,0.65,,,,,False,,875591.0,876091.0,876741.0,,
y1_d199_TES_ARN,34.0,,,,,,,,False,,1137241.0,1137691.0,,,
y1_d199_TES_ARN,35.0,,,,,,,,False,,1156391.0,1156891.0,,,
y1_d199_TES_ARN,36.0,,,,,,,,False,,1176141.0,1176741.0,,,
y1_d199_TES_ARN,62.0,,,,,,,,False,,2074541.0,2074991.0,,,
y1_d199_TES_ARN,66.0,,,,,,,,False,,2208341.0,2208891.0,,,
y1_d199_TES_ARN,67.0,,,,,,,,False,,2231691.0,2232291.0,,,
y1_d199_TES_ARN,68.0,,,,,,,,False,,2249841.0,2250341.0,,,
y1_d199_TES_ARN,69.0,,,,,,,,False,,2271741.0,2272241.0,,,
y1_d199_TES_ARN,72.0,,,,,,,,False,,2361641.0,2362191.0,,,
y1_d199_TES_ARN,73.0,,,,,,,,False,,2399091.0,2399591.0,,,
y1_d199_TES_ARN,75.0,,,,,,,,False,,2476141.0,2476741.0,,,
y1_d199_TES_ARN,76.0,,,,,,,,False,,2495391.0,2495991.0,,,
y1_d199_TES_ARN,80.0,,,,,,,,False,,2664291.0,2664791.0,,,
y1_d199_TES_ARN,86.0,,,,,,,,False,,2917341.0,2917841.0,,,
y1_d199_TES_ARN,87.0,,,,,,,,False,,2955541.0,2955991.0,,,
y1_d199_TES_ARN,88.0,,,,,,,,False,,2983591.0,2984141.0,,,
y1_d199_TES_ARN,89.0,,,,,,,,False,,3005291.0,3005741.0,,,
y1_d199_TES_ARN,91.0,,8.1,0.6,7.5,78.38001567258661,74.64105276884614,36.954646832981055,True,10.16039530933537,3057591.0,3058141.0,3058741.0,3066241.0,110
y1_d199_TES_ARN,92.0,,,,,,,,False,,3113791.0,3114241.0,,,
y1_d199_TES_ARN,94.0,,,,,,,,False,,3171291.0,3171791.0,,,
y1_d199_TES_ARN,96.0,,,,,,,,False,,3251441.0,3251941.0,,,
y1_d199_TES_ARN,97.0,,,,,,,,False,,3273791.0,3274291.0,,,
y1_d199_TES_ARN,158.0,,,,,,,,False,,5289641.0,5290091.0,,,
y1_d199_TES_ARN,159.0,,,,,,,,False,,5307591.0,5308041.0,,,
y1_d199_TES_ARN,160.0,,,,,,,,False,,5328591.0,5329091.0,,,
y1_d199_TES_ARN,162.0,,,,,,,,False,,5550691.0,5551141.0,,,
y1_d199_TES_ARN,163.0,,,,,,,,False,,5570541.0,5570991.0,,,
y1_d199_TES_ARN,248.0,,,,,,,,False,,8639641.0,8640091.0,,,
y1_d199_TES_ARN,249.0,,,,,,,,False,,8654191.0,8654641.0,,,
y1_d199_TES_ARN,252.0,,,,,,,,False,,8727391.0,,,,
y1_d199_TES_ARN,259.0,,,,,,,,False,,9255491.0,9255991.0,,,
y1_d199_TES_ARN,260.0,,,,,,,,False,,9274841.0,9275391.0,,,
y1_d199_TES_ARN,261.0,,,,,,,,False,,9300091.0,9300591.0,,,
y1_d199_TES_ARN,262.0,,,,,,,,False,,9329341.0,9329791.0,,,
y1_d199_TES_ARN,263.0,,,,,,,,False,,9352341.0,9352791.0,,,
y1_d199_TES_ARN,264.0,,,,,,,,False,,9376691.0,9377241.0,,,
y1_d199_TES_ARN,265.0,,,,,,,,False,,9408391.0,9408841.0,,,
y1_d199_TES_ARN,266.0,,,,,,,,False,,9427241.0,9427691.0,,,
y1_d199_TES_ARN,289.0,,,,,,,,False,,10337991.0,10338491.0,,,
y1_d199_TES_ARN,290.0,,,,,,,,False,,10359291.0,,,,
y1_d199_TES_ARN,309.0,,,,,,,,False,,11065291.0,11065741.0,,,
y1_d199_TES_ARN,310.0,,,,,,,,False,,11085241.0,11085741.0,,,
y1_d199_TES_ARN,311.0,,,,,,,,False,,11110191.0,11110691.0,,,
y1_d200_JGO_VAS,20.0,,,,,,,,False,,548856.0,549356.0,,,
y1_d200_JGO_VAS,21.0,,,,,,,,False,,567406.0,567856.0,,,
y1_d200_JGO_VAS,22.0,,,,,,,,False,,585756.0,586306.0,,,
y1_d200_JGO_VAS,30.0,,,,,,,,False,,866106.0,866606.0,,,
y1_d200_JGO_VAS,32.0,,,,,,,,False,,905756.0,906256.0,,,
y1_d200_JGO_VAS,35.0,,,,,,,,False,,1007106.0,1007606.0,,,
y1_d200_JGO_VAS,36.0,,,,,,,,False,,1029256.0,1029756.0,,,
y1_d200_JGO_VAS,52.0,,,,,,,,False,,3085206.0,3085706.0,,,
y1_d200_JGO_VAS,53.0,,,,,,,,False,,3112806.0,3113306.0,,,
y1_d200_JGO_VAS,78.0,,,,,,,,False,,3871806.0,3872256.0,,,
y1_d200_JGO_VAS,81.0,,,,,,,,False,,3954656.0,3955106.0,,,
y1_d200_JGO_VAS,82.0,,,,,,,,False,,3974056.0,3974506.0,,,
y1_d200_JGO_VAS,83.0,,,0.85,,,,,False,,4006856.0,4007306.0,4008156.0,,
y1_d200_JGO_VAS,85.0,,,,,,,,False,,4087256.0,4087756.0,,,
y1_d200_JGO_VAS,119.0,,,,,,,,False,,5062506.0,5063056.0,,,
y1_d200_JGO_VAS,120.0,,,,,,,,False,,5083006.0,5083456.0,,,
y1_d200_JGO_VAS,123.0,,,,,,,,False,,5166756.0,5167206.0,,,
y1_d200_JGO_VAS,124.0,,,,,,,,False,,5194856.0,5195406.0,,,
y1_d200_JGO_VAS,133.0,,,,,,,,False,,5563006.0,5563456.0,,,
y1_d200_JGO_VAS,134.0,,,,,,,,False,,5583356.0,5583906.0,,,
y1_d200_JGO_VAS,135.0,,,,,,,,False,,5605356.0,5605856.0,,,
y1_d200_JGO_VAS,139.0,,,,,,,,False,,5701256.0,5701756.0,,,
y1_d200_JGO_VAS,140.0,,,,,,,,False,,5733056.0,5733506.0,,,
y1_d200_JGO_VAS,196.0,,,,,,,,False,,7648456.0,7649056.0,,,
y1_d200_JGO_VAS,213.0,,,,,,,,False,,8264856.0,8265356.0,,,
y1_d200_JGO_VAS,214.0,,,,,,,,False,,8286856.0,8287406.0,,,
y1_d200_JGO_VAS,215.0,,,,,,,,False,,8307756.0,8308256.0,,,
y1_d200_JGO_VAS,216.0,,,,,,,,False,,8328906.0,8329456.0,,,
y1_d200_JGO_VAS,218.0,,,,,,,,False,,8367056.0,8367706.0,,,
y1_d200_JGO_VAS,219.0,,,,,,,,False,,8401056.0,8401556.0,,,
y1_d200_JGO_VAS,220.0,,,,,,,,False,,8438106.0,8438606.0,,,
y1_d200_JGO_VAS,221.0,,,,,,,,False,,8458106.0,8458606.0,,,
y1_d200_JGO_VAS,297.0,,,,,,,,False,,11089656.0,11090106.0,,,
y1_d200_JGO_VAS,298.0,,,,,,,,False,,11111056.0,11111506.0,,,
y1_d200_JGO_VAS,299.0,,,,,,,,False,,11128906.0,11129356.0,,,
y1_d200_JGO_VAS,300.0,,,,,,,,False,,11149156.0,11149606.0,,,
y1_d200_JGO_VAS,301.0,,,,,,,,False,,11172056.0,11172556.0,,,
y1_d200_JGO_VAS,303.0,,,,,,,,False,,11240056.0,11240506.0,,,
y1_d200_TES_ARN,8.0,,,,,,,,False,,166132.0,166582.0,,,
y1_d200_TES_ARN,11.0,,,,,,,,False,,237732.0,238232.0,,,
y1_d200_TES_ARN,12.0,,,,,,,,False,,252532.0,252982.0,,,
y1_d200_TES_ARN,14.0,,,,,,,,False,,295682.0,296182.0,,,
y1_d200_TES_ARN,16.0,,,,,,,,False,,337482.0,337932.0,,,
y1_d200_TES_ARN,29.0,,,,,,,,False,,789682.0,790182.0,,,
y1_d200_TES_ARN,31.0,,,,,,,,False,,829732.0,830232.0,,,
y1_d200_TES_ARN,57.0,,,,,,,,False,,1689532.0,1690032.0,,,
y1_d200_TES_ARN,58.0,,,,,,,,False,,1709932.0,1710382.0,,,
y1_d200_TES_ARN,65.0,,,,,,,,False,,2033982.0,2034482.0,,,
y1_d200_TES_ARN,66.0,,,,,,,,False,,2054982.0,2055532.0,,,
y1_d200_TES_ARN,67.0,,,,,,,,False,,2075582.0,2076032.0,,,
y1_d200_TES_ARN,68.0,,,,,,,,False,,2100432.0,2100932.0,,,
y1_d200_TES_ARN,78.0,,,,,,,,False,,2443132.0,2443632.0,,,
y1_d200_TES_ARN,116.0,,,,,,,,False,,3835682.0,3836132.0,,,
y1_d200_TES_ARN,117.0,,,,,,,,False,,3852932.0,3853482.0,,,
y1_d200_TES_ARN,119.0,,,,,,,,False,,3911532.0,3912032.0,,,
y1_d200_TES_ARN,120.0,,,,,,,,False,,3946882.0,3947332.0,,,
y1_d200_TES_ARN,131.0,,,,,,,,False,,4324932.0,4325432.0,,,
y1_d200_TES_ARN,132.0,,,,,,,,False,,4348132.0,4348632.0,,,
y1_d200_TES_ARN,133.0,,,,,,,,False,,4369332.0,4369882.0,,,
y1_d200_TES_ARN,142.0,,,,,,,,False,,4757232.0,4757682.0,,,
y1_d200_TES_ARN,143.0,,,,,,,,False,,4773382.0,4773882.0,,,
y1_d200_TES_ARN,145.0,,,,,,,,False,,4818882.0,4819382.0,,,
y1_d200_TES_ARN,172.0,,,,,,,,False,,5636282.0,5636782.0,,,
y1_d200_TES_ARN,173.0,,,,,,,,False,,5655982.0,5656482.0,,,
y1_d200_TES_ARN,174.0,,,,,,,,False,,5678032.0,5678532.0,,,
y1_d200_TES_ARN,175.0,,,,,,,,False,,5699732.0,5700182.0,,,
y1_d200_TES_ARN,176.0,,,,,,,,False,,5718982.0,5719482.0,,,
y1_d200_TES_ARN,177.0,,,,,,,,False,,5749432.0,5749882.0,,,
y1_d200_TES_ARN,178.0,,,,,,,,False,,5787382.0,5787932.0,,,
y1_d200_TES_ARN,187.0,,,,,,,,False,,6126732.0,6127232.0,,,
y1_d200_TES_ARN,221.0,,,,,,,,False,,7462182.0,7462682.0,,,
y1_d200_TES_ARN,222.0,,,,,,,,False,,7478832.0,7479382.0,,,
y1_d200_TES_ARN,223.0,,,,,,,,False,,7506932.0,7507482.0,,,
y1_d200_TES_ARN,225.0,,,,,,,,False,,7557182.0,7557732.0,,,
y1_d200_TES_ARN,226.0,,,,,,,,False,,7589232.0,7589782.0,,,
y1_d200_TES_ARN,227.0,,,,,,,,False,,7607932.0,7608482.0,,,
y1_d200_TES_ARN,228.0,,,,,,,,False,,7635832.0,7636332.0,,,
y1_d200_TES_ARN,229.0,,,,,,,,False,,7659882.0,7660332.0,,,
y1_d200_TES_ARN,230.0,,,,,,,,False,,7677882.0,7678432.0,,,
y1_d200_TES_ARN,247.0,,,,,,,,False,,8560482.0,8561032.0,,,
y1_d201_JGO_VAS,7.0,,,,,,,,False,,194728.0,195228.0,,,
y1_d201_JGO_VAS,10.0,,,,,,,,False,,286378.0,286828.0,,,
y1_d201_JGO_VAS,12.0,,,,,,,,False,,351478.0,351978.0,,,
y1_d201_JGO_VAS,20.0,,,,,,,,False,,685578.0,686028.0,,,
y1_d201_JGO_VAS,21.0,,,,,,,,False,,705028.0,705478.0,,,
y1_d201_JGO_VAS,23.0,,,,,,,,False,,752078.0,752578.0,,,
y1_d201_JGO_VAS,25.0,,,,,,,,False,,802028.0,802478.0,,,
y1_d201_JGO_VAS,26.0,,,,,,,,False,,836428.0,836928.0,,,
y1_d201_JGO_VAS,27.0,,,,,,,,False,,854178.0,854678.0,,,
y1_d201_JGO_VAS,28.0,,,,,,,,False,,873328.0,873778.0,,,
y1_d201_JGO_VAS,29.0,,,,,,,,False,,892578.0,893028.0,,,
y1_d201_JGO_VAS,48.0,,,,,,,,False,,1503728.0,1504178.0,,,
y1_d201_JGO_VAS,49.0,,,,,,,,False,,1526228.0,1526728.0,,,
y1_d201_JGO_VAS,51.0,,,,,,,,False,,1570578.0,1571078.0,,,
y1_d201_JGO_VAS,53.0,,,,,,,,False,,1619878.0,1620378.0,,,
y1_d201_JGO_VAS,54.0,,,,,,,,False,,1647328.0,1647778.0,,,
y1_d201_JGO_VAS,55.0,,,,,,,,False,,1671178.0,1671728.0,,,
y1_d201_JGO_VAS,59.0,,,,,,,,False,,1791478.0,1791928.0,,,
y1_d201_JGO_VAS,60.0,,,,,,,,False,,1819178.0,1819728.0,,,
y1_d201_JGO_VAS,79.0,,,,,,,,False,,2452028.0,2452578.0,,,
y1_d201_JGO_VAS,80.0,,,0.8,,,,,False,,2477078.0,2477528.0,2478328.0,,
y1_d201_JGO_VAS,111.0,,,,,,,,False,,3755928.0,3756378.0,,,
y1_d201_JGO_VAS,112.0,,,,,,,,False,,3777928.0,3778428.0,,,
y1_d201_JGO_VAS,113.0,,,,,,,,False,,3805378.0,3805878.0,,,
y1_d201_JGO_VAS,115.0,,,,,,,,False,,3867478.0,3867978.0,,,
y1_d201_JGO_VAS,116.0,,,,,,,,False,,3909628.0,3910128.0,,,
y1_d201_JGO_VAS,117.0,,,,,,,,False,,3933728.0,3934228.0,,,
y1_d201_JGO_VAS,119.0,,,,,,,,False,,3985928.0,3986378.0,,,
y1_d201_JGO_VAS,121.0,,,,,,,,False,,4059778.0,4060228.0,,,
y1_d201_JGO_VAS,123.0,,,,,,,,False,,4145628.0,4146028.0,,,
y1_d201_JGO_VAS,124.0,,,,,,,,False,,4169078.0,4169578.0,,,
y1_d201_JGO_VAS,125.0,,,,,,,,False,,4191228.0,4191678.0,,,
y1_d201_JGO_VAS,126.0,,,,,,,,False,,4219928.0,4220428.0,,,
y1_d201_JGO_VAS,185.0,,,,,,,,False,,6197378.0,6197828.0,,,
y1_d201_JGO_VAS,186.0,,,,,,,,False,,6217178.0,6217628.0,,,
y1_d201_JGO_VAS,193.0,,,,,,,,False,,6521728.0,6522228.0,,,
y1_d201_JGO_VAS,195.0,,,,,,,,False,,6606178.0,6606678.0,,,
y1_d201_JGO_VAS,196.0,,,,,,,,False,,6628278.0,6628778.0,,,
y1_d201_JGO_VAS,197.0,,,,,,,,False,,6648728.0,6649278.0,,,
y1_d201_JGO_VAS,211.0,,,,,,,,False,,7390828.0,7391278.0,,,
y1_d201_JGO_VAS,212.0,,,,,,,,False,,7413128.0,7413578.0,,,
y1_d201_JGO_VAS,213.0,,,,,,,,False,,7434878.0,7435328.0,,,
y1_d201_JGO_VAS,214.0,,,,,,,,False,,7458278.0,7458728.0,,,
y1_d201_JGO_VAS,215.0,,,,,,,,False,,7478128.0,7478578.0,,,
y1_d201_JGO_VAS,217.0,,,,,,,,False,,7543778.0,7544228.0,,,
y1_d201_JGO_VAS,259.0,,,,,,,,False,,8950928.0,8951378.0,,,
y1_d201_JGO_VAS,261.0,,,,,,,,False,,9006428.0,9006978.0,,,
y1_d201_JGO_VAS,262.0,,,,,,,,False,,9043078.0,9043578.0,,,
y1_d201_JGO_VAS,263.0,,,,,,,,False,,9074228.0,,,,
y1_d201_JGO_VAS,279.0,,,,,,,,False,,9854378.0,,,,
y1_d201_JGO_VAS,281.0,,,,,,,,False,,9951828.0,9952328.0,,,
y1_d201_JGO_VAS,282.0,,,,,,,,False,,9979678.0,9980128.0,,,
y1_d201_JGO_VAS,283.0,,,,,,,,False,,10004528.0,10005028.0,,,
y1_d201_JGO_VAS,285.0,,,,,,,,False,,10074078.0,10074528.0,,,
y1_d201_JGO_VAS,305.0,,,,,,,,False,,11046128.0,11046628.0,,,
y1_d201_JGO_VAS,306.0,,,,,,,,False,,11065228.0,11065728.0,,,
y1_d201_JGO_VAS,307.0,,,,,,,,False,,11094778.0,11095278.0,,,
y1_d201_JGO_VAS,308.0,,,,,,,,False,,11114978.0,11115478.0,,,
y1_d201_JGO_VAS,311.0,,,,,,,,False,,11200878.0,11201428.0,,,
y1_d201_JGO_VAS,323.0,,,,,,,,False,,11714078.0,11714628.0,,,
y1_d201_TES_ARN,22.0,,,,,,,,False,,680478.0,680978.0,,,
y1_d201_TES_ARN,25.0,,,,,,,,False,,745578.0,746028.0,,,
y1_d201_TES_ARN,26.0,,,,,,,,False,,767478.0,768028.0,,,
y1_d201_TES_ARN,27.0,,,,,,,,False,,789328.0,789878.0,,,
y1_d201_TES_ARN,45.0,,,,,,,,False,,1429328.0,1429878.0,,,
y1_d201_TES_ARN,75.0,,,,,,,,False,,2494678.0,2495178.0,,,
y1_d201_TES_ARN,76.0,,,,,,,,False,,2516678.0,2517228.0,,,
y1_d201_TES_ARN,83.0,,,,,,,,False,,2780378.0,2780878.0,,,
y1_d201_TES_ARN,92.0,,,,,,,,False,,3088528.0,3089078.0,,,
y1_d201_TES_ARN,108.0,,,,,,,,False,,3766028.0,3766528.0,,,
y1_d201_TES_ARN,109.0,,,,,,,,False,,3790828.0,3791278.0,,,
y1_d201_TES_ARN,110.0,,,,,,,,False,,3818178.0,3818678.0,,,
y1_d201_TES_ARN,112.0,,,1.1,,,,,False,,3885978.0,3886478.0,3887578.0,,
y1_d201_TES_ARN,114.0,,,,,,,,False,,3958778.0,3959278.0,,,
y1_d201_TES_ARN,121.0,,,,,,,,False,,4363028.0,4363528.0,,,
y1_d201_TES_ARN,122.0,,,,,,,,False,,4385378.0,4385878.0,,,
y1_d201_TES_ARN,124.0,,,0.55,,,,,False,,4431328.0,4431828.0,4432378.0,,
y1_d201_TES_ARN,128.0,,,,,,,,False,,4552078.0,4552628.0,,,
y1_d201_TES_ARN,160.0,,,,,,,,False,,5559428.0,5559928.0,,,
y1_d201_TES_ARN,161.0,,,,,,,,False,,5581228.0,5581728.0,,,
y1_d201_TES_ARN,162.0,,,,,,,,False,,5599978.0,5600478.0,,,
y1_d201_TES_ARN,163.0,,,,,,,,False,,5618978.0,5619528.0,,,
y1_d201_TES_ARN,180.0,,,,,,,,False,,6201828.0,6202328.0,,,
y1_d201_TES_ARN,181.0,,,,,,,,False,,6221878.0,6222378.0,,,
y1_d201_TES_ARN,182.0,,,,,,,,False,,6245178.0,6245628.0,,,
y1_d201_TES_ARN,183.0,,,,,,,,False,,6270978.0,6271428.0,,,
y1_d201_TES_ARN,184.0,,,,,,,,False,,6306478.0,6306978.0,,,
y1_d201_TES_ARN,185.0,,,,,,,,False,,6333028.0,6333478.0,,,
y1_d201_TES_ARN,186.0,,,,,,,,False,,6358528.0,6359028.0,,,
y1_d201_TES_ARN,187.0,,,,,,,,False,,6386778.0,6387278.0,,,
y1_d201_TES_ARN,231.0,,,,,,,,False,,8151478.0,8151978.0,,,
y1_d201_TES_ARN,232.0,,,,,,,,False,,8168278.0,8168678.0,,,
y1_d201_TES_ARN,239.0,,,,,,,,False,,8440578.0,8441028.0,,,
y1_d201_TES_ARN,240.0,,,,,,,,False,,8466578.0,8467078.0,,,
y1_d201_TES_ARN,241.0,,,,,,,,False,,8491728.0,8492228.0,,,
y1_d201_TES_ARN,242.0,,,,,,,,False,,8514178.0,8514678.0,,,
y1_d201_TES_ARN,244.0,,,,,,,,False,,8583128.0,8583578.0,,,
y1_d201_TES_ARN,245.0,,,,,,,,False,,8605028.0,8605478.0,,,
y1_d201_TES_ARN,248.0,,,,,,,,False,,8692128.0,8692678.0,,,
y1_d201_TES_ARN,249.0,,,,,,,,False,,8718528.0,8719078.0,,,
y1_d201_TES_ARN,252.0,,,,,,,,False,,8820228.0,8820778.0,,,
y1_d202_PHD_VAS,25.0,,,,,,,,False,,800008.0,800458.0,,,
y1_d202_PHD_VAS,26.0,,,,,,,,False,,817758.0,818258.0,,,
y1_d202_PHD_VAS,27.0,,,,,,,,False,,839958.0,840558.0,,,
y1_d202_PHD_VAS,30.0,,,,,,,,False,,908358.0,908858.0,,,
y1_d202_PHD_VAS,34.0,,,,,,,,False,,1013758.0,1014208.0,,,
y1_d202_PHD_VAS,35.0,,,,,,,,False,,1051208.0,1051708.0,,,
y1_d202_PHD_VAS,38.0,,,,,,,,False,,1113908.0,1114508.0,,,
y1_d202_PHD_VAS,39.0,,,,,,,,False,,1137408.0,1137858.0,,,
y1_d202_PHD_VAS,41.0,,,,,,,,False,,1195658.0,1196158.0,,,
y1_d202_PHD_VAS,43.0,Safe,7.15,0.65,6.5,75.14530941632813,71.56577193421393,14.613532729166621,True,14.644399932412838,1239758.0,1240208.0,1240858.0,1247358.0,131
y1_d202_PHD_VAS,68.0,,,,,,,,False,,2063258.0,2063808.0,,,
y1_d202_PHD_VAS,70.0,,,,,,,,False,,2110308.0,2110758.0,,,
y1_d202_PHD_VAS,95.0,,,,,,,,False,,2948858.0,2949358.0,,,
y1_d202_PHD_VAS,96.0,,,,,,,,False,,2968458.0,2968908.0,,,
y1_d202_PHD_VAS,98.0,,,,,,,,False,,3009608.0,3010058.0,,,
y1_d202_PHD_VAS,99.0,,1.8,0.6,1.2,78.16522595322583,77.45988745796762,71.92652586032298,True,3.61599611382349,3031658.0,3032208.0,3032808.0,3034008.0,25
y1_d202_PHD_VAS,100.0,,,,,,,,False,,3074608.0,3075058.0,,,
y1_d202_PHD_VAS,117.0,,,,,,,,False,,3718208.0,,,,
y1_d202_PHD_VAS,144.0,,,,,,,,False,,4569858.0,4570408.0,,,
y1_d202_PHD_VAS,147.0,,,,,,,,False,,4654008.0,4654508.0,,,
y1_d202_PHD_VAS,191.0,,,,,,,,False,,6142358.0,6142858.0,,,
y1_d202_PHD_VAS,192.0,,,,,,,,False,,6166458.0,6166958.0,,,
y1_d202_PHD_VAS,193.0,,,,,,,,False,,6197108.0,6197608.0,,,
y1_d202_PHD_VAS,196.0,,,,,,,,False,,6293758.0,6294308.0,,,
y1_d202_PHD_VAS,197.0,,,,,,,,False,,6319208.0,6319708.0,,,
y1_d202_PHD_VAS,207.0,,,,,,,,False,,6853558.0,6854108.0,,,
y1_d202_PHD_VAS,208.0,,,,,,,,False,,6876108.0,6876658.0,,,
y1_d202_PHD_VAS,210.0,,,,,,,,False,,6973658.0,6974158.0,,,
y1_d202_PHD_VAS,212.0,,,,,,,,False,,7030858.0,7031308.0,,,
y1_d202_PHD_VAS,219.0,,,,,,,,False,,7339958.0,7340458.0,,,
y1_d202_PHD_VAS,220.0,,,,,,,,False,,7358508.0,7358958.0,,,
y1_d202_PHD_VAS,221.0,,,,,,,,False,,7378108.0,7378558.0,,,
y1_d202_PHD_VAS,222.0,,,,,,,,False,,7399208.0,7399658.0,,,
y1_d202_PHD_VAS,248.0,,,,,,,,False,,8319908.0,8320358.0,,,
y1_d202_PHD_VAS,250.0,,,,,,,,False,,8402008.0,8402458.0,,,
y1_d202_PHD_VAS,252.0,,,,,,,,False,,8450858.0,8451308.0,,,
y1_d203_PHD_VAS,31.0,,,,,,,,False,,735523.0,736073.0,,,
y1_d203_PHD_VAS,33.0,,,,,,,,False,,786023.0,786523.0,,,
y1_d203_PHD_VAS,58.0,,,,,,,,False,,1656473.0,1656923.0,,,
y1_d203_PHD_VAS,60.0,,,,,,,,False,,1700723.0,1701223.0,,,
y1_d203_PHD_VAS,61.0,,,,,,,,False,,1724473.0,1724923.0,,,
y1_d203_PHD_VAS,62.0,,,,,,,,False,,1747323.0,1747823.0,,,
y1_d203_PHD_VAS,65.0,,,,,,,,False,,1823823.0,1824323.0,,,
y1_d203_PHD_VAS,66.0,,,,,,,,False,,1853423.0,1853923.0,,,
y1_d203_PHD_VAS,67.0,,,,,,,,False,,1878423.0,1878973.0,,,
y1_d203_PHD_VAS,75.0,,,,,,,,False,,2166373.0,2166823.0,,,
y1_d203_PHD_VAS,77.0,,,,,,,,False,,2215923.0,2216373.0,,,
y1_d203_PHD_VAS,113.0,,,,,,,,False,,3408373.0,3408823.0,,,
y1_d203_PHD_VAS,117.0,,,,,,,,False,,3507773.0,3508273.0,,,
y1_d203_PHD_VAS,118.0,,,,,,,,False,,3530723.0,3531273.0,,,
y1_d203_PHD_VAS,119.0,,,,,,,,False,,3584023.0,3584473.0,,,
y1_d203_PHD_VAS,150.0,,,,,,,,False,,4633373.0,4633823.0,,,
y1_d203_PHD_VAS,151.0,,,,,,,,False,,4658023.0,4658523.0,,,
y1_d203_PHD_VAS,153.0,,,,,,,,False,,4708223.0,4708723.0,,,
y1_d203_PHD_VAS,188.0,,,,,,,,False,,6142923.0,6143373.0,,,
y1_d203_PHD_VAS,189.0,,,,,,,,False,,6165723.0,6166223.0,,,
y1_d203_PHD_VAS,197.0,,,,,,,,False,,6568073.0,6568623.0,,,
y1_d203_PHD_VAS,198.0,,,,,,,,False,,6586723.0,6587323.0,,,
y1_d203_PHD_VAS,203.0,,,,,,,,False,,6761723.0,6762273.0,,,
y1_d203_PHD_VAS,205.0,,,,,,,,False,,6804523.0,6805123.0,,,
y1_d203_PHD_VAS,229.0,,,,,,,,False,,7942873.0,7943473.0,,,
y1_d203_PHD_VAS,230.0,,,,,,,,False,,7960373.0,7960873.0,,,
y1_d203_PHD_VAS,233.0,,,,,,,,False,,8057923.0,8058423.0,,,
y1_d203_PHD_VAS,234.0,,,,,,,,False,,8074223.0,8074723.0,,,
y1_d203_PHD_VAS,236.0,,,,,,,,False,,8118923.0,8119423.0,,,
y1_d203_PHD_VAS,237.0,,,,,,,,False,,8289223.0,8289723.0,,,
y1_d203_PHD_VAS,240.0,,,,,,,,False,,8377323.0,8377923.0,,,
y1_d203_PHD_VAS,241.0,,,,,,,,False,,8398973.0,8399473.0,,,
y1_d203_PHD_VAS,243.0,,,,,,,,False,,8472073.0,8472623.0,,,
y1_d203_PHD_VAS,245.0,,,,,,,,False,,8553423.0,8554023.0,,,
y1_d205_ATL_PHD,48.0,,,,,,,,False,,1471301.0,1471851.0,,,
y1_d205_ATL_PHD,49.0,,,,,,,,False,,1492951.0,1493451.0,,,
y1_d205_ATL_PHD,50.0,,,,,,,,False,,1512401.0,1513001.0,,,
y1_d205_ATL_PHD,51.0,,,,,,,,False,,1534801.0,1535301.0,,,
y1_d205_ATL_PHD,52.0,,,,,,,,False,,1554951.0,1555401.0,,,
y1_d205_ATL_PHD,94.0,,,,,,,,False,,3248151.0,3248651.0,,,
y1_d205_ATL_PHD,95.0,,,,,,,,False,,3263501.0,3264051.0,,,
y1_d205_ATL_PHD,98.0,,,,,,,,False,,3330651.0,3331151.0,,,
y1_d205_ATL_PHD,112.0,,,,,,,,False,,3795751.0,3796251.0,,,
y1_d205_ATL_PHD,113.0,,,,,,,,False,,3817601.0,3818051.0,,,
y1_d205_ATL_PHD,116.0,,,,,,,,False,,3907751.0,3908201.0,,,
y1_d205_ATL_PHD,118.0,,,,,,,,False,,3974051.0,3974551.0,,,
y1_d205_ATL_PHD,125.0,,,,,,,,False,,4247951.0,4248401.0,,,
y1_d205_ATL_PHD,126.0,,,,,,,,False,,4265401.0,4265851.0,,,
y1_d205_ATL_PHD,128.0,,,,,,,,False,,4319151.0,4319601.0,,,
y1_d205_ATL_PHD,129.0,,,,,,,,False,,4350401.0,4350951.0,,,
y1_d205_ATL_PHD,130.0,,,,,,,,False,,4385301.0,4385801.0,,,
y1_d205_ATL_PHD,132.0,,,,,,,,False,,4446101.0,4446551.0,,,
y1_d205_ATL_PHD,134.0,,,,,,,,False,,4495751.0,,,,
y1_d205_ATL_PHD,147.0,,,,,,,,False,,4979451.0,4980001.0,,,
y1_d205_ATL_PHD,162.0,,,,,,,,False,,5553701.0,5554251.0,,,
y1_d205_ATL_PHD,166.0,,,,,,,,False,,5663951.0,5664401.0,,,
y1_d205_ATL_PHD,168.0,,,,,,,,False,,5731751.0,5732201.0,,,
y1_d205_ATL_PHD,169.0,,,,,,,,False,,5753001.0,5753451.0,,,
y1_d205_ATL_PHD,170.0,,,,,,,,False,,5773351.0,5773801.0,,,
y1_d205_ATL_PHD,171.0,,,,,,,,False,,5791701.0,5792201.0,,,
y1_d205_ATL_PHD,174.0,,,,,,,,False,,5883551.0,5884051.0,,,
y1_d205_ATL_PHD,175.0,,,,,,,,False,,5918051.0,5918551.0,,,
y1_d205_ATL_PHD,177.0,,,,,,,,False,,5969651.0,5970151.0,,,
y1_d205_ATL_PHD,178.0,,,,,,,,False,,5998901.0,5999401.0,,,
y1_d205_ATL_PHD,179.0,,,,,,,,False,,6025851.0,6026301.0,,,
y1_d205_ATL_PHD,198.0,,,,,,,,False,,6757751.0,6758201.0,,,
y1_d205_ATL_PHD,199.0,,,,,,,,False,,6783351.0,6783851.0,,,
y1_d205_ATL_PHD,200.0,,7.6,0.6,7.0,124.95467569876891,75.52434508259613,35.41124768282963,False,21.73416926185111,6814951.0,6817451.0,6818051.0,6825051.0,101
y1_d205_ATL_PHD,218.0,,,,,,,,False,,7421551.0,7422001.0,,,
y1_d205_ATL_PHD,220.0,,,,,,,,False,,7467501.0,7468001.0,,,
y1_d205_ATL_PHD,222.0,,,,,,,,False,,7513701.0,7514201.0,,,
y1_d205_ATL_PHD,223.0,,,,,,,,False,,7533751.0,7534201.0,,,
y1_d205_ATL_PHD,246.0,,,,,,,,False,,8403651.0,8404151.0,,,
y1_d205_ATL_PHD,247.0,,,,,,,,False,,8419801.0,8420301.0,,,
y1_d205_ATL_PHD,248.0,,,,,,,,False,,8443151.0,8443701.0,,,
y1_d205_ATL_PHD,249.0,,,,,,,,False,,8465551.0,8466051.0,,,
y1_d205_ATL_PHD,251.0,,,,,,,,False,,8515601.0,8516101.0,,,
y1_d205_ATL_PHD,265.0,,,,,,,,False,,9253201.0,9253701.0,,,
y1_d205_ATL_PHD,266.0,,,,,,,,False,,9276051.0,9276501.0,,,
y1_d205_ATL_PHD,269.0,,,,,,,,False,,9361051.0,9361501.0,,,
y1_d205_ATL_PHD,271.0,,,,,,,,False,,9416251.0,9416701.0,,,
y1_d205_ATL_PHD,288.0,,,,,,,,False,,10006351.0,10006851.0,,,
y1_d205_ATL_PHD,299.0,,,,,,,,False,,10441101.0,10441551.0,,,
y1_d205_ATL_PHD,327.0,,,,,,,,False,,11513001.0,11513501.0,,,
y1_d205_ATL_PHD,329.0,,,,,,,,False,,11595601.0,11596101.0,,,
y1_d205_ATL_PHD,330.0,,,,,,,,False,,11610051.0,11610601.0,,,
y1_d205_ATL_PHD,331.0,,,,,,,,False,,11623201.0,11623701.0,,,
y1_d205_ATL_PHD,332.0,,,,,,,,False,,11639001.0,11639501.0,,,
y1_d205_ATL_PHD,333.0,,,,,,,,False,,11666551.0,11667001.0,,,
y1_d205_ATL_PHD,334.0,,,,,,,,False,,11683201.0,11683701.0,,,
y1_d205_ATL_PHD,348.0,,,,,,,,False,,12275001.0,12275751.0,,,
y1_d205_ATL_PHD,350.0,,,,,,,,False,,12310101.0,12310851.0,,,
y1_d206_ATL_PHD,23.0,,,,,,,,False,,680747.0,681247.0,,,
y1_d206_ATL_PHD,29.0,,,,,,,,False,,931247.0,931697.0,,,
y1_d206_ATL_PHD,30.0,,,,,,,,False,,952397.0,952897.0,,,
y1_d206_ATL_PHD,32.0,,,,,,,,False,,1023147.0,1023697.0,,,
y1_d206_ATL_PHD,75.0,,,,,,,,False,,2501847.0,2502347.0,,,
y1_d206_ATL_PHD,77.0,,,,,,,,False,,2538197.0,2538647.0,,,
y1_d206_ATL_PHD,78.0,,,,,,,,False,,2560747.0,2561297.0,,,
y1_d206_ATL_PHD,80.0,,,,,,,,False,,2606347.0,2606897.0,,,
y1_d206_ATL_PHD,81.0,,,,,,,,False,,2643047.0,2643547.0,,,
y1_d206_ATL_PHD,140.0,,,,,,,,False,,4800797.0,4801297.0,,,
y1_d206_ATL_PHD,141.0,,,,,,,,False,,4825297.0,4825847.0,,,
y1_d206_ATL_PHD,142.0,,,,,,,,False,,4850397.0,4850897.0,,,
y1_d206_ATL_PHD,165.0,,,,,,,,False,,5585397.0,5585897.0,,,
y1_d206_ATL_PHD,166.0,,,,,,,,False,,5603547.0,5603997.0,,,
y1_d206_ATL_PHD,169.0,,,,,,,,False,,5674897.0,5675347.0,,,
y1_d206_ATL_PHD,170.0,,,,,,,,False,,5692497.0,5692997.0,,,
y1_d206_ATL_PHD,176.0,,,,,,,,False,,5983647.0,5984097.0,,,
y1_d206_ATL_PHD,177.0,,,,,,,,False,,6012447.0,6012897.0,,,
y1_d206_ATL_PHD,178.0,,,,,,,,False,,6031397.0,6031897.0,,,
y1_d206_ATL_PHD,179.0,,,,,,,,False,,6056597.0,6057047.0,,,
y1_d206_ATL_PHD,182.0,,,,,,,,False,,6169997.0,6170497.0,,,
y1_d206_ATL_PHD,183.0,,,,,,,,False,,6190547.0,6191047.0,,,
y1_d206_ATL_PHD,184.0,,,,,,,,False,,6212747.0,6213197.0,,,
y1_d206_ATL_PHD,234.0,,,,,,,,False,,8076647.0,8077097.0,,,
y1_d206_ATL_PHD,235.0,,,,,,,,False,,8098947.0,8099447.0,,,
y1_d206_ATL_PHD,244.0,,,,,,,,False,,8362047.0,8362497.0,,,
y1_d206_ATL_PHD,245.0,,,,,,,,False,,8380897.0,8381347.0,,,
y1_d206_ATL_PHD,247.0,,,,,,,,False,,8433247.0,8433697.0,,,
y1_d207_ATL_PHD,11.0,,,,,,,,False,,275779.0,276279.0,,,
y1_d207_ATL_PHD,12.0,,,,,,,,False,,299429.0,299929.0,,,
y1_d207_ATL_PHD,13.0,,,,,,,,False,,320629.0,321079.0,,,
y1_d207_ATL_PHD,26.0,,,,,,,,False,,771029.0,771479.0,,,
y1_d207_ATL_PHD,28.0,,,,,,,,False,,809779.0,810229.0,,,
y1_d207_ATL_PHD,29.0,,,,,,,,False,,840729.0,841229.0,,,
y1_d207_ATL_PHD,31.0,,,,,,,,False,,888279.0,888729.0,,,
y1_d207_ATL_PHD,33.0,,,,,,,,False,,940129.0,940629.0,,,
y1_d207_ATL_PHD,34.0,,,,,,,,False,,960579.0,961029.0,,,
y1_d207_ATL_PHD,38.0,,,,,,,,False,,1082079.0,1082579.0,,,
y1_d207_ATL_PHD,42.0,,,,,,,,False,,1278229.0,1278729.0,,,
y1_d207_ATL_PHD,43.0,,,,,,,,False,,1293129.0,1293629.0,,,
y1_d207_ATL_PHD,56.0,,,,,,,,False,,1705729.0,1706229.0,,,
y1_d207_ATL_PHD,57.0,,,,,,,,False,,1721479.0,1722029.0,,,
y1_d207_ATL_PHD,58.0,,,,,,,,False,,1740279.0,1740829.0,,,
y1_d207_ATL_PHD,60.0,,,,,,,,False,,1798529.0,1798979.0,,,
y1_d207_ATL_PHD,63.0,,,,,,,,False,,1904579.0,1905129.0,,,
y1_d207_ATL_PHD,67.0,,,,,,,,False,,2133029.0,2133529.0,,,
y1_d207_ATL_PHD,68.0,,,,,,,,False,,2149129.0,2149629.0,,,
y1_d207_ATL_PHD,69.0,,,,,,,,False,,2176329.0,2176829.0,,,
y1_d207_ATL_PHD,75.0,,,,,,,,False,,2348079.0,2348529.0,,,
y1_d207_ATL_PHD,78.0,,,,,,,,False,,2429229.0,2429729.0,,,
y1_d207_ATL_PHD,89.0,,,,,,,,False,,2799129.0,2799679.0,,,
y1_d207_ATL_PHD,90.0,,,,,,,,False,,2816379.0,2816879.0,,,
y1_d207_ATL_PHD,102.0,,,,,,,,False,,3149629.0,3150129.0,,,
y1_d207_ATL_PHD,116.0,,,,,,,,False,,3528629.0,3529079.0,,,
y1_d207_ATL_PHD,119.0,,,,,,,,False,,3604479.0,3604929.0,,,
y1_d207_ATL_PHD,121.0,,,,,,,,False,,3640929.0,3641379.0,,,
y1_d207_ATL_PHD,138.0,,,,,,,,False,,4274379.0,4274979.0,,,
y1_d207_ATL_PHD,156.0,,,,,,,,False,,4802279.0,4802729.0,,,
y1_d207_ATL_PHD,198.0,,,,,,,,False,,6512179.0,6512729.0,,,
y1_d207_ATL_PHD,199.0,,,,,,,,False,,6529379.0,6529929.0,,,
y1_d207_ATL_PHD,200.0,,,,,,,,False,,6547779.0,6548329.0,,,
y1_d207_ATL_PHD,204.0,,,,,,,,False,,6640229.0,6640779.0,,,
y1_d207_ATL_PHD,220.0,,,,,,,,False,,7313729.0,7314179.0,,,
y1_d207_ATL_PHD,221.0,,,,,,,,False,,7333229.0,7333679.0,,,
y1_d207_ATL_PHD,222.0,,,,,,,,False,,7349379.0,7349929.0,,,
y1_d207_ATL_PHD,223.0,,,,,,,,False,,7372829.0,7373379.0,,,
y1_d207_ATL_PHD,224.0,,,,,,,,False,,7392379.0,7392929.0,,,
y1_d207_ATL_PHD,225.0,,,,,,,,False,,7421879.0,7422379.0,,,
y1_d207_ATL_PHD,226.0,,,,,,,,False,,7438879.0,7439329.0,,,
y1_d207_ATL_PHD,231.0,,,1.3,,,,,False,,7599779.0,7602379.0,7603679.0,,
y1_d207_ATL_PHD,285.0,,,,,,,,False,,9473229.0,9473729.0,,,
y1_d207_ATL_PHD,297.0,,,,,,,,False,,9970929.0,9971379.0,,,
y1_d207_ATL_PHD,298.0,,,,,,,,False,,10002929.0,10003379.0,,,
y1_d207_ATL_PHD,299.0,,,,,,,,False,,10019529.0,10020029.0,,,
y1_d207_ATL_PHD,302.0,,,,,,,,False,,10136979.0,10137429.0,,,
y1_d207_ATL_PHD,312.0,,,,,,,,False,,10514429.0,10514879.0,,,
y1_d207_ATL_PHD,314.0,,,,,,,,False,,10562179.0,10562679.0,,,
y1_d207_ATL_PHD,315.0,,,,,,,,False,,10583279.0,10583779.0,,,
y1_d207_ATL_PHD,317.0,,,,,,,,False,,10637429.0,10637929.0,,,
y1_d207_ATL_PHD,318.0,,,,,,,,False,,10670679.0,10671229.0,,,
y1_d207_ATL_PHD,320.0,,,,,,,,False,,10711529.0,10712079.0,,,
y1_d207_ATL_PHD,321.0,,,,,,,,False,,10731629.0,10732079.0,,,
y1_d208_ATL_PHD,3.0,,,,,,,,False,,69647.0,70097.0,,,
y1_d208_ATL_PHD,4.0,,,,,,,,False,,88997.0,89447.0,,,
y1_d208_ATL_PHD,6.0,,,,,,,,False,,125597.0,126047.0,,,
y1_d208_ATL_PHD,7.0,,,,,,,,False,,144397.0,144847.0,,,
y1_d208_ATL_PHD,21.0,,,,,,,,False,,560097.0,560547.0,,,
y1_d208_ATL_PHD,22.0,,,,,,,,False,,579947.0,580397.0,,,
y1_d208_ATL_PHD,23.0,,,,,,,,False,,608497.0,608947.0,,,
y1_d208_ATL_PHD,24.0,,,,,,,,False,,627647.0,628097.0,,,
y1_d208_ATL_PHD,25.0,,,,,,,,False,,647847.0,648297.0,,,
y1_d208_ATL_PHD,26.0,,,,,,,,False,,667947.0,668447.0,,,
y1_d208_ATL_PHD,27.0,,,,,,,,False,,707797.0,708247.0,,,
y1_d208_ATL_PHD,29.0,,,,,,,,False,,750047.0,750497.0,,,
y1_d208_ATL_PHD,30.0,,,,,,,,False,,768597.0,769047.0,,,
y1_d208_ATL_PHD,41.0,,,,,,,,False,,1165397.0,1165847.0,,,
y1_d208_ATL_PHD,45.0,,,,,,,,False,,1259947.0,1260397.0,,,
y1_d208_ATL_PHD,46.0,,,,,,,,False,,1278247.0,1278797.0,,,
y1_d208_ATL_PHD,47.0,,,,,,,,False,,1304247.0,1304697.0,,,
y1_d208_ATL_PHD,48.0,,,,,,,,False,,1323847.0,1324347.0,,,
y1_d208_ATL_PHD,69.0,,,,,,,,False,,2052497.0,2052947.0,,,
y1_d208_ATL_PHD,70.0,,,,,,,,False,,2073197.0,2073647.0,,,
y1_d208_ATL_PHD,71.0,,,,,,,,False,,2094647.0,2095147.0,,,
y1_d208_ATL_PHD,73.0,,,,,,,,False,,2139647.0,2140147.0,,,
y1_d208_ATL_PHD,74.0,,,,,,,,False,,2159947.0,2160397.0,,,
y1_d208_ATL_PHD,79.0,,,,,,,,False,,2334847.0,2335397.0,,,
y1_d208_ATL_PHD,80.0,,,,,,,,False,,2355497.0,2355997.0,,,
y1_d208_ATL_PHD,83.0,,,,,,,,False,,2429297.0,2429797.0,,,
y1_d208_ATL_PHD,85.0,,,,,,,,False,,2480547.0,2481047.0,,,
y1_d208_ATL_PHD,88.0,,,,,,,,False,,2631047.0,2631547.0,,,
y1_d208_ATL_PHD,89.0,,,,,,,,False,,2651047.0,2651597.0,,,
y1_d208_ATL_PHD,91.0,,,,,,,,False,,2703697.0,2704147.0,,,
y1_d208_ATL_PHD,128.0,,,,,,,,False,,3837597.0,3838097.0,,,
y1_d208_ATL_PHD,129.0,,,,,,,,False,,3860047.0,3860497.0,,,
y1_d208_ATL_PHD,153.0,,,,,,,,False,,4814797.0,4815297.0,,,
y1_d208_ATL_PHD,154.0,,,,,,,,False,,4829997.0,4830497.0,,,
y1_d208_ATL_PHD,155.0,,,,,,,,False,,4850747.0,4851247.0,,,
y1_d208_ATL_PHD,157.0,,,,,,,,False,,4907647.0,4908097.0,,,
y1_d208_ATL_PHD,161.0,,,,,,,,False,,5139997.0,5140447.0,,,
y1_d208_ATL_PHD,162.0,,,,,,,,False,,5158497.0,5159047.0,,,
y1_d208_ATL_PHD,163.0,,,,,,,,False,,5185247.0,5185697.0,,,
y1_d208_ATL_PHD,164.0,,,,,,,,False,,5206497.0,5206997.0,,,
y1_d208_ATL_PHD,167.0,,,,,,,,False,,5299197.0,5299697.0,,,
y1_d208_ATL_PHD,169.0,,,,,,,,False,,5345347.0,5345847.0,,,
y1_d208_ATL_PHD,171.0,,,,,,,,False,,5433547.0,5434047.0,,,
y1_d208_ATL_PHD,181.0,,,,,,,,False,,5828447.0,5828947.0,,,
y1_d208_ATL_PHD,182.0,,,,,,,,False,,5843447.0,5843997.0,,,
y1_d208_ATL_PHD,183.0,,,,,,,,False,,5879697.0,5880247.0,,,
y1_d208_ATL_PHD,184.0,,,,,,,,False,,5899547.0,5900097.0,,,
y1_d208_ATL_PHD,185.0,,,,,,,,False,,5918997.0,5919497.0,,,
y1_d208_ATL_PHD,187.0,,,,,,,,False,,5970547.0,5970997.0,,,
y1_d208_ATL_PHD,195.0,,,,,,,,False,,6278497.0,6278947.0,,,
y1_d208_ATL_PHD,199.0,,,,,,,,False,,6403547.0,6404097.0,,,
y1_d208_ATL_PHD,238.0,,,,,,,,False,,7621197.0,7621647.0,,,
y1_d208_ATL_PHD,239.0,,,,,,,,False,,7643697.0,7644197.0,,,
y1_d208_ATL_PHD,243.0,,,,,,,,False,,7716297.0,7716747.0,,,
y1_d208_ATL_PHD,251.0,,,,,,,,False,,8055897.0,8056497.0,,,
y1_d208_ATL_PHD,252.0,,,,,,,,False,,8092697.0,8093247.0,,,
y1_d208_ATL_PHD,253.0,,,,,,,,False,,8118997.0,8119497.0,,,
y1_d208_ATL_PHD,255.0,,,,,,,,False,,8192147.0,8192597.0,,,
y1_d208_ATL_PHD,256.0,,,,,,,,False,,8209397.0,8209897.0,,,
y1_d208_ATL_PHD,257.0,,,,,,,,False,,8242797.0,8243347.0,,,
y1_d208_ATL_PHD,258.0,,,,,,,,False,,8264097.0,8264647.0,,,
y1_d208_ATL_PHD,259.0,,,,,,,,False,,8293347.0,8293897.0,,,
y1_d208_ATL_PHD,260.0,,,,,,,,False,,8326247.0,8326797.0,,,
y1_d208_ATL_PHD,268.0,,,,,,,,False,,8656097.0,8656597.0,,,
y1_d208_ATL_PHD,269.0,,,,,,,,False,,8675847.0,8676347.0,,,
y1_d208_ATL_PHD,273.0,,,,,,,,False,,8742897.0,8743347.0,,,
y1_d208_ATL_PHD,274.0,,,,,,,,False,,8766347.0,8766797.0,,,
y1_d208_ATL_PHD,276.0,,,,,,,,False,,8803297.0,8803747.0,,,
y1_d208_ATL_PHD,286.0,,,,,,,,False,,9110147.0,9110547.0,,,
y1_d208_ATL_PHD,287.0,,,,,,,,False,,9135647.0,9136047.0,,,
y1_d208_ATL_PHD,288.0,,,,,,,,False,,9156547.0,9157047.0,,,
y1_d208_ATL_PHD,293.0,,,,,,,,False,,9433597.0,9434097.0,,,
y1_d208_ATL_PHD,301.0,,,,,,,,False,,9731947.0,9732447.0,,,
y1_d208_ATL_PHD,302.0,,,,,,,,False,,9795397.0,9795947.0,,,
y1_d208_ATL_PHD,306.0,,,,,,,,False,,9905397.0,9905947.0,,,
y1_d208_ATL_PHD,307.0,,,,,,,,False,,9936097.0,9936597.0,,,
y1_d208_ATL_PHD,309.0,,,,,,,,False,,10040197.0,10040697.0,,,
y1_d209_PHD_VAS,6.0,,,,,,,,False,,135489.0,135889.0,,,
y1_d209_PHD_VAS,7.0,,,,,,,,False,,155039.0,155489.0,,,
y1_d209_PHD_VAS,15.0,,,,,,,,False,,461239.0,461739.0,,,
y1_d209_PHD_VAS,16.0,,,,,,,,False,,480739.0,481189.0,,,
y1_d209_PHD_VAS,17.0,,,,,,,,False,,500789.0,501239.0,,,
y1_d209_PHD_VAS,18.0,,,,,,,,False,,523439.0,523889.0,,,
y1_d209_PHD_VAS,35.0,,,,,,,,False,,1018789.0,1019239.0,,,
y1_d209_PHD_VAS,37.0,,,,,,,,False,,1064289.0,1064739.0,,,
y1_d209_PHD_VAS,52.0,,,,,,,,False,,1552989.0,1553439.0,,,
y1_d209_PHD_VAS,53.0,,,,,,,,False,,1570939.0,1571439.0,,,
y1_d209_PHD_VAS,55.0,,,,,,,,False,,1637539.0,1638039.0,,,
y1_d209_PHD_VAS,57.0,,,,,,,,False,,1679189.0,1679789.0,,,
y1_d209_PHD_VAS,113.0,,,,,,,,False,,3423839.0,3424289.0,,,
y1_d209_PHD_VAS,115.0,,,,,,,,False,,3465789.0,3466289.0,,,
y1_d209_PHD_VAS,116.0,,,,,,,,False,,3485189.0,3485639.0,,,
y1_d209_PHD_VAS,128.0,,,,,,,,False,,3968289.0,3968789.0,,,
y1_d209_PHD_VAS,129.0,,,,,,,,False,,3991389.0,3991889.0,,,
y1_d209_PHD_VAS,131.0,,,,,,,,False,,4030839.0,4031289.0,,,
y1_d209_PHD_VAS,132.0,,,,,,,,False,,4049739.0,4050189.0,,,
y1_d209_PHD_VAS,133.0,,,,,,,,False,,4071689.0,4072189.0,,,
y1_d209_PHD_VAS,142.0,,,,,,,,False,,4593239.0,4593739.0,,,
y1_d209_PHD_VAS,143.0,,,,,,,,False,,4611589.0,4612139.0,,,
y1_d209_PHD_VAS,144.0,,,,,,,,False,,4630389.0,4630939.0,,,
y1_d209_PHD_VAS,146.0,,,,,,,,False,,4684189.0,4684639.0,,,
y1_d209_PHD_VAS,148.0,,,,,,,,False,,4759439.0,4759889.0,,,
y1_d209_PHD_VAS,149.0,,,,,,,,False,,4786589.0,4787139.0,,,
y1_d209_PHD_VAS,162.0,,,,,,,,False,,5272389.0,5272889.0,,,
y1_d209_PHD_VAS,163.0,,,,,,,,False,,5290339.0,5290839.0,,,
y1_d209_PHD_VAS,164.0,,,,,,,,False,,5310989.0,5311489.0,,,
y1_d209_PHD_VAS,165.0,,,,,,,,False,,5331689.0,5332189.0,,,
y1_d209_PHD_VAS,167.0,,,,,,,,False,,5383189.0,5383689.0,,,
y1_d209_PHD_VAS,168.0,,,,,,,,False,,5416739.0,5417289.0,,,
y1_d209_PHD_VAS,170.0,,,,,,,,False,,5511289.0,5511789.0,,,
y1_d209_PHD_VAS,253.0,,,,,,,,False,,8373889.0,8374389.0,,,
y1_d209_PHD_VAS,254.0,,,,,,,,False,,8393889.0,8394339.0,,,
y1_d209_PHD_VAS,255.0,,,,,,,,False,,8416539.0,8417039.0,,,
y1_d209_PHD_VAS,256.0,Safe,1.9,0.65,1.25,81.9488949406685,80.97288028714513,71.19422737778208,True,1.5548855720497705,8446139.0,8446639.0,8447289.0,8448539.0,26
y1_d209_PHD_VAS,279.0,,,,,,,,False,,9373039.0,9373589.0,,,
y1_d209_PHD_VAS,280.0,,,,,,,,False,,9396589.0,9397089.0,,,
y1_d209_PHD_VAS,282.0,,,,,,,,False,,9443889.0,9444389.0,,,
y1_d209_PHD_VAS,303.0,,,,,,,,False,,10302289.0,10302739.0,,,
y1_d209_PWH_ARN,3.0,,,,,,,,False,,89159.0,89659.0,,,
y1_d209_PWH_ARN,4.0,,,,,,,,False,,106409.0,106859.0,,,
y1_d209_PWH_ARN,5.0,,,,,,,,False,,125459.0,126009.0,,,
y1_d209_PWH_ARN,6.0,,,,,,,,False,,148109.0,148609.0,,,
y1_d209_PWH_ARN,7.0,,,,,,,,False,,180309.0,180759.0,,,
y1_d209_PWH_ARN,9.0,,,,,,,,False,,255709.0,256159.0,,,
y1_d209_PWH_ARN,10.0,,,,,,,,False,,274309.0,274759.0,,,
y1_d209_PWH_ARN,11.0,,,,,,,,False,,297209.0,297759.0,,,
y1_d209_PWH_ARN,12.0,,,,,,,,False,,334859.0,335359.0,,,
y1_d209_PWH_ARN,13.0,,,,,,,,False,,355409.0,355959.0,,,
y1_d209_PWH_ARN,14.0,,,,,,,,False,,385009.0,385509.0,,,
y1_d209_PWH_ARN,15.0,,,,,,,,False,,408359.0,408859.0,,,
y1_d209_PWH_ARN,57.0,,,,,,,,False,,1839959.0,1840409.0,,,
y1_d209_PWH_ARN,73.0,,,,,,,,False,,2378759.0,2379209.0,,,
y1_d209_PWH_ARN,79.0,,,,,,,,False,,2648559.0,2649109.0,,,
y1_d209_PWH_ARN,80.0,,,,,,,,False,,2667059.0,2667509.0,,,
y1_d209_PWH_ARN,81.0,,,,,,,,False,,2687059.0,2687609.0,,,
y1_d209_PWH_ARN,82.0,,,,,,,,False,,2706359.0,2706909.0,,,
y1_d209_PWH_ARN,84.0,,,,,,,,False,,2756909.0,2757459.0,,,
y1_d209_PWH_ARN,110.0,,,,,,,,False,,3754959.0,3755459.0,,,
y1_d209_PWH_ARN,111.0,,,,,,,,False,,3774709.0,3775309.0,,,
y1_d209_PWH_ARN,112.0,,,,,,,,False,,3798359.0,3798809.0,,,
y1_d209_PWH_ARN,121.0,,,,,,,,False,,4156509.0,4156959.0,,,
y1_d209_PWH_ARN,122.0,,,,,,,,False,,4177559.0,4178109.0,,,
y1_d209_PWH_ARN,135.0,,,,,,,,False,,4676709.0,4677159.0,,,
y1_d209_PWH_ARN,136.0,,,,,,,,False,,4694609.0,4695059.0,,,
y1_d209_PWH_ARN,137.0,,,,,,,,False,,4713809.0,4714359.0,,,
y1_d209_PWH_ARN,138.0,,,,,,,,False,,4736359.0,4736909.0,,,
y1_d209_PWH_ARN,145.0,,,,,,,,False,,4987659.0,4988109.0,,,
y1_d209_PWH_ARN,176.0,,,,,,,,False,,5974259.0,5974859.0,,,
y1_d209_PWH_ARN,178.0,,,,,,,,False,,6017409.0,6017909.0,,,
y1_d209_PWH_ARN,179.0,,,,,,,,False,,6040859.0,6041309.0,,,
y1_d209_PWH_ARN,180.0,,,,,,,,False,,6059959.0,6060509.0,,,
y1_d209_PWH_ARN,188.0,,,,,,,,False,,6363109.0,6363559.0,,,
y1_d209_PWH_ARN,189.0,,,,,,,,False,,6382109.0,6382609.0,,,
y1_d209_PWH_ARN,191.0,,,,,,,,False,,6429159.0,6429609.0,,,
y1_d209_PWH_ARN,192.0,,,,,,,,False,,6450659.0,6451159.0,,,
y1_d209_PWH_ARN,195.0,,,,,,,,False,,6527709.0,6528159.0,,,
y1_d209_PWH_ARN,201.0,,,,,,,,False,,6794409.0,6794909.0,,,
y1_d209_PWH_ARN,202.0,,,,,,,,False,,6815909.0,6816359.0,,,
y1_d209_PWH_ARN,203.0,,,,,,,,False,,6837559.0,6838059.0,,,
y1_d209_PWH_ARN,204.0,,,,,,,,False,,6862409.0,6862909.0,,,
y1_d209_PWH_ARN,206.0,,,,,,,,False,,6911159.0,6911609.0,,,
y1_d209_PWH_ARN,207.0,,,,,,,,False,,6946909.0,6947459.0,,,
y1_d209_PWH_ARN,211.0,,,,,,,,False,,7065109.0,7068159.0,,,
y1_d209_PWH_ARN,214.0,,,2.35,,,,,False,,7173959.0,7174509.0,7176859.0,,
y1_d209_PWH_ARN,221.0,,,,,,,,False,,7425759.0,7426209.0,,,
y1_d209_PWH_ARN,250.0,,,,,,,,False,,8463659.0,8464109.0,,,
y1_d209_PWH_ARN,251.0,,,,,,,,False,,8494609.0,8495059.0,,,
y1_d209_PWH_ARN,252.0,,,,,,,,False,,8517909.0,8518359.0,,,
y1_d209_PWH_ARN,254.0,,,,,,,,False,,8582759.0,8583259.0,,,
y1_d209_PWH_ARN,255.0,,,,,,,,False,,8601659.0,8602159.0,,,
y1_d209_PWH_ARN,256.0,,,,,,,,False,,8621909.0,8622409.0,,,
y1_d209_PWH_ARN,258.0,,,,,,,,False,,8678459.0,8678909.0,,,
y1_d209_PWH_ARN,275.0,Safe,1.95,0.65,1.3,74.77262822421034,74.0053185418223,67.83961651262105,True,4.2706695042078175,9157409.0,9157909.0,9158559.0,9159859.0,27
y1_d209_PWH_ARN,288.0,,,,,,,,False,,9627859.0,9628359.0,,,
y1_d209_PWH_ARN,289.0,,,,,,,,False,,9648759.0,9649259.0,,,
y1_d209_PWH_ARN,291.0,,,,,,,,False,,9708059.0,9711009.0,,,
y1_d209_PWH_ARN,293.0,,,,,,,,False,,9773009.0,9773509.0,,,
y1_d209_PWH_ARN,314.0,,,,,,,,False,,10446009.0,10446609.0,,,
y1_d209_PWH_ARN,322.0,,,,,,,,False,,10657759.0,10658259.0,,,
y1_d209_PWH_ARN,323.0,,,,,,,,False,,10678409.0,10678909.0,,,
y1_d209_PWH_ARN,324.0,,,,,,,,False,,10695159.0,10695759.0,,,
y1_d209_PWH_ARN,325.0,,,,,,,,False,,10713759.0,10714209.0,,,
y1_d209_PWH_ARN,326.0,,,,,,,,False,,10732009.0,10732609.0,,,
y1_d209_PWH_ARN,327.0,,2.0,0.7,1.3,72.07747537632699,71.35617038009089,65.7458409934423,True,3.9007684523765773,10763709.0,10764209.0,10764909.0,10766209.0,27
y1_d209_PWH_ARN,346.0,,,,,,,,False,,11612609.0,11613059.0,,,
y1_d209_PWH_ARN,347.0,,,,,,,,False,,11634259.0,11634709.0,,,
y1_d209_PWH_ARN,348.0,,,,,,,,False,,11653509.0,11653959.0,,,
y1_d209_PWH_ARN,349.0,,,,,,,,False,,11674959.0,11675459.0,,,
y1_d209_PWH_ARN,350.0,,,,,,,,False,,11710709.0,11711209.0,,,
y1_d209_PWH_ARN,351.0,,,,,,,,False,,11730609.0,11731109.0,,,
y1_d209_PWH_ARN,353.0,,,,,,,,False,,11775659.0,11776109.0,,,
y1_d209_PWH_ARN,354.0,,,,,,,,False,,11798859.0,11799309.0,,,
y1_d209_PWH_ARN,355.0,,,,,,,,False,,11823409.0,11823859.0,,,
y1_d209_PWH_ARN,356.0,,,,,,,,False,,11850309.0,11850759.0,,,
y1_d209_PWH_ARN,385.0,Safe,,1.55,,,,,False,,12898509.0,12899009.0,12900559.0,,
y1_d209_QHX_ANI,9.0,,,,,,,,False,,279687.0,280187.0,,,
y1_d209_QHX_ANI,43.0,,,,,,,,False,,1210837.0,1211287.0,,,
y1_d209_QHX_ANI,45.0,,,,,,,,False,,1253587.0,1258737.0,,,
y1_d209_QHX_ANI,46.0,,,,,,,,False,,1291437.0,1291987.0,,,
y1_d209_QHX_ANI,48.0,,,,,,,,False,,1349937.0,1350487.0,,,
y1_d209_QHX_ANI,60.0,,,,,,,,False,,1871737.0,1872287.0,,,
y1_d209_QHX_ANI,62.0,,,,,,,,False,,1924437.0,1924937.0,,,
y1_d209_QHX_ANI,63.0,,,,,,,,False,,1958737.0,1959287.0,,,
y1_d209_QHX_ANI,64.0,,,,,,,,False,,1987937.0,1988437.0,,,
y1_d209_QHX_ANI,66.0,,,,,,,,False,,2080837.0,2081287.0,,,
y1_d209_QHX_ANI,67.0,,,,,,,,False,,2098637.0,2099087.0,,,
y1_d209_QHX_ANI,69.0,,,,,,,,False,,2145987.0,2146487.0,,,
y1_d209_QHX_ANI,70.0,,,,,,,,False,,2170387.0,2170837.0,,,
y1_d209_QHX_ANI,108.0,,,,,,,,False,,3538637.0,3539187.0,,,
y1_d209_QHX_ANI,109.0,,,,,,,,False,,3570387.0,3570837.0,,,
y1_d209_QHX_ANI,110.0,,,,,,,,False,,3585587.0,3586087.0,,,
y1_d209_QHX_ANI,111.0,,,,,,,,False,,3600787.0,3601237.0,,,
y1_d209_QHX_ANI,112.0,,,,,,,,False,,3616337.0,3616787.0,,,
y1_d209_QHX_ANI,114.0,,,,,,,,False,,3669837.0,3670287.0,,,
y1_d209_QHX_ANI,115.0,,,,,,,,False,,3690187.0,3690687.0,,,
y1_d209_QHX_ANI,117.0,,,,,,,,False,,3736737.0,3737237.0,,,
y1_d209_QHX_ANI,120.0,,,,,,,,False,,3815937.0,3816437.0,,,
y1_d209_QHX_ANI,167.0,,,,,,,,False,,5528887.0,5529387.0,,,
y1_d209_QHX_ANI,176.0,,,,,,,,False,,5915937.0,5916437.0,,,
y1_d209_QHX_ANI,177.0,,,,,,,,False,,5933737.0,5934237.0,,,
y1_d209_QHX_ANI,178.0,,,,,,,,False,,5954237.0,5954737.0,,,
y1_d209_QHX_ANI,179.0,,,,,,,,False,,5973787.0,5974287.0,,,
y1_d209_QHX_ANI,204.0,,,,,,,,False,,7049437.0,7049937.0,,,
y1_d209_QHX_ANI,230.0,,,0.7,,,,,False,,8026637.0,8027087.0,8027787.0,,
y1_d209_QHX_ANI,240.0,,,,,,,,False,,8401987.0,8402537.0,,,
y1_d209_QHX_ANI,241.0,,,,,,,,False,,8423337.0,8423887.0,,,
y1_d209_QHX_ANI,242.0,,,,,,,,False,,8447037.0,8447537.0,,,
y1_d209_QHX_ANI,243.0,,,,,,,,False,,8480387.0,8480937.0,,,
y1_d209_QHX_ANI,282.0,,,,,,,,False,,9923537.0,9924087.0,,,
y1_d209_QHX_ANI,291.0,,,,,,,,False,,10406137.0,10406637.0,,,
y1_d209_QHX_ANI,292.0,,,,,,,,False,,10428337.0,10428887.0,,,
y1_d209_QHX_ANI,293.0,,,,,,,,False,,10459287.0,10459837.0,,,
y1_d209_QHX_ANI,294.0,,,,,,,,False,,10487437.0,10487937.0,,,
y1_d209_QHX_ANI,330.0,,,,,,,,False,,11822337.0,11822787.0,,,
y1_d209_QHX_ANI,336.0,,,,,,,,False,,12091387.0,12091837.0,,,
y1_d209_QHX_ANI,337.0,,,,,,,,False,,12108587.0,12109037.0,,,
y1_d209_QHX_ANI,338.0,,,,,,,,False,,12125437.0,12125937.0,,,
y1_d209_QHX_ANI,355.0,,,,,,,,False,,12783137.0,12783637.0,,,
y1_d209_QHX_ANI,356.0,,,,,,,,False,,12805987.0,12806437.0,,,
y1_d209_QHX_ANI,357.0,,,,,,,,False,,12846287.0,12846737.0,,,
y1_d209_QHX_ANI,358.0,,,,,,,,False,,12871787.0,12872237.0,,,
y1_d209_QHX_ANI,359.0,,,,,,,,False,,12894837.0,12895287.0,,,
y1_d209_QHX_ANI,360.0,,,,,,,,False,,12914687.0,12915137.0,,,
y1_d209_QHX_ANI,370.0,,,,,,,,False,,13296387.0,13296837.0,,,
y1_d209_QHX_ANI,371.0,,,,,,,,False,,13310987.0,13311437.0,,,
y1_d209_QHX_ANI,372.0,,,,,,,,False,,13326737.0,13327237.0,,,
y1_d209_QHX_ANI,373.0,,,,,,,,False,,13344987.0,13345487.0,,,
y1_d209_QHX_ANI,374.0,,,,,,,,False,,13364237.0,13364737.0,,,
y1_d209_QHX_ANI,375.0,,,,,,,,False,,13384187.0,13384637.0,,,
y1_d209_QHX_ANI,386.0,,,,,,,,False,,13995387.0,13995837.0,,,
y1_d209_QHX_ANI,387.0,,,,,,,,False,,14012637.0,14013087.0,,,
y1_d209_QHX_ANI,388.0,,,,,,,,False,,14034287.0,14034737.0,,,
y1_d209_QHX_ANI,389.0,,,,,,,,False,,14055737.0,14056187.0,,,
y1_d209_QHX_ANI,390.0,,,,,,,,False,,14077837.0,14078287.0,,,
y1_d209_QHX_ANI,395.0,,,,,,,,False,,14250537.0,14250987.0,,,
y1_d209_QHX_ANI,396.0,,,,,,,,False,,14272287.0,14272737.0,,,
y1_d209_QHX_ANI,399.0,Safe,9.6,0.7,8.9,72.68080012186245,69.11352069979148,32.559343653077946,False,32.015751030521834,14377887.0,14378437.0,14379137.0,14388037.0,146
y1_d210_PHD_VAS,23.0,,,,,,,,False,,659802.0,660252.0,,,
y1_d210_PHD_VAS,25.0,,,,,,,,False,,724202.0,724652.0,,,
y1_d210_PHD_VAS,26.0,,,,,,,,False,,747652.0,748102.0,,,
y1_d210_PHD_VAS,28.0,,,,,,,,False,,792302.0,792752.0,,,
y1_d210_PHD_VAS,29.0,,,,,,,,False,,816602.0,817052.0,,,
y1_d210_PHD_VAS,31.0,,,,,,,,False,,881952.0,882452.0,,,
y1_d210_PHD_VAS,32.0,,,,,,,,False,,917502.0,917902.0,,,
y1_d210_PHD_VAS,35.0,,,,,,,,False,,984502.0,984952.0,,,
y1_d210_PHD_VAS,37.0,,,,,,,,False,,1031352.0,1031802.0,,,
y1_d210_PHD_VAS,38.0,,,,,,,,False,,1055052.0,1055552.0,,,
y1_d210_PHD_VAS,43.0,,,,,,,,False,,1280502.0,1280952.0,,,
y1_d210_PHD_VAS,45.0,,,,,,,,False,,1350402.0,1350852.0,,,
y1_d210_PHD_VAS,47.0,,,,,,,,False,,1407552.0,1408002.0,,,
y1_d210_PHD_VAS,48.0,,,,,,,,False,,1431552.0,1432002.0,,,
y1_d210_PHD_VAS,50.0,,,,,,,,False,,1501502.0,1502052.0,,,
y1_d210_PHD_VAS,75.0,,,,,,,,False,,2437602.0,2438102.0,,,
y1_d210_PHD_VAS,76.0,,,,,,,,False,,2459602.0,2460102.0,,,
y1_d210_PHD_VAS,79.0,,,,,,,,False,,2567852.0,2568302.0,,,
y1_d210_PHD_VAS,81.0,,,,,,,,False,,2620302.0,2620802.0,,,
y1_d210_PHD_VAS,82.0,,,,,,,,False,,2661202.0,2661702.0,,,
y1_d210_PHD_VAS,84.0,,,,,,,,False,,2717352.0,2717852.0,,,
y1_d210_PHD_VAS,89.0,,,,,,,,False,,2970252.0,2970802.0,,,
y1_d210_PHD_VAS,90.0,,,,,,,,False,,2990552.0,2991002.0,,,
y1_d210_PHD_VAS,91.0,,,,,,,,False,,3015652.0,3016102.0,,,
y1_d210_PHD_VAS,92.0,,,,,,,,False,,3040752.0,3041202.0,,,
y1_d210_PHD_VAS,107.0,,,,,,,,False,,3513302.0,3513752.0,,,
y1_d210_PHD_VAS,108.0,,,,,,,,False,,3532552.0,3533002.0,,,
y1_d210_PHD_VAS,109.0,,,,,,,,False,,3554802.0,3555302.0,,,
y1_d210_PHD_VAS,111.0,,,,,,,,False,,3606952.0,3607502.0,,,
y1_d210_PHD_VAS,112.0,,,,,,,,False,,3635852.0,3636402.0,,,
y1_d210_PHD_VAS,121.0,,,,,,,,False,,3896302.0,3896902.0,,,
y1_d210_PHD_VAS,122.0,,,,,,,,False,,3918452.0,3918952.0,,,
y1_d210_PHD_VAS,123.0,,,,,,,,False,,3936102.0,3936602.0,,,
y1_d210_PHD_VAS,124.0,,,,,,,,False,,3953402.0,3953902.0,,,
y1_d210_PHD_VAS,165.0,,,,,,,,False,,5307102.0,5307552.0,,,
y1_d210_PHD_VAS,169.0,,,,,,,,False,,5416652.0,5417202.0,,,
y1_d210_PHD_VAS,172.0,,,,,,,,False,,5490002.0,5490502.0,,,
y1_d210_PHD_VAS,173.0,,2.0,0.65,1.35,68.91214775456692,68.3620352978202,64.34153130848365,True,3.7797732327078206,5515502.0,5515952.0,5516602.0,5517952.0,28
y1_d210_PHD_VAS,182.0,,,,,,,,False,,5747802.0,5748302.0,,,
y1_d210_PHD_VAS,184.0,,,,,,,,False,,5808502.0,5809002.0,,,
y1_d210_PHD_VAS,192.0,,,,,,,,False,,6078852.0,6079302.0,,,
y1_d210_PHD_VAS,194.0,,,,,,,,False,,6118152.0,,,,
y1_d210_PHD_VAS,196.0,,,,,,,,False,,6242152.0,6242652.0,,,
y1_d210_PHD_VAS,200.0,,,,,,,,False,,6347802.0,6348352.0,,,
y1_d210_PHD_VAS,201.0,,,,,,,,False,,6374302.0,6374802.0,,,
y1_d210_PHD_VAS,208.0,,,,,,,,False,,6699952.0,6700452.0,,,
y1_d210_PHD_VAS,210.0,,,,,,,,False,,6762552.0,6763052.0,,,
y1_d210_PHD_VAS,211.0,,,,,,,,False,,6788302.0,6788752.0,,,
y1_d210_PHD_VAS,241.0,,,,,,,,False,,8206152.0,8206652.0,,,
y1_d210_PHD_VAS,242.0,,,,,,,,False,,8226652.0,8227102.0,,,
y1_d210_PHD_VAS,243.0,,,,,,,,False,,8252302.0,8252802.0,,,
y1_d210_PHD_VAS,245.0,,,,,,,,False,,8310952.0,8311402.0,,,
y1_d210_PHD_VAS,247.0,,,,,,,,False,,8380152.0,,,,
y1_d210_PHD_VAS,249.0,,,,,,,,False,,8486402.0,8486852.0,,,
y1_d210_PHD_VAS,250.0,,,,,,,,False,,8515802.0,8516252.0,,,
y1_d210_PHD_VAS,251.0,,,,,,,,False,,8549352.0,8549852.0,,,
y1_d210_PHD_VAS,254.0,,,,,,,,False,,8770052.0,8770502.0,,,
y1_d210_PHD_VAS,255.0,,,,,,,,False,,8792302.0,8792802.0,,,
y1_d210_PHD_VAS,256.0,,,,,,,,False,,8817752.0,8818252.0,,,
y1_d210_PHD_VAS,257.0,,,,,,,,False,,8842252.0,8842702.0,,,
y1_d210_PHD_VAS,258.0,,,,,,,,False,,8865652.0,8866152.0,,,
y1_d210_PHD_VAS,275.0,,,,,,,,False,,9688752.0,9689202.0,,,
y1_d210_PHD_VAS,276.0,,,,,,,,False,,9709752.0,9710252.0,,,
y1_d210_PHD_VAS,278.0,,,,,,,,False,,9792852.0,9793302.0,,,
y1_d210_PHD_VAS,279.0,,,,,,,,False,,9814302.0,9814902.0,,,
y1_d210_PHD_VAS,280.0,,,,,,,,False,,9841602.0,9842202.0,,,
y1_d210_PHD_VAS,281.0,,,,,,,,False,,9898252.0,9898702.0,,,
y1_d210_PHD_VAS,282.0,,,,,,,,False,,9937952.0,9938552.0,,,
y1_d210_PHD_VAS,285.0,,,,,,,,False,,10024302.0,10024902.0,,,
y1_d210_PHD_VAS,286.0,,,,,,,,False,,10066852.0,10067452.0,,,
y1_d210_PHD_VAS,287.0,,,,,,,,False,,10088102.0,10088602.0,,,
y1_d210_PWH_ARN,21.0,,,,,,,,False,,602346.0,602846.0,,,
y1_d210_PWH_ARN,23.0,,,,,,,,False,,640296.0,640746.0,,,
y1_d210_PWH_ARN,37.0,,,,,,,,False,,962946.0,963446.0,,,
y1_d210_PWH_ARN,39.0,,,,,,,,False,,997196.0,997696.0,,,
y1_d210_PWH_ARN,56.0,,,,,,,,False,,1579446.0,1579946.0,,,
y1_d210_PWH_ARN,57.0,,,,,,,,False,,1596796.0,1597346.0,,,
y1_d210_PWH_ARN,59.0,,,,,,,,False,,1633746.0,1634246.0,,,
y1_d210_PWH_ARN,70.0,,,,,,,,False,,2008446.0,2008946.0,,,
y1_d210_PWH_ARN,81.0,,,,,,,,False,,2333596.0,2334096.0,,,
y1_d210_PWH_ARN,85.0,,,,,,,,False,,2476046.0,2476646.0,,,
y1_d210_PWH_ARN,86.0,,,,,,,,False,,2499346.0,2499896.0,,,
y1_d210_PWH_ARN,92.0,,,,,,,,False,,2704096.0,2704646.0,,,
y1_d210_PWH_ARN,93.0,,,,,,,,False,,2726696.0,2727146.0,,,
y1_d210_PWH_ARN,94.0,,,,,,,,False,,2745996.0,2746446.0,,,
y1_d210_PWH_ARN,95.0,,,,,,,,False,,2766746.0,2767296.0,,,
y1_d210_PWH_ARN,96.0,,,,,,,,False,,2798196.0,2798696.0,,,
y1_d210_PWH_ARN,97.0,,,,,,,,False,,2820296.0,2820796.0,,,
y1_d210_PWH_ARN,135.0,,,,,,,,False,,4048296.0,4048796.0,,,
y1_d210_PWH_ARN,136.0,,,,,,,,False,,4067646.0,4068246.0,,,
y1_d210_PWH_ARN,137.0,,,,,,,,False,,4090246.0,4090746.0,,,
y1_d210_PWH_ARN,138.0,,,,,,,,False,,4111546.0,4111996.0,,,
y1_d210_PWH_ARN,139.0,,,,,,,,False,,4148696.0,4149246.0,,,
y1_d210_PWH_ARN,140.0,,,,,,,,False,,4170646.0,4171146.0,,,
y1_d210_PWH_ARN,143.0,,,,,,,,False,,4253896.0,4254396.0,,,
y1_d210_PWH_ARN,145.0,,,,,,,,False,,4306196.0,4306696.0,,,
y1_d210_PWH_ARN,162.0,,,,,,,,False,,4817396.0,,,,
y1_d210_PWH_ARN,163.0,,,,,,,,False,,4906246.0,4906746.0,,,
y1_d210_PWH_ARN,164.0,,,,,,,,False,,4932796.0,4933296.0,,,
y1_d210_PWH_ARN,165.0,,,,,,,,False,,4956796.0,4957296.0,,,
y1_d210_PWH_ARN,166.0,,,,,,,,False,,4981996.0,4982496.0,,,
y1_d210_PWH_ARN,174.0,,,,,,,,False,,5279746.0,5280246.0,,,
y1_d210_PWH_ARN,175.0,,,,,,,,False,,5298896.0,5299396.0,,,
y1_d210_PWH_ARN,176.0,,,,,,,,False,,5319796.0,5320296.0,,,
y1_d210_PWH_ARN,177.0,,,,,,,,False,,5340646.0,5341146.0,,,
y1_d210_PWH_ARN,178.0,,,,,,,,False,,5365496.0,5365946.0,,,
y1_d210_PWH_ARN,179.0,,,,,,,,False,,5390196.0,5390696.0,,,
y1_d210_PWH_ARN,232.0,,,,,,,,False,,7124096.0,7124596.0,,,
y1_d210_PWH_ARN,233.0,,,,,,,,False,,7145996.0,7146546.0,,,
y1_d210_PWH_ARN,234.0,,,,,,,,False,,7167846.0,7168346.0,,,
y1_d210_PWH_ARN,266.0,,,,,,,,False,,8093646.0,8094146.0,,,
y1_d210_PWH_ARN,267.0,,,,,,,,False,,8110296.0,8110746.0,,,
y1_d210_PWH_ARN,268.0,,,,,,,,False,,8129946.0,8130396.0,,,
y1_d210_PWH_ARN,270.0,,,,,,,,False,,8200096.0,8200546.0,,,
y1_d210_PWH_ARN,271.0,,,,,,,,False,,8216196.0,8216696.0,,,
y1_d210_PWH_ARN,273.0,,,,,,,,False,,8267946.0,8268396.0,,,
y1_d210_PWH_ARN,275.0,,,,,,,,False,,8309196.0,8309696.0,,,
y1_d210_PWH_ARN,277.0,,,,,,,,False,,8354946.0,8355396.0,,,
y1_d210_PWH_ARN,318.0,,,,,,,,False,,9612046.0,9612546.0,,,
y1_d210_PWH_ARN,319.0,,,,,,,,False,,9627246.0,9627696.0,,,
y1_d210_PWH_ARN,320.0,,,,,,,,False,,9642796.0,9643246.0,,,
y1_d210_PWH_ARN,322.0,,,,,,,,False,,9686196.0,9686796.0,,,
y1_d210_PWH_ARN,324.0,,,,,,,,False,,9730246.0,9730746.0,,,
y1_d210_QHX_ANI,9.0,,,,,,,,False,,245233.0,245733.0,,,
y1_d210_QHX_ANI,10.0,,,,,,,,False,,267633.0,268133.0,,,
y1_d210_QHX_ANI,11.0,,,,,,,,False,,300633.0,301133.0,,,
y1_d210_QHX_ANI,12.0,,,,,,,,False,,322683.0,323133.0,,,
y1_d210_QHX_ANI,26.0,,,,,,,,False,,858383.0,858833.0,,,
y1_d210_QHX_ANI,27.0,,,,,,,,False,,879933.0,880383.0,,,
y1_d210_QHX_ANI,46.0,,,,,,,,False,,1485633.0,1486183.0,,,
y1_d210_QHX_ANI,52.0,,,,,,,,False,,1669733.0,1670183.0,,,
y1_d210_QHX_ANI,53.0,,,,,,,,False,,1694633.0,1695133.0,,,
y1_d210_QHX_ANI,57.0,,,,,,,,False,,1816483.0,1816933.0,,,
y1_d210_QHX_ANI,76.0,,,,,,,,False,,2541533.0,2542033.0,,,
y1_d210_QHX_ANI,79.0,,,,,,,,False,,2612333.0,2612833.0,,,
y1_d210_QHX_ANI,81.0,,,,,,,,False,,2671083.0,2671583.0,,,
y1_d210_QHX_ANI,86.0,,,,,,,,False,,2954083.0,2954583.0,,,
y1_d210_QHX_ANI,87.0,,,,,,,,False,,2979083.0,2979533.0,,,
y1_d210_QHX_ANI,114.0,,,,,,,,False,,3991833.0,3992333.0,,,
y1_d210_QHX_ANI,116.0,,,,,,,,False,,4043683.0,4044183.0,,,
y1_d210_QHX_ANI,117.0,,,,,,,,False,,4065983.0,4066483.0,,,
y1_d210_QHX_ANI,122.0,,,,,,,,False,,4232533.0,4233033.0,,,
y1_d210_QHX_ANI,123.0,,,,,,,,False,,4258533.0,4259033.0,,,
y1_d210_QHX_ANI,124.0,,,,,,,,False,,4286183.0,4286683.0,,,
y1_d210_QHX_ANI,125.0,,,,,,,,False,,4311433.0,4311933.0,,,
y1_d210_QHX_ANI,126.0,,,,,,,,False,,4338133.0,4338633.0,,,
y1_d210_QHX_ANI,154.0,,,,,,,,False,,5549883.0,5550383.0,,,
y1_d210_QHX_ANI,155.0,,,,,,,,False,,5579033.0,5579533.0,,,
y1_d210_QHX_ANI,157.0,,,,,,,,False,,5694633.0,5695083.0,,,
y1_d210_QHX_ANI,158.0,,,,,,,,False,,5731183.0,5731633.0,,,
y1_d210_QHX_ANI,159.0,,,,,,,,False,,5759133.0,5759633.0,,,
y1_d210_QHX_ANI,162.0,,,,,,,,False,,5841883.0,5842333.0,,,
y1_d210_QHX_ANI,165.0,,,,,,,,False,,5930133.0,5930633.0,,,
y1_d210_QHX_ANI,213.0,,,,,,,,False,,7619483.0,7619983.0,,,
y1_d210_QHX_ANI,214.0,,,,,,,,False,,7667383.0,7667833.0,,,
y1_d210_QHX_ANI,215.0,,,,,,,,False,,7695583.0,7696033.0,,,
y1_d210_QHX_ANI,216.0,,,,,,,,False,,7722833.0,7723333.0,,,
y1_d210_QHX_ANI,217.0,,,,,,,,False,,7749683.0,7750133.0,,,
y1_d211_PHD_VAS,2.0,Safe,1.9,0.65,1.25,77.145470635854,76.30056813620531,69.70140804670855,True,4.4949440915276595,42061.0,42561.0,43211.0,44461.0,26
y1_d211_PHD_VAS,28.0,,,,,,,,False,,792761.0,793211.0,,,
y1_d211_PHD_VAS,29.0,,,,,,,,False,,810161.0,810661.0,,,
y1_d211_PHD_VAS,30.0,,,,,,,,False,,830211.0,830711.0,,,
y1_d211_PHD_VAS,31.0,,,,,,,,False,,856561.0,857011.0,,,
y1_d211_PHD_VAS,34.0,,,,,,,,False,,944111.0,944711.0,,,
y1_d211_PHD_VAS,35.0,,,,,,,,False,,962761.0,963311.0,,,
y1_d211_PHD_VAS,52.0,,,,,,,,False,,1646961.0,1647461.0,,,
y1_d211_PHD_VAS,53.0,,,,,,,,False,,1666811.0,1667311.0,,,
y1_d211_PHD_VAS,54.0,,,,,,,,False,,1686311.0,1686811.0,,,
y1_d211_PHD_VAS,56.0,,,,,,,,False,,1728911.0,1729361.0,,,
y1_d211_PHD_VAS,71.0,,,,,,,,False,,2374361.0,2374911.0,,,
y1_d211_PHD_VAS,72.0,,,,,,,,False,,2391961.0,2392461.0,,,
y1_d211_PHD_VAS,74.0,,,,,,,,False,,2434011.0,2434511.0,,,
y1_d211_PHD_VAS,79.0,,,,,,,,False,,2574861.0,2575361.0,,,
y1_d211_PHD_VAS,81.0,,,,,,,,False,,2636811.0,2637311.0,,,
y1_d211_PHD_VAS,82.0,,,,,,,,False,,2654911.0,2655411.0,,,
y1_d211_PHD_VAS,86.0,,,,,,,,False,,2748061.0,2748561.0,,,
y1_d211_PHD_VAS,87.0,,,,,,,,False,,2778311.0,2778811.0,,,
y1_d211_PHD_VAS,88.0,,,,,,,,False,,2793461.0,2793961.0,,,
y1_d211_PHD_VAS,89.0,,,,,,,,False,,2820661.0,2821111.0,,,
y1_d211_PHD_VAS,90.0,,,,,,,,False,,2838761.0,2839211.0,,,
y1_d211_PHD_VAS,91.0,,,,,,,,False,,2881561.0,2882061.0,,,
y1_d211_PHD_VAS,108.0,,,,,,,,False,,3486811.0,3487311.0,,,
y1_d211_PHD_VAS,110.0,,,,,,,,False,,3526961.0,3527461.0,,,
y1_d211_PHD_VAS,114.0,,,,,,,,False,,3608361.0,3608811.0,,,
y1_d211_PHD_VAS,130.0,,,,,,,,False,,4239961.0,4240461.0,,,
y1_d211_PHD_VAS,131.0,,,,,,,,False,,4261311.0,4261811.0,,,
y1_d211_PHD_VAS,132.0,,,,,,,,False,,4284961.0,4285411.0,,,
y1_d211_PHD_VAS,134.0,,,,,,,,False,,4330961.0,4331461.0,,,
y1_d211_PHD_VAS,135.0,,,,,,,,False,,4355311.0,4355761.0,,,
y1_d211_PHD_VAS,136.0,,,,,,,,False,,4378461.0,4378911.0,,,
y1_d211_PHD_VAS,180.0,,,,,,,,False,,5947361.0,,,,
y1_d211_PHD_VAS,181.0,,,,,,,,False,,5984611.0,5985061.0,,,
y1_d211_PHD_VAS,228.0,,,,,,,,False,,7496361.0,7496811.0,,,
y1_d211_PHD_VAS,231.0,,,,,,,,False,,7580611.0,7581061.0,,,
y1_d211_PHD_VAS,237.0,,,,,,,,False,,7831711.0,7832161.0,,,
y1_d211_PHD_VAS,238.0,,,,,,,,False,,7848061.0,7848561.0,,,
y1_d211_PHD_VAS,240.0,,,,,,,,False,,7901661.0,7902161.0,,,
y1_d211_PHD_VAS,243.0,,,,,,,,False,,7964461.0,7964911.0,,,
y1_d211_PHD_VAS,245.0,,,,,,,,False,,8018461.0,8018961.0,,,
y1_d211_PHD_VAS,246.0,,,,,,,,False,,8044111.0,8044561.0,,,
y1_d211_PHD_VAS,247.0,,,,,,,,False,,8065761.0,8066211.0,,,
y1_d211_PWH_ARN,14.0,,,,,,,,False,,403603.0,404131.0,,,
y1_d211_PWH_ARN,16.0,,,,,,,,False,,436735.0,437230.0,,,
y1_d211_PWH_ARN,18.0,,,,,,,,False,,487192.0,487654.0,,,
y1_d211_PWH_ARN,19.0,,,,,,,,False,,514747.0,515242.0,,,
y1_d211_PWH_ARN,22.0,,,,,,,,False,,640015.0,640477.0,,,
y1_d211_PWH_ARN,23.0,,,,,,,,False,,657967.0,658495.0,,,
y1_d211_PWH_ARN,24.0,,,,,,,,False,,675556.0,675985.0,,,
y1_d211_PWH_ARN,26.0,,,,,,,,False,,724331.0,724826.0,,,
y1_d211_PWH_ARN,27.0,,,,,,,,False,,748817.0,749246.0,,,
y1_d211_PWH_ARN,28.0,,,,,,,,False,,770267.0,770729.0,,,
y1_d211_PWH_ARN,35.0,,,,,,,,False,,1056014.0,1056509.0,,,
y1_d211_PWH_ARN,37.0,,,,,,,,False,,1116041.0,1116503.0,,,
y1_d211_PWH_ARN,38.0,,,,,,,,False,,1131782.0,1132310.0,,,
y1_d211_PWH_ARN,39.0,,,,,,,,False,,1149206.0,1149734.0,,,
y1_d211_PWH_ARN,46.0,,,,,,,,False,,1340408.0,1340870.0,,,
y1_d211_PWH_ARN,48.0,,,,,,,,False,,1384496.0,1384958.0,,,
y1_d211_PWH_ARN,58.0,,,,,,,,False,,1746210.0,1746705.0,,,
y1_d211_PWH_ARN,60.0,,,,,,,,False,,1798020.0,1798482.0,,,
y1_d211_PWH_ARN,61.0,,,,,,,,False,,1816401.0,1816962.0,,,
y1_d211_PWH_ARN,88.0,,,,,,,,False,,2822011.0,2822506.0,,,
y1_d211_PWH_ARN,89.0,,,,,,,,False,,2840161.0,2840722.0,,,
y1_d211_PWH_ARN,91.0,,,,,,,,False,,2880124.0,2880586.0,,,
y1_d211_PWH_ARN,92.0,,,,,,,,False,,2897779.0,2898241.0,,,
y1_d211_PWH_ARN,137.0,,,,,,,,False,,4184879.0,4185341.0,,,
y1_d211_PWH_ARN,138.0,,,,,,,,False,,4200653.0,4201247.0,,,
y1_d211_PWH_ARN,173.0,,,,,,,,False,,5361528.0,5361990.0,,,
y1_d211_PWH_ARN,174.0,,,,,,,,False,,5378292.0,5378754.0,,,
y1_d211_PWH_ARN,177.0,,,,,,,,False,,5448879.0,5449341.0,,,
y1_d211_PWH_ARN,178.0,,,,,,,,False,,5478909.0,5479371.0,,,
y1_d211_PWH_ARN,179.0,,,,,,,,False,,5494452.0,5494914.0,,,
y1_d211_PWH_ARN,180.0,,,,,,,,False,,5514912.0,5515374.0,,,
y1_d211_PWH_ARN,181.0,,,,,,,,False,,5534217.0,5534679.0,,,
y1_d211_PWH_ARN,182.0,,,,,,,,False,,5555271.0,5555799.0,,,
y1_d211_PWH_ARN,183.0,,,,,,,,False,,5581209.0,5581671.0,,,
y1_d211_PWH_ARN,191.0,,,,,,,,False,,5883589.0,5884051.0,,,
y1_d211_PWH_ARN,198.0,,,,,,,,False,,6181711.0,6182239.0,,,
y1_d211_PWH_ARN,201.0,Safe,1.947,0.726,1.221,77.55199100179266,76.70530930545766,69.77235714038584,True,6.92828247444945,6252331.0,6252859.0,6253585.0,6254806.0,38
y1_d211_PWH_ARN,233.0,,,,,,,,False,,7221278.0,7221773.0,,,
y1_d211_PWH_ARN,235.0,,,,,,,,False,,7272296.0,7272791.0,,,
y1_d211_PWH_ARN,236.0,,,,,,,,False,,7299455.0,7299983.0,,,
y1_d211_PWH_ARN,237.0,,,,,,,,False,,7332257.0,7332719.0,,,
y1_d211_PWH_ARN,238.0,,,,,,,,False,,7351298.0,7351826.0,,,
y1_d211_PWH_ARN,245.0,,,,,,,,False,,7591373.0,7591868.0,,,
y1_d211_PWH_ARN,253.0,,,,,,,,False,,7919229.0,7919691.0,,,
y1_d211_PWH_ARN,254.0,,,,,,,,False,,7940448.0,7940943.0,,,
y1_d211_PWH_ARN,255.0,Safe,1.947,0.627,1.32,72.08223234880032,71.3151724596955,65.43118586590141,True,3.200242543332517,7974471.0,7974933.0,7975560.0,7976880.0,41
y1_d211_PWH_ARN,257.0,,,,,,,,False,,8058159.0,8058654.0,,,
y1_d211_PWH_ARN,259.0,,,,,,,,False,,8133135.0,8133597.0,,,
y1_d211_PWH_ARN,260.0,,,,,,,,False,,8185011.0,,,,
y1_d211_PWH_ARN,261.0,,,,,,,,False,,8221278.0,8221740.0,,,
y1_d211_PWH_ARN,298.0,,,,,,,,False,,9714332.0,9714794.0,,,
y1_d211_PWH_ARN,299.0,,,,,,,,False,,9732020.0,9732482.0,,,
y1_d211_PWH_ARN,313.0,,,,,,,,False,,10140032.0,10140527.0,,,
y1_d211_PWH_ARN,314.0,,,,,,,,False,,10156697.0,10157159.0,,,
y1_d211_PWH_ARN,335.0,,,,,,,,False,,10776570.0,10777032.0,,,
y1_d211_PWH_ARN,336.0,,,,,,,,False,,10795512.0,10796007.0,,,
y1_d211_PWH_ARN,338.0,,,,,,,,False,,10846398.0,10846893.0,,,
y1_d211_PWH_ARN,343.0,,,,,,,,False,,11076507.0,11076969.0,,,
y1_d211_PWH_ARN,364.0,,,,,,,,False,,11649684.0,11650113.0,,,
y1_d211_PWH_ARN,365.0,,,,,,,,False,,11662356.0,11662818.0,,,
y1_d211_PWH_ARN,366.0,,,,,,,,False,,11678031.0,11678460.0,,,
y1_d211_PWH_ARN,367.0,,,,,,,,False,,11692419.0,11692881.0,,,
y1_d211_PWH_ARN,371.0,,,,,,,,False,,11847157.0,11847652.0,,,
y1_d211_PWH_ARN,372.0,,,,,,,,False,,11861710.0,,,,
y1_d211_QHX_ANI,12.0,,,,,,,,False,,431772.0,432322.0,,,
y1_d211_QHX_ANI,13.0,,,,,,,,False,,450872.0,451422.0,,,
y1_d211_QHX_ANI,14.0,,,,,,,,False,,472822.0,473272.0,,,
y1_d211_QHX_ANI,15.0,,,,,,,,False,,494972.0,495522.0,,,
y1_d211_QHX_ANI,19.0,,,,,,,,False,,650172.0,650722.0,,,
y1_d211_QHX_ANI,20.0,,,,,,,,False,,666922.0,667422.0,,,
y1_d211_QHX_ANI,33.0,,,,,,,,False,,1221372.0,1221872.0,,,
y1_d211_QHX_ANI,34.0,,,,,,,,False,,1241822.0,1242322.0,,,
y1_d211_QHX_ANI,36.0,,,,,,,,False,,1307522.0,1307972.0,,,
y1_d211_QHX_ANI,37.0,,,,,,,,False,,1330422.0,1330922.0,,,
y1_d211_QHX_ANI,39.0,,,,,,,,False,,1424472.0,1424922.0,,,
y1_d211_QHX_ANI,83.0,,,,,,,,False,,3169222.0,3169672.0,,,
y1_d211_QHX_ANI,87.0,,,,,,,,False,,3254172.0,3254672.0,,,
y1_d211_QHX_ANI,88.0,,,,,,,,False,,3272722.0,3273272.0,,,
y1_d211_QHX_ANI,89.0,,1.9,0.7,1.2,81.1422518189063,80.44626599239804,74.94866777579595,True,1.4147748675451066,3304572.0,3305072.0,3305772.0,3306972.0,25
y1_d211_QHX_ANI,90.0,,,,,,,,False,,3335722.0,3336272.0,,,
y1_d211_QHX_ANI,109.0,,,,,,,,False,,4149722.0,4150222.0,,,
y1_d211_QHX_ANI,110.0,,,,,,,,False,,4170222.0,4170672.0,,,
y1_d211_QHX_ANI,111.0,,,,,,,,False,,4190872.0,4191372.0,,,
y1_d211_QHX_ANI,112.0,,,,,,,,False,,4214172.0,4214722.0,,,
y1_d211_QHX_ANI,113.0,,,,,,,,False,,4237422.0,4237972.0,,,
y1_d211_QHX_ANI,122.0,,,,,,,,False,,4637722.0,,,,
y1_d211_QHX_ANI,123.0,,,,,,,,False,,4676622.0,4681022.0,,,
y1_d211_QHX_ANI,124.0,,,,,,,,False,,4724622.0,4725072.0,,,
y1_d211_QHX_ANI,125.0,,,,,,,,False,,4745572.0,4746022.0,,,
y1_d211_QHX_ANI,127.0,,,,,,,,False,,4815022.0,4815522.0,,,
y1_d211_QHX_ANI,128.0,,,,,,,,False,,4842972.0,4843472.0,,,
y1_d211_QHX_ANI,130.0,,,,,,,,False,,4906922.0,4907472.0,,,
y1_d211_QHX_ANI,131.0,,,,,,,,False,,4931372.0,4931872.0,,,
y1_d211_QHX_ANI,132.0,,,,,,,,False,,4966272.0,4966772.0,,,
y1_d211_QHX_ANI,133.0,,,,,,,,False,,5002122.0,5002672.0,,,
y1_d211_QHX_ANI,134.0,,,,,,,,False,,5028172.0,5028622.0,,,
y1_d211_QHX_ANI,135.0,,,,,,,,False,,5055322.0,5055872.0,,,
y1_d211_QHX_ANI,138.0,,,,,,,,False,,5163422.0,,,,
y1_d211_QHX_ANI,139.0,,,,,,,,False,,5218972.0,5219472.0,,,
y1_d211_QHX_ANI,148.0,,,,,,,,False,,5592422.0,5592922.0,,,
y1_d211_QHX_ANI,149.0,,,,,,,,False,,5615472.0,5616022.0,,,
y1_d211_QHX_ANI,150.0,,,,,,,,False,,5640572.0,5641072.0,,,
y1_d211_QHX_ANI,153.0,,,,,,,,False,,5891322.0,5891822.0,,,
y1_d211_QHX_ANI,164.0,,,,,,,,False,,6268872.0,6269322.0,,,
y1_d211_QHX_ANI,165.0,,,,,,,,False,,6288372.0,6288822.0,,,
y1_d211_QHX_ANI,166.0,,,,,,,,False,,6306922.0,6307422.0,,,
y1_d211_QHX_ANI,168.0,,,,,,,,False,,6364422.0,6364922.0,,,
y1_d211_QHX_ANI,169.0,,,,,,,,False,,6382972.0,6383422.0,,,
y1_d211_QHX_ANI,195.0,,,,,,,,False,,7488322.0,7488822.0,,,
y1_d211_QHX_ANI,213.0,,,,,,,,False,,8263972.0,8264472.0,,,
y1_d211_QHX_ANI,214.0,,,,,,,,False,,8285322.0,8285772.0,,,
y1_d211_QHX_ANI,216.0,,,,,,,,False,,8332972.0,8333472.0,,,
y1_d211_QHX_ANI,258.0,,,,,,,,False,,10094272.0,10094722.0,,,
y1_d211_QHX_ANI,260.0,,,,,,,,False,,10153822.0,10154272.0,,,
y1_d211_QHX_ANI,264.0,,,,,,,,False,,10278072.0,10278522.0,,,
y1_d211_QHX_ANI,267.0,Safe,1.9,0.6,1.3,71.38190910641943,70.70391271902281,64.69809935111164,True,4.497977122460084,10373622.0,10374172.0,10374772.0,10376072.0,27
y1_d211_QHX_ANI,279.0,,,,,,,,False,,10869872.0,10870322.0,,,
y1_d211_QHX_ANI,280.0,,,,,,,,False,,10891322.0,10891772.0,,,
y1_d211_QHX_ANI,281.0,,,,,,,,False,,10911672.0,10912122.0,,,
y1_d211_QHX_ANI,282.0,,,,,,,,False,,10931222.0,10931722.0,,,
y1_d211_QHX_ANI,283.0,,,,,,,,False,,10955872.0,10956322.0,,,
y1_d211_QHX_ANI,284.0,,,,,,,,False,,10980572.0,10981022.0,,,
y1_d212_PHD_VAS,8.0,,,,,,,,False,,229044.0,229473.0,,,
y1_d212_PHD_VAS,10.0,,,,,,,,False,,330024.0,330552.0,,,
y1_d212_PHD_VAS,80.0,,,,,,,,False,,2697381.0,2697876.0,,,
y1_d212_PHD_VAS,81.0,,,,,,,,False,,2718138.0,2718633.0,,,
y1_d212_PHD_VAS,83.0,,,,,,,,False,,2763018.0,2763513.0,,,
y1_d212_PHD_VAS,118.0,,,,,,,,False,,4145719.0,4146247.0,,,
y1_d212_PHD_VAS,119.0,,,,,,,,False,,4166179.0,4166641.0,,,
y1_d212_PHD_VAS,121.0,,,,,,,,False,,4230595.0,4231123.0,,,
y1_d212_PHD_VAS,151.0,,,,,,,,False,,5263859.0,5264387.0,,,
y1_d212_PHD_VAS,153.0,,,,,,,,False,,5300984.0,5301446.0,,,
y1_d212_PHD_VAS,154.0,,,,,,,,False,,5323325.0,5323787.0,,,
y1_d212_PHD_VAS,156.0,,,,,,,,False,,5360747.0,5361242.0,,,
y1_d212_PHD_VAS,157.0,,,,,,,,False,,5385794.0,5386289.0,,,
y1_d212_PHD_VAS,170.0,,,,,,,,False,,6023883.0,6024444.0,,,
y1_d212_PHD_VAS,171.0,,,,,,,,False,,6049755.0,6050184.0,,,
y1_d212_PHD_VAS,172.0,,,,,,,,False,,6085395.0,6085923.0,,,
y1_d212_PHD_VAS,173.0,,,,,,,,False,,6109914.0,6110442.0,,,
y1_d212_PHD_VAS,188.0,,,,,,,,False,,6625078.0,6625540.0,,,
y1_d212_PHD_VAS,189.0,,,,,,,,False,,6666526.0,6667021.0,,,
y1_d212_PHD_VAS,201.0,,,,,,,,False,,7096450.0,7096978.0,,,
y1_d212_PHD_VAS,202.0,,,,,,,,False,,7116778.0,7117207.0,,,
y1_d212_PHD_VAS,206.0,,,,,,,,False,,7343125.0,7343554.0,,,
y1_d212_PHD_VAS,209.0,,,,,,,,False,,7404835.0,7405330.0,,,
y1_d212_PHD_VAS,212.0,,,,,,,,False,,7468096.0,7468525.0,,,
y1_d212_PHD_VAS,213.0,,2.013,0.693,1.32,75.12464463792908,74.28633074297589,67.59086194767998,True,2.621711081398729,7492087.0,7492582.0,7493275.0,7494595.0,41
y1_d212_PHD_VAS,240.0,,,,,,,,False,,8446481.0,8446976.0,,,
y1_d212_PHD_VAS,243.0,,,,,,,,False,,8535318.0,8535813.0,,,
y1_d212_PHD_VAS,248.0,,,,,,,,False,,8779617.0,8780046.0,,,
y1_d212_PHD_VAS,252.0,,,,,,,,False,,8915907.0,8916402.0,,,
y1_d212_PHD_VAS,253.0,,,,,,,,False,,8935146.0,8935608.0,,,
y1_d212_PHD_VAS,254.0,,,,,,,,False,,8958675.0,8959137.0,,,
y1_d212_PHD_VAS,257.0,,,,,,,,False,,9056718.0,9057147.0,,,
y1_d212_PHD_VAS,259.0,,,,,,,,False,,9127767.0,9128229.0,,,
y1_d212_PHD_VAS,265.0,,,,,,,,False,,9394638.0,9395199.0,,,
y1_d212_PHD_VAS,266.0,,,,,,,,False,,9411798.0,9412293.0,,,
y1_d212_PHD_VAS,268.0,,,,,,,,False,,9459582.0,9460110.0,,,
y1_d212_PHD_VAS,269.0,,,,,,,,False,,9492054.0,9492582.0,,,
y1_d212_PHD_VAS,272.0,,,,,,,,False,,9582343.0,9582838.0,,,
y1_d212_PHD_VAS,273.0,,,,,,,,False,,9599371.0,9599932.0,,,
y1_d212_PHD_VAS,325.0,,,,,,,,False,,11711307.0,11711769.0,,,
y1_d212_PHD_VAS,326.0,,,,,,,,False,,11732922.0,11733351.0,,,
y1_d212_PHD_VAS,328.0,,,,,,,,False,,11806149.0,11806578.0,,,
y1_d212_PHD_VAS,329.0,,,,,,,,False,,11824464.0,11824992.0,,,
y1_d212_PWH_ARN,2.0,,,,,,,,False,,63058.0,63553.0,,,
y1_d212_PWH_ARN,3.0,,,,,,,,False,,88732.0,89293.0,,,
y1_d212_PWH_ARN,7.0,,,,,,,,False,,181628.0,182123.0,,,
y1_d212_PWH_ARN,8.0,,,,,,,,False,,200438.0,200966.0,,,
y1_d212_PWH_ARN,15.0,,,,,,,,False,,387680.0,388208.0,,,
y1_d212_PWH_ARN,19.0,,,,,,,,False,,482489.0,483017.0,,,
y1_d212_PWH_ARN,21.0,,,,,,,,False,,533210.0,533738.0,,,
y1_d212_PWH_ARN,23.0,,,,,,,,False,,577892.0,578387.0,,,
y1_d212_PWH_ARN,24.0,,,,,,,,False,,602510.0,603038.0,,,
y1_d212_PWH_ARN,49.0,,,,,,,,False,,1418172.0,1418700.0,,,
y1_d212_PWH_ARN,50.0,,,,,,,,False,,1438203.0,1438698.0,,,
y1_d212_PWH_ARN,51.0,Safe,,,,,,,False,,1461072.0,1461567.0,,,
y1_d212_PWH_ARN,59.0,,,,,,,,False,,1663461.0,1663956.0,,,
y1_d212_PWH_ARN,60.0,,,,,,,,False,,1686858.0,1687320.0,,,
y1_d212_PWH_ARN,61.0,,,,,,,,False,,1706427.0,1706922.0,,,
y1_d212_PWH_ARN,75.0,Safe,,,,,,,False,,2147373.0,2151861.0,,,
y1_d212_PWH_ARN,77.0,,,,,,,,False,,2226475.0,2226970.0,,,
y1_d212_PWH_ARN,78.0,,,,,,,,False,,2244724.0,2245219.0,,,
y1_d212_PWH_ARN,79.0,,,,,,,,False,,2262907.0,2263435.0,,,
y1_d212_PWH_ARN,103.0,,,,,,,,False,,3070186.0,3070681.0,,,
y1_d212_PWH_ARN,105.0,,,,,,,,False,,3108202.0,3108730.0,,,
y1_d212_PWH_ARN,106.0,,,,,,,,False,,3142588.0,3143083.0,,,
y1_d212_PWH_ARN,107.0,,,,,,,,False,,3163939.0,3164467.0,,,
y1_d212_PWH_ARN,109.0,,,,,,,,False,,3217961.0,3218456.0,,,
y1_d212_PWH_ARN,167.0,,,,,,,,False,,5178592.0,5179120.0,,,
y1_d212_PWH_ARN,168.0,,,,,,,,False,,5196610.0,5197138.0,,,
y1_d212_PWH_ARN,169.0,,,,,,,,False,,5217202.0,5217763.0,,,
y1_d212_PWH_ARN,170.0,,,,,,,,False,,5240071.0,5240599.0,,,
y1_d212_PWH_ARN,209.0,,,,,,,,False,,6937097.0,6937559.0,,,
y1_d212_PWH_ARN,210.0,,,,,,,,False,,6953762.0,6954257.0,,,
y1_d212_PWH_ARN,211.0,,,,,,,,False,,6970229.0,6970724.0,,,
y1_d212_PWH_ARN,212.0,,,,,,,,False,,6991415.0,6991877.0,,,
y1_d212_PWH_ARN,213.0,,,,,,,,False,,7009829.0,7010357.0,,,
y1_d212_PWH_ARN,214.0,,,,,,,,False,,7041509.0,7041971.0,,,
y1_d212_PWH_ARN,232.0,,,,,,,,False,,7767906.0,7768434.0,,,
y1_d212_PWH_ARN,234.0,,,,,,,,False,,7813677.0,7814172.0,,,
y1_d212_PWH_ARN,235.0,,,,,,,,False,,7850208.0,7850670.0,,,
y1_d212_PWH_ARN,236.0,,,,,,,,False,,7870635.0,7871064.0,,,
y1_d212_PWH_ARN,237.0,,,,,,,,False,,7893174.0,7893636.0,,,
y1_d212_PWH_ARN,239.0,,,,,,,,False,,7945446.0,,,,
y1_d212_PWH_ARN,240.0,,,,,,,,False,,7996035.0,7996497.0,,,
y1_d212_PWH_ARN,280.0,,,,,,,,False,,9431075.0,9431537.0,,,
y1_d212_PWH_ARN,281.0,,,,,,,,False,,9449786.0,9450314.0,,,
y1_d212_PWH_ARN,284.0,,,,,,,,False,,9535124.0,9535586.0,,,
y1_d212_QHX_ANI,71.0,,,,,,,,False,,2180446.0,2180908.0,,,
y1_d212_QHX_ANI,117.0,,,,,,,,False,,4017129.0,4017624.0,,,
y1_d212_QHX_ANI,118.0,,,,,,,,False,,4030626.0,4031088.0,,,
y1_d212_QHX_ANI,119.0,,,,,,,,False,,4044189.0,4044684.0,,,
y1_d212_QHX_ANI,148.0,,,,,,,,False,,4935091.0,4935619.0,,,
y1_d212_QHX_ANI,181.0,,,,,,,,False,,5939150.0,5939678.0,,,
y1_d212_QHX_ANI,182.0,,,,,,,,False,,5959313.0,5959775.0,,,
y1_d212_QHX_ANI,184.0,,,,,,,,False,,5996966.0,5997494.0,,,
y1_d212_QHX_ANI,185.0,,,,,,,,False,,6017558.0,6018020.0,,,
y1_d212_QHX_ANI,186.0,,,,,,,,False,,6038612.0,6039140.0,,,
y1_d212_QHX_ANI,189.0,,1.98,0.792,1.188,79.56041055058176,78.85848113425413,73.48860402584695,True,1.014645689273767,6231921.0,6232416.0,6233208.0,6234396.0,37
y1_d212_QHX_ANI,196.0,,,,,,,,False,,6469752.0,6470247.0,,,
y1_d212_QHX_ANI,202.0,,,,,,,,False,,6618813.0,6619308.0,,,
y1_d212_QHX_ANI,203.0,,,,,,,,False,,6632541.0,6633003.0,,,
y1_d212_QHX_ANI,234.0,,,,,,,,False,,7722499.0,7722961.0,,,
y1_d212_QHX_ANI,235.0,,,,,,,,False,,7741639.0,7742200.0,,,
y1_d212_QHX_ANI,237.0,,,,,,,,False,,7787608.0,7788103.0,,,
y1_d212_QHX_ANI,244.0,,,,,,,,False,,8063258.0,8063720.0,,,
y1_d212_QHX_ANI,245.0,,,,,,,,False,,8078702.0,8079230.0,,,
y1_d212_QHX_ANI,262.0,,,,,,,,False,,8466914.0,8467409.0,,,
y1_d212_QHX_ANI,263.0,,,,,,,,False,,8499221.0,8499749.0,,,
y1_d212_QHX_ANI,273.0,,,,,,,,False,,8915220.0,8915649.0,,,
y1_d212_QHX_ANI,274.0,,,,,,,,False,,8934228.0,8934657.0,,,
y1_d212_QHX_ANI,275.0,,,,,,,,False,,8955249.0,8955711.0,,,
y1_d212_QHX_ANI,276.0,,,,,,,,False,,8975478.0,8975940.0,,,
y1_d212_QHX_ANI,284.0,,,,,,,,False,,9226509.0,9227037.0,,,
y1_d213_HNO_ARN,6.0,,,,,,,,False,,176707.0,177169.0,,,
y1_d213_HNO_ARN,13.0,,,,,,,,False,,393220.0,393748.0,,,
y1_d213_HNO_ARN,52.0,,,,,,,,False,,1976232.0,1976760.0,,,
y1_d213_HNO_ARN,55.0,,,,,,,,False,,2038734.0,2039262.0,,,
y1_d213_HNO_ARN,60.0,,,,,,,,False,,2173308.0,2173803.0,,,
y1_d213_HNO_ARN,62.0,,,,,,,,False,,2230860.0,2231322.0,,,
y1_d213_HNO_ARN,63.0,,,,,,,,False,,2252376.0,2252904.0,,,
y1_d213_HNO_ARN,65.0,,,,,,,,False,,2309730.0,2310258.0,,,
y1_d213_HNO_ARN,68.0,,,,,,,,False,,2396223.0,2396718.0,,,
y1_d213_HNO_ARN,110.0,,,,,,,,False,,3798692.0,3799154.0,,,
y1_d213_HNO_ARN,111.0,,,,,,,,False,,3818756.0,3819218.0,,,
y1_d213_HNO_ARN,124.0,,,,,,,,False,,4193174.0,4193669.0,,,
y1_d213_HNO_ARN,125.0,,,,,,,,False,,4208915.0,4209377.0,,,
y1_d213_HNO_ARN,183.0,,,,,,,,False,,5983492.0,5983987.0,,,
y1_d213_HNO_ARN,185.0,,,,,,,,False,,6017449.0,6017944.0,,,
y1_d213_HNO_ARN,186.0,,,,,,,,False,,6033454.0,6033949.0,,,
y1_d213_HNO_ARN,205.0,,,,,,,,False,,6905612.0,6906173.0,,,
y1_d213_HNO_ARN,206.0,,,,,,,,False,,6920528.0,6920990.0,,,
y1_d213_HNO_ARN,234.0,,,,,,,,False,,8239638.0,8240166.0,,,
y1_d213_HNO_ARN,235.0,,,,,,,,False,,8258151.0,8258613.0,,,
y1_d213_HNO_ARN,243.0,,,,,,,,False,,8674216.0,8674777.0,,,
y1_d213_HNO_ARN,245.0,,,,,,,,False,,8748268.0,8748763.0,,,
y1_d213_HNO_ARN,246.0,Safe,,,,,,,False,,8763481.0,8764009.0,,,
y1_d213_HNO_ARN,253.0,,,,,,,,False,,8997583.0,8998078.0,,,
y1_d213_HNO_ARN,254.0,,,,,,,,False,,9027877.0,9028339.0,,,
y1_d213_HNO_ARN,255.0,,,,,,,,False,,9046984.0,9047545.0,,,
y1_d213_HNO_ARN,257.0,,,,,,,,False,,9101731.0,9102292.0,,,
y1_d213_HNO_ARN,276.0,,,,,,,,False,,9999299.0,9999761.0,,,
y1_d213_HNO_ARN,277.0,,,,,,,,False,,10019792.0,10020320.0,,,
y1_d213_HNO_ARN,278.0,,,,,,,,False,,10043156.0,10043618.0,,,
y1_d213_HNO_ARN,279.0,,,,,,,,False,,10064309.0,10064771.0,,,
y1_d213_HNO_ARN,281.0,,,,,,,,False,,10124435.0,10124897.0,,,
y1_d213_HNO_ARN,292.0,,,,,,,,False,,10641315.0,10641777.0,,,
y1_d213_HNO_ARN,309.0,,,,,,,,False,,11338803.0,11339265.0,,,
y1_d213_HNO_ARN,310.0,,,,,,,,False,,11355369.0,11355864.0,,,
y1_d213_HNO_ARN,311.0,,,,,,,,False,,11387313.0,11389887.0,,,
y1_d213_HNO_ARN,312.0,,,,,,,,False,,11421534.0,11422029.0,,,
y1_d213_HNO_ARN,313.0,,,,,,,,False,,11441995.0,,,,
y1_d213_HNO_ARN,314.0,,,,,,,,False,,11485225.0,11485687.0,,,
y1_d213_HNO_ARN,315.0,,,2.64,,,,,False,,11541853.0,11542315.0,11544955.0,,
y1_d214_ARN_VAS,14.0,,,,,,,,False,,455452.0,455952.0,,,
y1_d214_ARN_VAS,15.0,,,,,,,,False,,477652.0,478152.0,,,
y1_d214_ARN_VAS,17.0,,,,,,,,False,,532052.0,532552.0,,,
y1_d214_ARN_VAS,18.0,,,,,,,,False,,559452.0,559952.0,,,
y1_d214_ARN_VAS,20.0,,,,,,,,False,,607202.0,607752.0,,,
y1_d214_ARN_VAS,38.0,,,,,,,,False,,1280502.0,1281002.0,,,
y1_d214_ARN_VAS,61.0,,,,,,,,False,,2016452.0,2017002.0,,,
y1_d214_ARN_VAS,62.0,,,,,,,,False,,2046102.0,2046602.0,,,
y1_d214_ARN_VAS,63.0,,,,,,,,False,,2068902.0,2069452.0,,,
y1_d214_ARN_VAS,64.0,,,,,,,,False,,2087052.0,2087502.0,,,
y1_d214_ARN_VAS,130.0,,,,,,,,False,,4193202.0,4193702.0,,,
y1_d214_ARN_VAS,131.0,,,,,,,,False,,4221802.0,4222302.0,,,
y1_d214_ARN_VAS,135.0,,,,,,,,False,,4469152.0,4469752.0,,,
y1_d214_ARN_VAS,138.0,,1.85,0.6,1.25,78.40946154611875,77.4857164441267,70.03241848212473,True,4.805386581650969,4553502.0,4554002.0,4554602.0,4555852.0,26
y1_d214_ARN_VAS,179.0,,,,,,,,False,,5787402.0,5788002.0,,,
y1_d214_ARN_VAS,180.0,,,,,,,,False,,5809102.0,5809702.0,,,
y1_d214_ARN_VAS,181.0,,,,,,,,False,,5881102.0,5881702.0,,,
y1_d214_ARN_VAS,184.0,,,,,,,,False,,5962402.0,5962902.0,,,
y1_d214_ARN_VAS,185.0,,,,,,,,False,,5985802.0,5986352.0,,,
y1_d214_ARN_VAS,198.0,,,,,,,,False,,6516002.0,6516452.0,,,
y1_d214_ARN_VAS,199.0,,,,,,,,False,,6536202.0,6536652.0,,,
y1_d214_ARN_VAS,200.0,,,,,,,,False,,6558602.0,6559052.0,,,
y1_d214_ARN_VAS,201.0,,,,,,,,False,,6606652.0,6607152.0,,,
y1_d214_ARN_VAS,284.0,,,,,,,,False,,9477452.0,9477952.0,,,
y1_d214_ARN_VAS,285.0,,,,,,,,False,,9494902.0,9495402.0,,,
y1_d214_ARN_VAS,286.0,,,,,,,,False,,9519752.0,9520252.0,,,
y1_d214_ARN_VAS,294.0,,,,,,,,False,,9809602.0,9810152.0,,,
y1_d214_ARN_VAS,295.0,,,,,,,,False,,9823852.0,9824302.0,,,
y1_d214_ARN_VAS,296.0,,,,,,,,False,,9841952.0,9842402.0,,,
y1_d214_ARN_VAS,297.0,,,,,,,,False,,9863852.0,9864352.0,,,
y1_d214_ARN_VAS,298.0,,,,,,,,False,,9881602.0,9882052.0,,,
y1_d216_ARN_VAS,17.0,,,,,,,,False,,375511.0,376011.0,,,
y1_d216_ARN_VAS,18.0,,,,,,,,False,,395011.0,395461.0,,,
y1_d216_ARN_VAS,19.0,,,,,,,,False,,415211.0,415711.0,,,
y1_d216_ARN_VAS,28.0,,,,,,,,False,,732561.0,733011.0,,,
y1_d216_ARN_VAS,29.0,,,,,,,,False,,755461.0,755911.0,,,
y1_d216_ARN_VAS,30.0,,,,,,,,False,,783311.0,783761.0,,,
y1_d216_ARN_VAS,32.0,,,,,,,,False,,848011.0,848511.0,,,
y1_d216_ARN_VAS,33.0,,,,,,,,False,,885711.0,886211.0,,,
y1_d216_ARN_VAS,35.0,,,,,,,,False,,941411.0,941861.0,,,
y1_d216_ARN_VAS,38.0,,,,,,,,False,,1078161.0,1078611.0,,,
y1_d216_ARN_VAS,39.0,,,,,,,,False,,1101211.0,1101761.0,,,
y1_d216_ARN_VAS,40.0,,,,,,,,False,,1126061.0,1126561.0,,,
y1_d216_ARN_VAS,71.0,,,,,,,,False,,2043161.0,2043611.0,,,
y1_d216_ARN_VAS,72.0,,,,,,,,False,,2064111.0,2064611.0,,,
y1_d216_ARN_VAS,73.0,,,,,,,,False,,2087461.0,2088011.0,,,
y1_d216_ARN_VAS,79.0,,,,,,,,False,,2273761.0,2274311.0,,,
y1_d216_ARN_VAS,81.0,,,,,,,,False,,2324011.0,2324461.0,,,
y1_d216_ARN_VAS,82.0,,,,,,,,False,,2344561.0,2345061.0,,,
y1_d216_ARN_VAS,103.0,,,,,,,,False,,3005661.0,3006161.0,,,
y1_d216_ARN_VAS,153.0,,,,,,,,False,,4669761.0,4670311.0,,,
y1_d216_ARN_VAS,154.0,,,,,,,,False,,4691011.0,4691511.0,,,
y1_d216_ARN_VAS,155.0,,,,,,,,False,,4712861.0,4713311.0,,,
y1_d216_ARN_VAS,156.0,,,,,,,,False,,4733461.0,4733961.0,,,
y1_d216_ARN_VAS,172.0,,,,,,,,False,,5328011.0,5328561.0,,,
y1_d216_ARN_VAS,173.0,,,,,,,,False,,5348561.0,5349111.0,,,
y1_d216_ARN_VAS,174.0,,,,,,,,False,,5371411.0,5371911.0,,,
y1_d216_ARN_VAS,180.0,,,,,,,,False,,5685111.0,5685561.0,,,
y1_d216_ARN_VAS,181.0,,,,,,,,False,,5705211.0,5705661.0,,,
y1_d216_ARN_VAS,183.0,,,,,,,,False,,5761411.0,5761911.0,,,
y1_d216_ARN_VAS,184.0,,,,,,,,False,,5792011.0,5792461.0,,,
y1_d216_ARN_VAS,210.0,,,,,,,,False,,6595411.0,6595911.0,,,
y1_d216_ARN_VAS,212.0,,,,,,,,False,,6641561.0,6642011.0,,,
y1_d216_ARN_VAS,213.0,,,,,,,,False,,6662761.0,6663211.0,,,
y1_d216_ARN_VAS,231.0,,,,,,,,False,,7299761.0,7300261.0,,,
y1_d216_ARN_VAS,232.0,,,,,,,,False,,7317211.0,7317761.0,,,
y1_d216_ARN_VAS,233.0,,,,,,,,False,,7343011.0,7343561.0,,,
y1_d216_ARN_VAS,235.0,,,,,,,,False,,7410711.0,7411261.0,,,
y1_d216_ARN_VAS,236.0,,,,,,,,False,,7426561.0,7427111.0,,,
y1_d216_ARN_VAS,265.0,,,,,,,,False,,8713261.0,8713761.0,,,
y1_d216_ARN_VAS,279.0,,,,,,,,False,,9271361.0,9271811.0,,,
y1_d217_VAS_ARN,9.0,,,,,,,,False,,226036.0,226486.0,,,
y1_d217_VAS_ARN,10.0,,,,,,,,False,,246736.0,247186.0,,,
y1_d217_VAS_ARN,11.0,,,,,,,,False,,269186.0,269636.0,,,
y1_d217_VAS_ARN,12.0,,,,,,,,False,,296786.0,297286.0,,,
y1_d217_VAS_ARN,13.0,,,,,,,,False,,329936.0,330386.0,,,
y1_d217_VAS_ARN,14.0,,,,,,,,False,,349636.0,350136.0,,,
y1_d217_VAS_ARN,15.0,,,,,,,,False,,376886.0,377336.0,,,
y1_d217_VAS_ARN,16.0,,,,,,,,False,,399836.0,400286.0,,,
y1_d217_VAS_ARN,17.0,,,,,,,,False,,425286.0,425736.0,,,
y1_d217_VAS_ARN,32.0,,,,,,,,False,,970586.0,971036.0,,,
y1_d217_VAS_ARN,33.0,,,,,,,,False,,991136.0,991586.0,,,
y1_d217_VAS_ARN,34.0,Safe,,,,,,,False,,1014236.0,1014736.0,,,
y1_d217_VAS_ARN,50.0,,,,,,,,False,,1571986.0,1572436.0,,,
y1_d217_VAS_ARN,52.0,,,,,,,,False,,1668386.0,1668936.0,,,
y1_d217_VAS_ARN,54.0,,,,,,,,False,,1726936.0,1727386.0,,,
y1_d217_VAS_ARN,55.0,,,,,,,,False,,1754236.0,1754786.0,,,
y1_d217_VAS_ARN,106.0,,,,,,,,False,,3491786.0,3492336.0,,,
y1_d217_VAS_ARN,111.0,,,,,,,,False,,3685686.0,3686186.0,,,
y1_d217_VAS_ARN,134.0,,,,,,,,False,,4460986.0,4461486.0,,,
y1_d217_VAS_ARN,135.0,,,,,,,,False,,4484086.0,4484536.0,,,
y1_d217_VAS_ARN,136.0,,,,,,,,False,,4512236.0,4512686.0,,,
y1_d217_VAS_ARN,137.0,,,,,,,,False,,4533386.0,4533836.0,,,
y1_d217_VAS_ARN,172.0,,,,,,,,False,,5500786.0,5501286.0,,,
y1_d217_VAS_ARN,173.0,,,,,,,,False,,5523486.0,5523936.0,,,
y1_d217_VAS_ARN,174.0,,,,,,,,False,,5546036.0,5546536.0,,,
y1_d217_VAS_ARN,175.0,,,,,,,,False,,5568786.0,5569236.0,,,
y1_d217_VAS_ARN,186.0,,,,,,,,False,,6094036.0,6094486.0,,,
y1_d217_VAS_ARN,188.0,,,,,,,,False,,6136086.0,6136586.0,,,
y1_d217_VAS_ARN,189.0,,,,,,,,False,,6167736.0,6168286.0,,,
y1_d217_VAS_ARN,190.0,,,,,,,,False,,6187686.0,6188136.0,,,
y1_d217_VAS_ARN,191.0,,,,,,,,False,,6211186.0,6211686.0,,,
y1_d217_VAS_ARN,192.0,,,,,,,,False,,6229636.0,6230186.0,,,
y1_d217_VAS_ARN,197.0,,,,,,,,False,,6456386.0,6456886.0,,,
y1_d217_VAS_ARN,199.0,,,,,,,,False,,6481586.0,6482086.0,,,
y1_d217_VAS_ARN,200.0,,,,,,,,False,,6496836.0,6497336.0,,,
y1_d217_VAS_ARN,203.0,,,,,,,,False,,6572186.0,6572686.0,,,
y1_d217_VAS_ARN,260.0,,,,,,,,False,,8334236.0,8334736.0,,,
y1_d217_VAS_ARN,263.0,,,,,,,,False,,8388486.0,8388986.0,,,
y1_d217_VAS_ARN,264.0,,,,,,,,False,,8412636.0,8413136.0,,,
y1_d217_VAS_ARN,265.0,,,,,,,,False,,8429236.0,8429736.0,,,
y1_d217_VAS_ARN,267.0,,,,,,,,False,,8599136.0,8599736.0,,,
y1_d217_VAS_ARN,268.0,,,,,,,,False,,8615536.0,8615986.0,,,
y1_d217_VAS_ARN,306.0,,,,,,,,False,,9838386.0,9838886.0,,,
y1_d217_VAS_ARN,340.0,,,,,,,,False,,10955186.0,10955636.0,,,
y1_d217_VAS_ARN,341.0,,,,,,,,False,,10978586.0,10979136.0,,,
y1_d217_VAS_ARN,342.0,,,,,,,,False,,11002086.0,11002586.0,,,
y1_d217_VAS_ARN,343.0,,,,,,,,False,,11026936.0,11027436.0,,,
y1_d217_VAS_ARN,346.0,,,,,,,,False,,11114436.0,11114886.0,,,
y1_d217_VAS_ARN,348.0,,,,,,,,False,,11179636.0,11180136.0,,,
y1_d217_VAS_ARN,350.0,,,,,,,,False,,11258636.0,11259136.0,,,
